API名称,语言,SDK变更版本,影响版本,标题,代码位置,修复状态,变更类型
"openCustomDialog<T extends Object>(dialogContent: ComponentContent<T>, options?: promptAction.BaseDialogOptions): Promise<void>",ArkTS,7.0.0(26) Beta1,26.0.0 - 26.0.0(26.0.0),"=HYPERLINK(""https://developer.huawei.com/consumer/cn/doc/harmonyos-releases/changelogs-ux-7001/#ch2026032761266"",""Dialog、Toast、AlphabetIndexer和文本选择菜单默认开启沉浸式系统材质"")",ngf_framework\src\main\ets\uiShell\facades\OverlayManagerFacade.ets:18,未修复,UX视觉布局变更
function openToast(options: ShowToastOptions): Promise<number>,ArkTS,7.0.0(26) Beta1,26.0.0 - 26.0.0(26.0.0),"=HYPERLINK(""https://developer.huawei.com/consumer/cn/doc/harmonyos-releases/changelogs-ux-7001/#ch2026032761266"",""Dialog、Toast、AlphabetIndexer和文本选择菜单默认开启沉浸式系统材质"")",ngf_framework\src\main\ets\uiShell\facades\OverlayManagerFacade.ets:95,未修复,UX视觉布局变更
showToast(options: promptAction.ShowToastOptions): void,ArkTS,7.0.0(26) Beta1,26.0.0 - 26.0.0(26.0.0),"=HYPERLINK(""https://developer.huawei.com/consumer/cn/doc/harmonyos-releases/changelogs-ux-7001/#ch2026032761266"",""Dialog、Toast、AlphabetIndexer和文本选择菜单默认开启沉浸式系统材质"")",entry\src\main\ets\pages\ngf\MainMenuPage.ets:1437,未修复,UX视觉布局变更
showToast(options: promptAction.ShowToastOptions): void,ArkTS,7.0.0(26) Beta1,26.0.0 - 26.0.0(26.0.0),"=HYPERLINK(""https://developer.huawei.com/consumer/cn/doc/harmonyos-releases/changelogs-ux-7001/#ch2026032761266"",""Dialog、Toast、AlphabetIndexer和文本选择菜单默认开启沉浸式系统材质"")",entry\src\main\ets\pages\ngf\MainMenuPage.ets:632,未修复,UX视觉布局变更
showToast(options: promptAction.ShowToastOptions): void,ArkTS,7.0.0(26) Beta1,26.0.0 - 26.0.0(26.0.0),"=HYPERLINK(""https://developer.huawei.com/consumer/cn/doc/harmonyos-releases/changelogs-ux-7001/#ch2026032761266"",""Dialog、Toast、AlphabetIndexer和文本选择菜单默认开启沉浸式系统材质"")",entry\src\main\ets\pages\ngf\NGFDemoDataStoragePage.ets:162,未修复,UX视觉布局变更
showToast(options: promptAction.ShowToastOptions): void,ArkTS,7.0.0(26) Beta1,26.0.0 - 26.0.0(26.0.0),"=HYPERLINK(""https://developer.huawei.com/consumer/cn/doc/harmonyos-releases/changelogs-ux-7001/#ch2026032761266"",""Dialog、Toast、AlphabetIndexer和文本选择菜单默认开启沉浸式系统材质"")",entry\src\main\ets\pages\ngf\SystemResourcePreviewPage.ets:223,未修复,UX视觉布局变更
openToast(options: promptAction.ShowToastOptions): Promise<number>,ArkTS,7.0.0(26) Beta1,26.0.0 - 26.0.0(26.0.0),"=HYPERLINK(""https://developer.huawei.com/consumer/cn/doc/harmonyos-releases/changelogs-ux-7001/#ch2026032761266"",""Dialog、Toast、AlphabetIndexer和文本选择菜单默认开启沉浸式系统材质"")",entry\src\main\ets\pages\ngf\NGFTaskManagerPage.ets:213,未修复,UX视觉布局变更
openToast(options: promptAction.ShowToastOptions): Promise<number>,ArkTS,7.0.0(26) Beta1,26.0.0 - 26.0.0(26.0.0),"=HYPERLINK(""https://developer.huawei.com/consumer/cn/doc/harmonyos-releases/changelogs-ux-7001/#ch2026032761266"",""Dialog、Toast、AlphabetIndexer和文本选择菜单默认开启沉浸式系统材质"")",entry\src\main\ets\pages\ngf\NGFTaskManagerPage.ets:220,未修复,UX视觉布局变更
openToast(options: promptAction.ShowToastOptions): Promise<number>,ArkTS,7.0.0(26) Beta1,26.0.0 - 26.0.0(26.0.0),"=HYPERLINK(""https://developer.huawei.com/consumer/cn/doc/harmonyos-releases/changelogs-ux-7001/#ch2026032761266"",""Dialog、Toast、AlphabetIndexer和文本选择菜单默认开启沉浸式系统材质"")",entry\src\main\ets\pages\ngf\SystemResourcePreviewPage.ets:752,未修复,UX视觉布局变更
openToast(options: promptAction.ShowToastOptions): Promise<number>,ArkTS,7.0.0(26) Beta1,26.0.0 - 26.0.0(26.0.0),"=HYPERLINK(""https://developer.huawei.com/consumer/cn/doc/harmonyos-releases/changelogs-ux-7001/#ch2026032761266"",""Dialog、Toast、AlphabetIndexer和文本选择菜单默认开启沉浸式系统材质"")",entry\src\main\ets\pages\ngf\SystemResourcePreviewPage.ets:758,未修复,UX视觉布局变更
openToast(options: promptAction.ShowToastOptions): Promise<number>,ArkTS,7.0.0(26) Beta1,26.0.0 - 26.0.0(26.0.0),"=HYPERLINK(""https://developer.huawei.com/consumer/cn/doc/harmonyos-releases/changelogs-ux-7001/#ch2026032761266"",""Dialog、Toast、AlphabetIndexer和文本选择菜单默认开启沉浸式系统材质"")",ngf_framework\src\main\ets\uiShell\facades\OverlayManagerFacade.ets:83,未修复,UX视觉布局变更
declare const Text: TextInterface,ArkTS,7.0.0(26) Beta1,26.0.0 - 26.0.0(26.0.0),"=HYPERLINK(""https://developer.huawei.com/consumer/cn/doc/harmonyos-releases/changelogs-ux-7001/#ch2026032761266"",""Dialog、Toast、AlphabetIndexer和文本选择菜单默认开启沉浸式系统材质"")",entry\src\main\ets\pages\ngf\HdsIntegratedShowcasePage.ets:1001,未修复,UX视觉布局变更
declare const Text: TextInterface,ArkTS,7.0.0(26) Beta1,26.0.0 - 26.0.0(26.0.0),"=HYPERLINK(""https://developer.huawei.com/consumer/cn/doc/harmonyos-releases/changelogs-ux-7001/#ch2026032761266"",""Dialog、Toast、AlphabetIndexer和文本选择菜单默认开启沉浸式系统材质"")",entry\src\main\ets\pages\ngf\HdsIntegratedShowcasePage.ets:1007,未修复,UX视觉布局变更
declare const Text: TextInterface,ArkTS,7.0.0(26) Beta1,26.0.0 - 26.0.0(26.0.0),"=HYPERLINK(""https://developer.huawei.com/consumer/cn/doc/harmonyos-releases/changelogs-ux-7001/#ch2026032761266"",""Dialog、Toast、AlphabetIndexer和文本选择菜单默认开启沉浸式系统材质"")",entry\src\main\ets\pages\ngf\HdsIntegratedShowcasePage.ets:1012,未修复,UX视觉布局变更
declare const Text: TextInterface,ArkTS,7.0.0(26) Beta1,26.0.0 - 26.0.0(26.0.0),"=HYPERLINK(""https://developer.huawei.com/consumer/cn/doc/harmonyos-releases/changelogs-ux-7001/#ch2026032761266"",""Dialog、Toast、AlphabetIndexer和文本选择菜单默认开启沉浸式系统材质"")",entry\src\main\ets\pages\ngf\HdsIntegratedShowcasePage.ets:1102,未修复,UX视觉布局变更
declare const Text: TextInterface,ArkTS,7.0.0(26) Beta1,26.0.0 - 26.0.0(26.0.0),"=HYPERLINK(""https://developer.huawei.com/consumer/cn/doc/harmonyos-releases/changelogs-ux-7001/#ch2026032761266"",""Dialog、Toast、AlphabetIndexer和文本选择菜单默认开启沉浸式系统材质"")",entry\src\main\ets\pages\ngf\HdsIntegratedShowcasePage.ets:1107,未修复,UX视觉布局变更
declare const Text: TextInterface,ArkTS,7.0.0(26) Beta1,26.0.0 - 26.0.0(26.0.0),"=HYPERLINK(""https://developer.huawei.com/consumer/cn/doc/harmonyos-releases/changelogs-ux-7001/#ch2026032761266"",""Dialog、Toast、AlphabetIndexer和文本选择菜单默认开启沉浸式系统材质"")",entry\src\main\ets\pages\ngf\HdsIntegratedShowcasePage.ets:579,未修复,UX视觉布局变更
declare const Text: TextInterface,ArkTS,7.0.0(26) Beta1,26.0.0 - 26.0.0(26.0.0),"=HYPERLINK(""https://developer.huawei.com/consumer/cn/doc/harmonyos-releases/changelogs-ux-7001/#ch2026032761266"",""Dialog、Toast、AlphabetIndexer和文本选择菜单默认开启沉浸式系统材质"")",entry\src\main\ets\pages\ngf\HdsIntegratedShowcasePage.ets:584,未修复,UX视觉布局变更
declare const Text: TextInterface,ArkTS,7.0.0(26) Beta1,26.0.0 - 26.0.0(26.0.0),"=HYPERLINK(""https://developer.huawei.com/consumer/cn/doc/harmonyos-releases/changelogs-ux-7001/#ch2026032761266"",""Dialog、Toast、AlphabetIndexer和文本选择菜单默认开启沉浸式系统材质"")",entry\src\main\ets\pages\ngf\HdsIntegratedShowcasePage.ets:589,未修复,UX视觉布局变更
declare const Text: TextInterface,ArkTS,7.0.0(26) Beta1,26.0.0 - 26.0.0(26.0.0),"=HYPERLINK(""https://developer.huawei.com/consumer/cn/doc/harmonyos-releases/changelogs-ux-7001/#ch2026032761266"",""Dialog、Toast、AlphabetIndexer和文本选择菜单默认开启沉浸式系统材质"")",entry\src\main\ets\pages\ngf\HdsIntegratedShowcasePage.ets:593,未修复,UX视觉布局变更
declare const Text: TextInterface,ArkTS,7.0.0(26) Beta1,26.0.0 - 26.0.0(26.0.0),"=HYPERLINK(""https://developer.huawei.com/consumer/cn/doc/harmonyos-releases/changelogs-ux-7001/#ch2026032761266"",""Dialog、Toast、AlphabetIndexer和文本选择菜单默认开启沉浸式系统材质"")",entry\src\main\ets\pages\ngf\HdsIntegratedShowcasePage.ets:617,未修复,UX视觉布局变更
declare const Text: TextInterface,ArkTS,7.0.0(26) Beta1,26.0.0 - 26.0.0(26.0.0),"=HYPERLINK(""https://developer.huawei.com/consumer/cn/doc/harmonyos-releases/changelogs-ux-7001/#ch2026032761266"",""Dialog、Toast、AlphabetIndexer和文本选择菜单默认开启沉浸式系统材质"")",entry\src\main\ets\pages\ngf\HdsIntegratedShowcasePage.ets:635,未修复,UX视觉布局变更
declare const Text: TextInterface,ArkTS,7.0.0(26) Beta1,26.0.0 - 26.0.0(26.0.0),"=HYPERLINK(""https://developer.huawei.com/consumer/cn/doc/harmonyos-releases/changelogs-ux-7001/#ch2026032761266"",""Dialog、Toast、AlphabetIndexer和文本选择菜单默认开启沉浸式系统材质"")",entry\src\main\ets\pages\ngf\HdsIntegratedShowcasePage.ets:640,未修复,UX视觉布局变更
declare const Text: TextInterface,ArkTS,7.0.0(26) Beta1,26.0.0 - 26.0.0(26.0.0),"=HYPERLINK(""https://developer.huawei.com/consumer/cn/doc/harmonyos-releases/changelogs-ux-7001/#ch2026032761266"",""Dialog、Toast、AlphabetIndexer和文本选择菜单默认开启沉浸式系统材质"")",entry\src\main\ets\pages\ngf\HdsIntegratedShowcasePage.ets:647,未修复,UX视觉布局变更
declare const Text: TextInterface,ArkTS,7.0.0(26) Beta1,26.0.0 - 26.0.0(26.0.0),"=HYPERLINK(""https://developer.huawei.com/consumer/cn/doc/harmonyos-releases/changelogs-ux-7001/#ch2026032761266"",""Dialog、Toast、AlphabetIndexer和文本选择菜单默认开启沉浸式系统材质"")",entry\src\main\ets\pages\ngf\HdsIntegratedShowcasePage.ets:658,未修复,UX视觉布局变更
declare const Text: TextInterface,ArkTS,7.0.0(26) Beta1,26.0.0 - 26.0.0(26.0.0),"=HYPERLINK(""https://developer.huawei.com/consumer/cn/doc/harmonyos-releases/changelogs-ux-7001/#ch2026032761266"",""Dialog、Toast、AlphabetIndexer和文本选择菜单默认开启沉浸式系统材质"")",entry\src\main\ets\pages\ngf\HdsIntegratedShowcasePage.ets:703,未修复,UX视觉布局变更
declare const Text: TextInterface,ArkTS,7.0.0(26) Beta1,26.0.0 - 26.0.0(26.0.0),"=HYPERLINK(""https://developer.huawei.com/consumer/cn/doc/harmonyos-releases/changelogs-ux-7001/#ch2026032761266"",""Dialog、Toast、AlphabetIndexer和文本选择菜单默认开启沉浸式系统材质"")",entry\src\main\ets\pages\ngf\HdsIntegratedShowcasePage.ets:708,未修复,UX视觉布局变更
declare const Text: TextInterface,ArkTS,7.0.0(26) Beta1,26.0.0 - 26.0.0(26.0.0),"=HYPERLINK(""https://developer.huawei.com/consumer/cn/doc/harmonyos-releases/changelogs-ux-7001/#ch2026032761266"",""Dialog、Toast、AlphabetIndexer和文本选择菜单默认开启沉浸式系统材质"")",entry\src\main\ets\pages\ngf\HdsIntegratedShowcasePage.ets:713,未修复,UX视觉布局变更
declare const Text: TextInterface,ArkTS,7.0.0(26) Beta1,26.0.0 - 26.0.0(26.0.0),"=HYPERLINK(""https://developer.huawei.com/consumer/cn/doc/harmonyos-releases/changelogs-ux-7001/#ch2026032761266"",""Dialog、Toast、AlphabetIndexer和文本选择菜单默认开启沉浸式系统材质"")",entry\src\main\ets\pages\ngf\HdsIntegratedShowcasePage.ets:718,未修复,UX视觉布局变更
declare const Text: TextInterface,ArkTS,7.0.0(26) Beta1,26.0.0 - 26.0.0(26.0.0),"=HYPERLINK(""https://developer.huawei.com/consumer/cn/doc/harmonyos-releases/changelogs-ux-7001/#ch2026032761266"",""Dialog、Toast、AlphabetIndexer和文本选择菜单默认开启沉浸式系统材质"")",entry\src\main\ets\pages\ngf\HdsIntegratedShowcasePage.ets:777,未修复,UX视觉布局变更
declare const Text: TextInterface,ArkTS,7.0.0(26) Beta1,26.0.0 - 26.0.0(26.0.0),"=HYPERLINK(""https://developer.huawei.com/consumer/cn/doc/harmonyos-releases/changelogs-ux-7001/#ch2026032761266"",""Dialog、Toast、AlphabetIndexer和文本选择菜单默认开启沉浸式系统材质"")",entry\src\main\ets\pages\ngf\HdsIntegratedShowcasePage.ets:810,未修复,UX视觉布局变更
declare const Text: TextInterface,ArkTS,7.0.0(26) Beta1,26.0.0 - 26.0.0(26.0.0),"=HYPERLINK(""https://developer.huawei.com/consumer/cn/doc/harmonyos-releases/changelogs-ux-7001/#ch2026032761266"",""Dialog、Toast、AlphabetIndexer和文本选择菜单默认开启沉浸式系统材质"")",entry\src\main\ets\pages\ngf\HdsIntegratedShowcasePage.ets:815,未修复,UX视觉布局变更
declare const Text: TextInterface,ArkTS,7.0.0(26) Beta1,26.0.0 - 26.0.0(26.0.0),"=HYPERLINK(""https://developer.huawei.com/consumer/cn/doc/harmonyos-releases/changelogs-ux-7001/#ch2026032761266"",""Dialog、Toast、AlphabetIndexer和文本选择菜单默认开启沉浸式系统材质"")",entry\src\main\ets\pages\ngf\HdsIntegratedShowcasePage.ets:821,未修复,UX视觉布局变更
declare const Text: TextInterface,ArkTS,7.0.0(26) Beta1,26.0.0 - 26.0.0(26.0.0),"=HYPERLINK(""https://developer.huawei.com/consumer/cn/doc/harmonyos-releases/changelogs-ux-7001/#ch2026032761266"",""Dialog、Toast、AlphabetIndexer和文本选择菜单默认开启沉浸式系统材质"")",entry\src\main\ets\pages\ngf\HdsIntegratedShowcasePage.ets:919,未修复,UX视觉布局变更
declare const Text: TextInterface,ArkTS,7.0.0(26) Beta1,26.0.0 - 26.0.0(26.0.0),"=HYPERLINK(""https://developer.huawei.com/consumer/cn/doc/harmonyos-releases/changelogs-ux-7001/#ch2026032761266"",""Dialog、Toast、AlphabetIndexer和文本选择菜单默认开启沉浸式系统材质"")",entry\src\main\ets\pages\ngf\HdsIntegratedShowcasePage.ets:925,未修复,UX视觉布局变更
declare const Text: TextInterface,ArkTS,7.0.0(26) Beta1,26.0.0 - 26.0.0(26.0.0),"=HYPERLINK(""https://developer.huawei.com/consumer/cn/doc/harmonyos-releases/changelogs-ux-7001/#ch2026032761266"",""Dialog、Toast、AlphabetIndexer和文本选择菜单默认开启沉浸式系统材质"")",entry\src\main\ets\pages\ngf\HdsIntegratedShowcasePage.ets:960,未修复,UX视觉布局变更
declare const Text: TextInterface,ArkTS,7.0.0(26) Beta1,26.0.0 - 26.0.0(26.0.0),"=HYPERLINK(""https://developer.huawei.com/consumer/cn/doc/harmonyos-releases/changelogs-ux-7001/#ch2026032761266"",""Dialog、Toast、AlphabetIndexer和文本选择菜单默认开启沉浸式系统材质"")",entry\src\main\ets\pages\ngf\HdsNavigationOfficialShowcasePage.ets:1189,未修复,UX视觉布局变更
declare const Text: TextInterface,ArkTS,7.0.0(26) Beta1,26.0.0 - 26.0.0(26.0.0),"=HYPERLINK(""https://developer.huawei.com/consumer/cn/doc/harmonyos-releases/changelogs-ux-7001/#ch2026032761266"",""Dialog、Toast、AlphabetIndexer和文本选择菜单默认开启沉浸式系统材质"")",entry\src\main\ets\pages\ngf\HdsNavigationOfficialShowcasePage.ets:1195,未修复,UX视觉布局变更
declare const Text: TextInterface,ArkTS,7.0.0(26) Beta1,26.0.0 - 26.0.0(26.0.0),"=HYPERLINK(""https://developer.huawei.com/consumer/cn/doc/harmonyos-releases/changelogs-ux-7001/#ch2026032761266"",""Dialog、Toast、AlphabetIndexer和文本选择菜单默认开启沉浸式系统材质"")",entry\src\main\ets\pages\ngf\HdsNavigationOfficialShowcasePage.ets:1201,未修复,UX视觉布局变更
declare const Text: TextInterface,ArkTS,7.0.0(26) Beta1,26.0.0 - 26.0.0(26.0.0),"=HYPERLINK(""https://developer.huawei.com/consumer/cn/doc/harmonyos-releases/changelogs-ux-7001/#ch2026032761266"",""Dialog、Toast、AlphabetIndexer和文本选择菜单默认开启沉浸式系统材质"")",entry\src\main\ets\pages\ngf\HdsNavigationOfficialShowcasePage.ets:1263,未修复,UX视觉布局变更
declare const Text: TextInterface,ArkTS,7.0.0(26) Beta1,26.0.0 - 26.0.0(26.0.0),"=HYPERLINK(""https://developer.huawei.com/consumer/cn/doc/harmonyos-releases/changelogs-ux-7001/#ch2026032761266"",""Dialog、Toast、AlphabetIndexer和文本选择菜单默认开启沉浸式系统材质"")",entry\src\main\ets\pages\ngf\HdsNavigationOfficialShowcasePage.ets:1403,未修复,UX视觉布局变更
declare const Text: TextInterface,ArkTS,7.0.0(26) Beta1,26.0.0 - 26.0.0(26.0.0),"=HYPERLINK(""https://developer.huawei.com/consumer/cn/doc/harmonyos-releases/changelogs-ux-7001/#ch2026032761266"",""Dialog、Toast、AlphabetIndexer和文本选择菜单默认开启沉浸式系统材质"")",entry\src\main\ets\pages\ngf\HdsNavigationOfficialShowcasePage.ets:1414,未修复,UX视觉布局变更
declare const Text: TextInterface,ArkTS,7.0.0(26) Beta1,26.0.0 - 26.0.0(26.0.0),"=HYPERLINK(""https://developer.huawei.com/consumer/cn/doc/harmonyos-releases/changelogs-ux-7001/#ch2026032761266"",""Dialog、Toast、AlphabetIndexer和文本选择菜单默认开启沉浸式系统材质"")",entry\src\main\ets\pages\ngf\HdsNavigationOfficialShowcasePage.ets:1421,未修复,UX视觉布局变更
declare const Text: TextInterface,ArkTS,7.0.0(26) Beta1,26.0.0 - 26.0.0(26.0.0),"=HYPERLINK(""https://developer.huawei.com/consumer/cn/doc/harmonyos-releases/changelogs-ux-7001/#ch2026032761266"",""Dialog、Toast、AlphabetIndexer和文本选择菜单默认开启沉浸式系统材质"")",entry\src\main\ets\pages\ngf\HdsNavigationOfficialShowcasePage.ets:1428,未修复,UX视觉布局变更
declare const Text: TextInterface,ArkTS,7.0.0(26) Beta1,26.0.0 - 26.0.0(26.0.0),"=HYPERLINK(""https://developer.huawei.com/consumer/cn/doc/harmonyos-releases/changelogs-ux-7001/#ch2026032761266"",""Dialog、Toast、AlphabetIndexer和文本选择菜单默认开启沉浸式系统材质"")",entry\src\main\ets\pages\ngf\HdsNavigationOfficialShowcasePage.ets:1436,未修复,UX视觉布局变更
declare const Text: TextInterface,ArkTS,7.0.0(26) Beta1,26.0.0 - 26.0.0(26.0.0),"=HYPERLINK(""https://developer.huawei.com/consumer/cn/doc/harmonyos-releases/changelogs-ux-7001/#ch2026032761266"",""Dialog、Toast、AlphabetIndexer和文本选择菜单默认开启沉浸式系统材质"")",entry\src\main\ets\pages\ngf\HdsNavigationOfficialShowcasePage.ets:1440,未修复,UX视觉布局变更
declare const Text: TextInterface,ArkTS,7.0.0(26) Beta1,26.0.0 - 26.0.0(26.0.0),"=HYPERLINK(""https://developer.huawei.com/consumer/cn/doc/harmonyos-releases/changelogs-ux-7001/#ch2026032761266"",""Dialog、Toast、AlphabetIndexer和文本选择菜单默认开启沉浸式系统材质"")",entry\src\main\ets\pages\ngf\HdsNavigationOfficialShowcasePage.ets:1511,未修复,UX视觉布局变更
declare const Text: TextInterface,ArkTS,7.0.0(26) Beta1,26.0.0 - 26.0.0(26.0.0),"=HYPERLINK(""https://developer.huawei.com/consumer/cn/doc/harmonyos-releases/changelogs-ux-7001/#ch2026032761266"",""Dialog、Toast、AlphabetIndexer和文本选择菜单默认开启沉浸式系统材质"")",entry\src\main\ets\pages\ngf\HdsNavigationOfficialShowcasePage.ets:1515,未修复,UX视觉布局变更
declare const Text: TextInterface,ArkTS,7.0.0(26) Beta1,26.0.0 - 26.0.0(26.0.0),"=HYPERLINK(""https://developer.huawei.com/consumer/cn/doc/harmonyos-releases/changelogs-ux-7001/#ch2026032761266"",""Dialog、Toast、AlphabetIndexer和文本选择菜单默认开启沉浸式系统材质"")",entry\src\main\ets\pages\ngf\HdsNavigationOfficialShowcasePage.ets:1526,未修复,UX视觉布局变更
declare const Text: TextInterface,ArkTS,7.0.0(26) Beta1,26.0.0 - 26.0.0(26.0.0),"=HYPERLINK(""https://developer.huawei.com/consumer/cn/doc/harmonyos-releases/changelogs-ux-7001/#ch2026032761266"",""Dialog、Toast、AlphabetIndexer和文本选择菜单默认开启沉浸式系统材质"")",entry\src\main\ets\pages\ngf\HdsNavigationOfficialShowcasePage.ets:1533,未修复,UX视觉布局变更
declare const Text: TextInterface,ArkTS,7.0.0(26) Beta1,26.0.0 - 26.0.0(26.0.0),"=HYPERLINK(""https://developer.huawei.com/consumer/cn/doc/harmonyos-releases/changelogs-ux-7001/#ch2026032761266"",""Dialog、Toast、AlphabetIndexer和文本选择菜单默认开启沉浸式系统材质"")",entry\src\main\ets\pages\ngf\HdsNavigationOfficialShowcasePage.ets:1540,未修复,UX视觉布局变更
declare const Text: TextInterface,ArkTS,7.0.0(26) Beta1,26.0.0 - 26.0.0(26.0.0),"=HYPERLINK(""https://developer.huawei.com/consumer/cn/doc/harmonyos-releases/changelogs-ux-7001/#ch2026032761266"",""Dialog、Toast、AlphabetIndexer和文本选择菜单默认开启沉浸式系统材质"")",entry\src\main\ets\pages\ngf\HdsNavigationOfficialShowcasePage.ets:1547,未修复,UX视觉布局变更
declare const Text: TextInterface,ArkTS,7.0.0(26) Beta1,26.0.0 - 26.0.0(26.0.0),"=HYPERLINK(""https://developer.huawei.com/consumer/cn/doc/harmonyos-releases/changelogs-ux-7001/#ch2026032761266"",""Dialog、Toast、AlphabetIndexer和文本选择菜单默认开启沉浸式系统材质"")",entry\src\main\ets\pages\ngf\HdsNavigationOfficialShowcasePage.ets:1673,未修复,UX视觉布局变更
declare const Text: TextInterface,ArkTS,7.0.0(26) Beta1,26.0.0 - 26.0.0(26.0.0),"=HYPERLINK(""https://developer.huawei.com/consumer/cn/doc/harmonyos-releases/changelogs-ux-7001/#ch2026032761266"",""Dialog、Toast、AlphabetIndexer和文本选择菜单默认开启沉浸式系统材质"")",entry\src\main\ets\pages\ngf\HdsNavigationOfficialShowcasePage.ets:1685,未修复,UX视觉布局变更
declare const Text: TextInterface,ArkTS,7.0.0(26) Beta1,26.0.0 - 26.0.0(26.0.0),"=HYPERLINK(""https://developer.huawei.com/consumer/cn/doc/harmonyos-releases/changelogs-ux-7001/#ch2026032761266"",""Dialog、Toast、AlphabetIndexer和文本选择菜单默认开启沉浸式系统材质"")",entry\src\main\ets\pages\ngf\HdsNavigationOfficialShowcasePage.ets:1692,未修复,UX视觉布局变更
declare const Text: TextInterface,ArkTS,7.0.0(26) Beta1,26.0.0 - 26.0.0(26.0.0),"=HYPERLINK(""https://developer.huawei.com/consumer/cn/doc/harmonyos-releases/changelogs-ux-7001/#ch2026032761266"",""Dialog、Toast、AlphabetIndexer和文本选择菜单默认开启沉浸式系统材质"")",entry\src\main\ets\pages\ngf\HdsNavigationOfficialShowcasePage.ets:1699,未修复,UX视觉布局变更
declare const Text: TextInterface,ArkTS,7.0.0(26) Beta1,26.0.0 - 26.0.0(26.0.0),"=HYPERLINK(""https://developer.huawei.com/consumer/cn/doc/harmonyos-releases/changelogs-ux-7001/#ch2026032761266"",""Dialog、Toast、AlphabetIndexer和文本选择菜单默认开启沉浸式系统材质"")",entry\src\main\ets\pages\ngf\HdsNavigationOfficialShowcasePage.ets:1706,未修复,UX视觉布局变更
declare const Text: TextInterface,ArkTS,7.0.0(26) Beta1,26.0.0 - 26.0.0(26.0.0),"=HYPERLINK(""https://developer.huawei.com/consumer/cn/doc/harmonyos-releases/changelogs-ux-7001/#ch2026032761266"",""Dialog、Toast、AlphabetIndexer和文本选择菜单默认开启沉浸式系统材质"")",entry\src\main\ets\pages\ngf\HdsNavigationOfficialShowcasePage.ets:315,未修复,UX视觉布局变更
declare const Text: TextInterface,ArkTS,7.0.0(26) Beta1,26.0.0 - 26.0.0(26.0.0),"=HYPERLINK(""https://developer.huawei.com/consumer/cn/doc/harmonyos-releases/changelogs-ux-7001/#ch2026032761266"",""Dialog、Toast、AlphabetIndexer和文本选择菜单默认开启沉浸式系统材质"")",entry\src\main\ets\pages\ngf\HdsNavigationOfficialShowcasePage.ets:320,未修复,UX视觉布局变更
declare const Text: TextInterface,ArkTS,7.0.0(26) Beta1,26.0.0 - 26.0.0(26.0.0),"=HYPERLINK(""https://developer.huawei.com/consumer/cn/doc/harmonyos-releases/changelogs-ux-7001/#ch2026032761266"",""Dialog、Toast、AlphabetIndexer和文本选择菜单默认开启沉浸式系统材质"")",entry\src\main\ets\pages\ngf\HdsNavigationOfficialShowcasePage.ets:325,未修复,UX视觉布局变更
declare const Text: TextInterface,ArkTS,7.0.0(26) Beta1,26.0.0 - 26.0.0(26.0.0),"=HYPERLINK(""https://developer.huawei.com/consumer/cn/doc/harmonyos-releases/changelogs-ux-7001/#ch2026032761266"",""Dialog、Toast、AlphabetIndexer和文本选择菜单默认开启沉浸式系统材质"")",entry\src\main\ets\pages\ngf\HdsNavigationOfficialShowcasePage.ets:329,未修复,UX视觉布局变更
declare const Text: TextInterface,ArkTS,7.0.0(26) Beta1,26.0.0 - 26.0.0(26.0.0),"=HYPERLINK(""https://developer.huawei.com/consumer/cn/doc/harmonyos-releases/changelogs-ux-7001/#ch2026032761266"",""Dialog、Toast、AlphabetIndexer和文本选择菜单默认开启沉浸式系统材质"")",entry\src\main\ets\pages\ngf\HdsNavigationOfficialShowcasePage.ets:353,未修复,UX视觉布局变更
declare const Text: TextInterface,ArkTS,7.0.0(26) Beta1,26.0.0 - 26.0.0(26.0.0),"=HYPERLINK(""https://developer.huawei.com/consumer/cn/doc/harmonyos-releases/changelogs-ux-7001/#ch2026032761266"",""Dialog、Toast、AlphabetIndexer和文本选择菜单默认开启沉浸式系统材质"")",entry\src\main\ets\pages\ngf\HdsNavigationOfficialShowcasePage.ets:371,未修复,UX视觉布局变更
declare const Text: TextInterface,ArkTS,7.0.0(26) Beta1,26.0.0 - 26.0.0(26.0.0),"=HYPERLINK(""https://developer.huawei.com/consumer/cn/doc/harmonyos-releases/changelogs-ux-7001/#ch2026032761266"",""Dialog、Toast、AlphabetIndexer和文本选择菜单默认开启沉浸式系统材质"")",entry\src\main\ets\pages\ngf\HdsNavigationOfficialShowcasePage.ets:376,未修复,UX视觉布局变更
declare const Text: TextInterface,ArkTS,7.0.0(26) Beta1,26.0.0 - 26.0.0(26.0.0),"=HYPERLINK(""https://developer.huawei.com/consumer/cn/doc/harmonyos-releases/changelogs-ux-7001/#ch2026032761266"",""Dialog、Toast、AlphabetIndexer和文本选择菜单默认开启沉浸式系统材质"")",entry\src\main\ets\pages\ngf\HdsNavigationOfficialShowcasePage.ets:383,未修复,UX视觉布局变更
declare const Text: TextInterface,ArkTS,7.0.0(26) Beta1,26.0.0 - 26.0.0(26.0.0),"=HYPERLINK(""https://developer.huawei.com/consumer/cn/doc/harmonyos-releases/changelogs-ux-7001/#ch2026032761266"",""Dialog、Toast、AlphabetIndexer和文本选择菜单默认开启沉浸式系统材质"")",entry\src\main\ets\pages\ngf\HdsNavigationOfficialShowcasePage.ets:394,未修复,UX视觉布局变更
declare const Text: TextInterface,ArkTS,7.0.0(26) Beta1,26.0.0 - 26.0.0(26.0.0),"=HYPERLINK(""https://developer.huawei.com/consumer/cn/doc/harmonyos-releases/changelogs-ux-7001/#ch2026032761266"",""Dialog、Toast、AlphabetIndexer和文本选择菜单默认开启沉浸式系统材质"")",entry\src\main\ets\pages\ngf\HdsNavigationOfficialShowcasePage.ets:436,未修复,UX视觉布局变更
declare const Text: TextInterface,ArkTS,7.0.0(26) Beta1,26.0.0 - 26.0.0(26.0.0),"=HYPERLINK(""https://developer.huawei.com/consumer/cn/doc/harmonyos-releases/changelogs-ux-7001/#ch2026032761266"",""Dialog、Toast、AlphabetIndexer和文本选择菜单默认开启沉浸式系统材质"")",entry\src\main\ets\pages\ngf\HdsNavigationOfficialShowcasePage.ets:441,未修复,UX视觉布局变更
declare const Text: TextInterface,ArkTS,7.0.0(26) Beta1,26.0.0 - 26.0.0(26.0.0),"=HYPERLINK(""https://developer.huawei.com/consumer/cn/doc/harmonyos-releases/changelogs-ux-7001/#ch2026032761266"",""Dialog、Toast、AlphabetIndexer和文本选择菜单默认开启沉浸式系统材质"")",entry\src\main\ets\pages\ngf\HdsNavigationOfficialShowcasePage.ets:446,未修复,UX视觉布局变更
declare const Text: TextInterface,ArkTS,7.0.0(26) Beta1,26.0.0 - 26.0.0(26.0.0),"=HYPERLINK(""https://developer.huawei.com/consumer/cn/doc/harmonyos-releases/changelogs-ux-7001/#ch2026032761266"",""Dialog、Toast、AlphabetIndexer和文本选择菜单默认开启沉浸式系统材质"")",entry\src\main\ets\pages\ngf\HdsNavigationOfficialShowcasePage.ets:451,未修复,UX视觉布局变更
declare const Text: TextInterface,ArkTS,7.0.0(26) Beta1,26.0.0 - 26.0.0(26.0.0),"=HYPERLINK(""https://developer.huawei.com/consumer/cn/doc/harmonyos-releases/changelogs-ux-7001/#ch2026032761266"",""Dialog、Toast、AlphabetIndexer和文本选择菜单默认开启沉浸式系统材质"")",entry\src\main\ets\pages\ngf\HdsNavigationOfficialShowcasePage.ets:476,未修复,UX视觉布局变更
declare const Text: TextInterface,ArkTS,7.0.0(26) Beta1,26.0.0 - 26.0.0(26.0.0),"=HYPERLINK(""https://developer.huawei.com/consumer/cn/doc/harmonyos-releases/changelogs-ux-7001/#ch2026032761266"",""Dialog、Toast、AlphabetIndexer和文本选择菜单默认开启沉浸式系统材质"")",entry\src\main\ets\pages\ngf\HdsNavigationOfficialShowcasePage.ets:481,未修复,UX视觉布局变更
declare const Text: TextInterface,ArkTS,7.0.0(26) Beta1,26.0.0 - 26.0.0(26.0.0),"=HYPERLINK(""https://developer.huawei.com/consumer/cn/doc/harmonyos-releases/changelogs-ux-7001/#ch2026032761266"",""Dialog、Toast、AlphabetIndexer和文本选择菜单默认开启沉浸式系统材质"")",entry\src\main\ets\pages\ngf\HdsNavigationOfficialShowcasePage.ets:563,未修复,UX视觉布局变更
declare const Text: TextInterface,ArkTS,7.0.0(26) Beta1,26.0.0 - 26.0.0(26.0.0),"=HYPERLINK(""https://developer.huawei.com/consumer/cn/doc/harmonyos-releases/changelogs-ux-7001/#ch2026032761266"",""Dialog、Toast、AlphabetIndexer和文本选择菜单默认开启沉浸式系统材质"")",entry\src\main\ets\pages\ngf\HdsNavigationOfficialShowcasePage.ets:569,未修复,UX视觉布局变更
declare const Text: TextInterface,ArkTS,7.0.0(26) Beta1,26.0.0 - 26.0.0(26.0.0),"=HYPERLINK(""https://developer.huawei.com/consumer/cn/doc/harmonyos-releases/changelogs-ux-7001/#ch2026032761266"",""Dialog、Toast、AlphabetIndexer和文本选择菜单默认开启沉浸式系统材质"")",entry\src\main\ets\pages\ngf\HdsNavigationOfficialShowcasePage.ets:623,未修复,UX视觉布局变更
declare const Text: TextInterface,ArkTS,7.0.0(26) Beta1,26.0.0 - 26.0.0(26.0.0),"=HYPERLINK(""https://developer.huawei.com/consumer/cn/doc/harmonyos-releases/changelogs-ux-7001/#ch2026032761266"",""Dialog、Toast、AlphabetIndexer和文本选择菜单默认开启沉浸式系统材质"")",entry\src\main\ets\pages\ngf\HdsNavigationOfficialShowcasePage.ets:627,未修复,UX视觉布局变更
declare const Text: TextInterface,ArkTS,7.0.0(26) Beta1,26.0.0 - 26.0.0(26.0.0),"=HYPERLINK(""https://developer.huawei.com/consumer/cn/doc/harmonyos-releases/changelogs-ux-7001/#ch2026032761266"",""Dialog、Toast、AlphabetIndexer和文本选择菜单默认开启沉浸式系统材质"")",entry\src\main\ets\pages\ngf\HdsNavigationOfficialShowcasePage.ets:633,未修复,UX视觉布局变更
declare const Text: TextInterface,ArkTS,7.0.0(26) Beta1,26.0.0 - 26.0.0(26.0.0),"=HYPERLINK(""https://developer.huawei.com/consumer/cn/doc/harmonyos-releases/changelogs-ux-7001/#ch2026032761266"",""Dialog、Toast、AlphabetIndexer和文本选择菜单默认开启沉浸式系统材质"")",entry\src\main\ets\pages\ngf\HdsNavigationOfficialShowcasePage.ets:759,未修复,UX视觉布局变更
declare const Text: TextInterface,ArkTS,7.0.0(26) Beta1,26.0.0 - 26.0.0(26.0.0),"=HYPERLINK(""https://developer.huawei.com/consumer/cn/doc/harmonyos-releases/changelogs-ux-7001/#ch2026032761266"",""Dialog、Toast、AlphabetIndexer和文本选择菜单默认开启沉浸式系统材质"")",entry\src\main\ets\pages\ngf\HdsNavigationOfficialShowcasePage.ets:765,未修复,UX视觉布局变更
declare const Text: TextInterface,ArkTS,7.0.0(26) Beta1,26.0.0 - 26.0.0(26.0.0),"=HYPERLINK(""https://developer.huawei.com/consumer/cn/doc/harmonyos-releases/changelogs-ux-7001/#ch2026032761266"",""Dialog、Toast、AlphabetIndexer和文本选择菜单默认开启沉浸式系统材质"")",entry\src\main\ets\pages\ngf\HdsNavigationOfficialShowcasePage.ets:833,未修复,UX视觉布局变更
declare const Text: TextInterface,ArkTS,7.0.0(26) Beta1,26.0.0 - 26.0.0(26.0.0),"=HYPERLINK(""https://developer.huawei.com/consumer/cn/doc/harmonyos-releases/changelogs-ux-7001/#ch2026032761266"",""Dialog、Toast、AlphabetIndexer和文本选择菜单默认开启沉浸式系统材质"")",entry\src\main\ets\pages\ngf\HdsNavigationOfficialShowcasePage.ets:840,未修复,UX视觉布局变更
declare const Text: TextInterface,ArkTS,7.0.0(26) Beta1,26.0.0 - 26.0.0(26.0.0),"=HYPERLINK(""https://developer.huawei.com/consumer/cn/doc/harmonyos-releases/changelogs-ux-7001/#ch2026032761266"",""Dialog、Toast、AlphabetIndexer和文本选择菜单默认开启沉浸式系统材质"")",entry\src\main\ets\pages\ngf\HdsNavigationOfficialShowcasePage.ets:845,未修复,UX视觉布局变更
declare const Text: TextInterface,ArkTS,7.0.0(26) Beta1,26.0.0 - 26.0.0(26.0.0),"=HYPERLINK(""https://developer.huawei.com/consumer/cn/doc/harmonyos-releases/changelogs-ux-7001/#ch2026032761266"",""Dialog、Toast、AlphabetIndexer和文本选择菜单默认开启沉浸式系统材质"")",entry\src\main\ets\pages\ngf\HdsNavigationOfficialShowcasePage.ets:885,未修复,UX视觉布局变更
declare const Text: TextInterface,ArkTS,7.0.0(26) Beta1,26.0.0 - 26.0.0(26.0.0),"=HYPERLINK(""https://developer.huawei.com/consumer/cn/doc/harmonyos-releases/changelogs-ux-7001/#ch2026032761266"",""Dialog、Toast、AlphabetIndexer和文本选择菜单默认开启沉浸式系统材质"")",entry\src\main\ets\pages\ngf\HdsNavigationOfficialShowcasePage.ets:891,未修复,UX视觉布局变更
declare const Text: TextInterface,ArkTS,7.0.0(26) Beta1,26.0.0 - 26.0.0(26.0.0),"=HYPERLINK(""https://developer.huawei.com/consumer/cn/doc/harmonyos-releases/changelogs-ux-7001/#ch2026032761266"",""Dialog、Toast、AlphabetIndexer和文本选择菜单默认开启沉浸式系统材质"")",entry\src\main\ets\pages\ngf\HdsNavigationOfficialShowcasePage.ets:925,未修复,UX视觉布局变更
declare const Text: TextInterface,ArkTS,7.0.0(26) Beta1,26.0.0 - 26.0.0(26.0.0),"=HYPERLINK(""https://developer.huawei.com/consumer/cn/doc/harmonyos-releases/changelogs-ux-7001/#ch2026032761266"",""Dialog、Toast、AlphabetIndexer和文本选择菜单默认开启沉浸式系统材质"")",entry\src\main\ets\pages\ngf\HdsNavigationOfficialShowcasePage.ets:929,未修复,UX视觉布局变更
declare const Text: TextInterface,ArkTS,7.0.0(26) Beta1,26.0.0 - 26.0.0(26.0.0),"=HYPERLINK(""https://developer.huawei.com/consumer/cn/doc/harmonyos-releases/changelogs-ux-7001/#ch2026032761266"",""Dialog、Toast、AlphabetIndexer和文本选择菜单默认开启沉浸式系统材质"")",entry\src\main\ets\pages\ngf\HdsNavigationOfficialShowcasePage.ets:942,未修复,UX视觉布局变更
declare const Text: TextInterface,ArkTS,7.0.0(26) Beta1,26.0.0 - 26.0.0(26.0.0),"=HYPERLINK(""https://developer.huawei.com/consumer/cn/doc/harmonyos-releases/changelogs-ux-7001/#ch2026032761266"",""Dialog、Toast、AlphabetIndexer和文本选择菜单默认开启沉浸式系统材质"")",entry\src\main\ets\pages\ngf\HdsNavigationOfficialShowcasePage.ets:947,未修复,UX视觉布局变更
declare const Text: TextInterface,ArkTS,7.0.0(26) Beta1,26.0.0 - 26.0.0(26.0.0),"=HYPERLINK(""https://developer.huawei.com/consumer/cn/doc/harmonyos-releases/changelogs-ux-7001/#ch2026032761266"",""Dialog、Toast、AlphabetIndexer和文本选择菜单默认开启沉浸式系统材质"")",entry\src\main\ets\pages\ngf\MainMenuPage.ets:1017,未修复,UX视觉布局变更
declare const Text: TextInterface,ArkTS,7.0.0(26) Beta1,26.0.0 - 26.0.0(26.0.0),"=HYPERLINK(""https://developer.huawei.com/consumer/cn/doc/harmonyos-releases/changelogs-ux-7001/#ch2026032761266"",""Dialog、Toast、AlphabetIndexer和文本选择菜单默认开启沉浸式系统材质"")",entry\src\main\ets\pages\ngf\MainMenuPage.ets:1209,未修复,UX视觉布局变更
declare const Text: TextInterface,ArkTS,7.0.0(26) Beta1,26.0.0 - 26.0.0(26.0.0),"=HYPERLINK(""https://developer.huawei.com/consumer/cn/doc/harmonyos-releases/changelogs-ux-7001/#ch2026032761266"",""Dialog、Toast、AlphabetIndexer和文本选择菜单默认开启沉浸式系统材质"")",entry\src\main\ets\pages\ngf\MainMenuPage.ets:1214,未修复,UX视觉布局变更
declare const Text: TextInterface,ArkTS,7.0.0(26) Beta1,26.0.0 - 26.0.0(26.0.0),"=HYPERLINK(""https://developer.huawei.com/consumer/cn/doc/harmonyos-releases/changelogs-ux-7001/#ch2026032761266"",""Dialog、Toast、AlphabetIndexer和文本选择菜单默认开启沉浸式系统材质"")",entry\src\main\ets\pages\ngf\MainMenuPage.ets:1253,未修复,UX视觉布局变更
declare const Text: TextInterface,ArkTS,7.0.0(26) Beta1,26.0.0 - 26.0.0(26.0.0),"=HYPERLINK(""https://developer.huawei.com/consumer/cn/doc/harmonyos-releases/changelogs-ux-7001/#ch2026032761266"",""Dialog、Toast、AlphabetIndexer和文本选择菜单默认开启沉浸式系统材质"")",entry\src\main\ets\pages\ngf\MainMenuPage.ets:1297,未修复,UX视觉布局变更
declare const Text: TextInterface,ArkTS,7.0.0(26) Beta1,26.0.0 - 26.0.0(26.0.0),"=HYPERLINK(""https://developer.huawei.com/consumer/cn/doc/harmonyos-releases/changelogs-ux-7001/#ch2026032761266"",""Dialog、Toast、AlphabetIndexer和文本选择菜单默认开启沉浸式系统材质"")",entry\src\main\ets\pages\ngf\MainMenuPage.ets:1302,未修复,UX视觉布局变更
declare const Text: TextInterface,ArkTS,7.0.0(26) Beta1,26.0.0 - 26.0.0(26.0.0),"=HYPERLINK(""https://developer.huawei.com/consumer/cn/doc/harmonyos-releases/changelogs-ux-7001/#ch2026032761266"",""Dialog、Toast、AlphabetIndexer和文本选择菜单默认开启沉浸式系统材质"")",entry\src\main\ets\pages\ngf\MainMenuPage.ets:1333,未修复,UX视觉布局变更
declare const Text: TextInterface,ArkTS,7.0.0(26) Beta1,26.0.0 - 26.0.0(26.0.0),"=HYPERLINK(""https://developer.huawei.com/consumer/cn/doc/harmonyos-releases/changelogs-ux-7001/#ch2026032761266"",""Dialog、Toast、AlphabetIndexer和文本选择菜单默认开启沉浸式系统材质"")",entry\src\main\ets\pages\ngf\MainMenuPage.ets:1338,未修复,UX视觉布局变更
declare const Text: TextInterface,ArkTS,7.0.0(26) Beta1,26.0.0 - 26.0.0(26.0.0),"=HYPERLINK(""https://developer.huawei.com/consumer/cn/doc/harmonyos-releases/changelogs-ux-7001/#ch2026032761266"",""Dialog、Toast、AlphabetIndexer和文本选择菜单默认开启沉浸式系统材质"")",entry\src\main\ets\pages\ngf\MainMenuPage.ets:1345,未修复,UX视觉布局变更
declare const Text: TextInterface,ArkTS,7.0.0(26) Beta1,26.0.0 - 26.0.0(26.0.0),"=HYPERLINK(""https://developer.huawei.com/consumer/cn/doc/harmonyos-releases/changelogs-ux-7001/#ch2026032761266"",""Dialog、Toast、AlphabetIndexer和文本选择菜单默认开启沉浸式系统材质"")",entry\src\main\ets\pages\ngf\MainMenuPage.ets:1356,未修复,UX视觉布局变更
declare const Text: TextInterface,ArkTS,7.0.0(26) Beta1,26.0.0 - 26.0.0(26.0.0),"=HYPERLINK(""https://developer.huawei.com/consumer/cn/doc/harmonyos-releases/changelogs-ux-7001/#ch2026032761266"",""Dialog、Toast、AlphabetIndexer和文本选择菜单默认开启沉浸式系统材质"")",entry\src\main\ets\pages\ngf\MainMenuPage.ets:1405,未修复,UX视觉布局变更
declare const Text: TextInterface,ArkTS,7.0.0(26) Beta1,26.0.0 - 26.0.0(26.0.0),"=HYPERLINK(""https://developer.huawei.com/consumer/cn/doc/harmonyos-releases/changelogs-ux-7001/#ch2026032761266"",""Dialog、Toast、AlphabetIndexer和文本选择菜单默认开启沉浸式系统材质"")",entry\src\main\ets\pages\ngf\MainMenuPage.ets:1410,未修复,UX视觉布局变更
declare const Text: TextInterface,ArkTS,7.0.0(26) Beta1,26.0.0 - 26.0.0(26.0.0),"=HYPERLINK(""https://developer.huawei.com/consumer/cn/doc/harmonyos-releases/changelogs-ux-7001/#ch2026032761266"",""Dialog、Toast、AlphabetIndexer和文本选择菜单默认开启沉浸式系统材质"")",entry\src\main\ets\pages\ngf\MainMenuPage.ets:1451,未修复,UX视觉布局变更
declare const Text: TextInterface,ArkTS,7.0.0(26) Beta1,26.0.0 - 26.0.0(26.0.0),"=HYPERLINK(""https://developer.huawei.com/consumer/cn/doc/harmonyos-releases/changelogs-ux-7001/#ch2026032761266"",""Dialog、Toast、AlphabetIndexer和文本选择菜单默认开启沉浸式系统材质"")",entry\src\main\ets\pages\ngf\MainMenuPage.ets:1456,未修复,UX视觉布局变更
declare const Text: TextInterface,ArkTS,7.0.0(26) Beta1,26.0.0 - 26.0.0(26.0.0),"=HYPERLINK(""https://developer.huawei.com/consumer/cn/doc/harmonyos-releases/changelogs-ux-7001/#ch2026032761266"",""Dialog、Toast、AlphabetIndexer和文本选择菜单默认开启沉浸式系统材质"")",entry\src\main\ets\pages\ngf\MainMenuPage.ets:1461,未修复,UX视觉布局变更
declare const Text: TextInterface,ArkTS,7.0.0(26) Beta1,26.0.0 - 26.0.0(26.0.0),"=HYPERLINK(""https://developer.huawei.com/consumer/cn/doc/harmonyos-releases/changelogs-ux-7001/#ch2026032761266"",""Dialog、Toast、AlphabetIndexer和文本选择菜单默认开启沉浸式系统材质"")",entry\src\main\ets\pages\ngf\MainMenuPage.ets:1652,未修复,UX视觉布局变更
declare const Text: TextInterface,ArkTS,7.0.0(26) Beta1,26.0.0 - 26.0.0(26.0.0),"=HYPERLINK(""https://developer.huawei.com/consumer/cn/doc/harmonyos-releases/changelogs-ux-7001/#ch2026032761266"",""Dialog、Toast、AlphabetIndexer和文本选择菜单默认开启沉浸式系统材质"")",entry\src\main\ets\pages\ngf\MainMenuPage.ets:1657,未修复,UX视觉布局变更
declare const Text: TextInterface,ArkTS,7.0.0(26) Beta1,26.0.0 - 26.0.0(26.0.0),"=HYPERLINK(""https://developer.huawei.com/consumer/cn/doc/harmonyos-releases/changelogs-ux-7001/#ch2026032761266"",""Dialog、Toast、AlphabetIndexer和文本选择菜单默认开启沉浸式系统材质"")",entry\src\main\ets\pages\ngf\MainMenuPage.ets:1660,未修复,UX视觉布局变更
declare const Text: TextInterface,ArkTS,7.0.0(26) Beta1,26.0.0 - 26.0.0(26.0.0),"=HYPERLINK(""https://developer.huawei.com/consumer/cn/doc/harmonyos-releases/changelogs-ux-7001/#ch2026032761266"",""Dialog、Toast、AlphabetIndexer和文本选择菜单默认开启沉浸式系统材质"")",entry\src\main\ets\pages\ngf\MainMenuPage.ets:1663,未修复,UX视觉布局变更
declare const Text: TextInterface,ArkTS,7.0.0(26) Beta1,26.0.0 - 26.0.0(26.0.0),"=HYPERLINK(""https://developer.huawei.com/consumer/cn/doc/harmonyos-releases/changelogs-ux-7001/#ch2026032761266"",""Dialog、Toast、AlphabetIndexer和文本选择菜单默认开启沉浸式系统材质"")",entry\src\main\ets\pages\ngf\MainMenuPage.ets:1666,未修复,UX视觉布局变更
declare const Text: TextInterface,ArkTS,7.0.0(26) Beta1,26.0.0 - 26.0.0(26.0.0),"=HYPERLINK(""https://developer.huawei.com/consumer/cn/doc/harmonyos-releases/changelogs-ux-7001/#ch2026032761266"",""Dialog、Toast、AlphabetIndexer和文本选择菜单默认开启沉浸式系统材质"")",entry\src\main\ets\pages\ngf\MainMenuPage.ets:1669,未修复,UX视觉布局变更
declare const Text: TextInterface,ArkTS,7.0.0(26) Beta1,26.0.0 - 26.0.0(26.0.0),"=HYPERLINK(""https://developer.huawei.com/consumer/cn/doc/harmonyos-releases/changelogs-ux-7001/#ch2026032761266"",""Dialog、Toast、AlphabetIndexer和文本选择菜单默认开启沉浸式系统材质"")",entry\src\main\ets\pages\ngf\MainMenuPage.ets:1672,未修复,UX视觉布局变更
declare const Text: TextInterface,ArkTS,7.0.0(26) Beta1,26.0.0 - 26.0.0(26.0.0),"=HYPERLINK(""https://developer.huawei.com/consumer/cn/doc/harmonyos-releases/changelogs-ux-7001/#ch2026032761266"",""Dialog、Toast、AlphabetIndexer和文本选择菜单默认开启沉浸式系统材质"")",entry\src\main\ets\pages\ngf\MainMenuPage.ets:1675,未修复,UX视觉布局变更
declare const Text: TextInterface,ArkTS,7.0.0(26) Beta1,26.0.0 - 26.0.0(26.0.0),"=HYPERLINK(""https://developer.huawei.com/consumer/cn/doc/harmonyos-releases/changelogs-ux-7001/#ch2026032761266"",""Dialog、Toast、AlphabetIndexer和文本选择菜单默认开启沉浸式系统材质"")",entry\src\main\ets\pages\ngf\MainMenuPage.ets:1678,未修复,UX视觉布局变更
declare const Text: TextInterface,ArkTS,7.0.0(26) Beta1,26.0.0 - 26.0.0(26.0.0),"=HYPERLINK(""https://developer.huawei.com/consumer/cn/doc/harmonyos-releases/changelogs-ux-7001/#ch2026032761266"",""Dialog、Toast、AlphabetIndexer和文本选择菜单默认开启沉浸式系统材质"")",entry\src\main\ets\pages\ngf\MainMenuPage.ets:1681,未修复,UX视觉布局变更
declare const Text: TextInterface,ArkTS,7.0.0(26) Beta1,26.0.0 - 26.0.0(26.0.0),"=HYPERLINK(""https://developer.huawei.com/consumer/cn/doc/harmonyos-releases/changelogs-ux-7001/#ch2026032761266"",""Dialog、Toast、AlphabetIndexer和文本选择菜单默认开启沉浸式系统材质"")",entry\src\main\ets\pages\ngf\MainMenuPage.ets:1684,未修复,UX视觉布局变更
declare const Text: TextInterface,ArkTS,7.0.0(26) Beta1,26.0.0 - 26.0.0(26.0.0),"=HYPERLINK(""https://developer.huawei.com/consumer/cn/doc/harmonyos-releases/changelogs-ux-7001/#ch2026032761266"",""Dialog、Toast、AlphabetIndexer和文本选择菜单默认开启沉浸式系统材质"")",entry\src\main\ets\pages\ngf\MainMenuPage.ets:1712,未修复,UX视觉布局变更
declare const Text: TextInterface,ArkTS,7.0.0(26) Beta1,26.0.0 - 26.0.0(26.0.0),"=HYPERLINK(""https://developer.huawei.com/consumer/cn/doc/harmonyos-releases/changelogs-ux-7001/#ch2026032761266"",""Dialog、Toast、AlphabetIndexer和文本选择菜单默认开启沉浸式系统材质"")",entry\src\main\ets\pages\ngf\MainMenuPage.ets:1741,未修复,UX视觉布局变更
declare const Text: TextInterface,ArkTS,7.0.0(26) Beta1,26.0.0 - 26.0.0(26.0.0),"=HYPERLINK(""https://developer.huawei.com/consumer/cn/doc/harmonyos-releases/changelogs-ux-7001/#ch2026032761266"",""Dialog、Toast、AlphabetIndexer和文本选择菜单默认开启沉浸式系统材质"")",entry\src\main\ets\pages\ngf\MainMenuPage.ets:1746,未修复,UX视觉布局变更
declare const Text: TextInterface,ArkTS,7.0.0(26) Beta1,26.0.0 - 26.0.0(26.0.0),"=HYPERLINK(""https://developer.huawei.com/consumer/cn/doc/harmonyos-releases/changelogs-ux-7001/#ch2026032761266"",""Dialog、Toast、AlphabetIndexer和文本选择菜单默认开启沉浸式系统材质"")",entry\src\main\ets\pages\ngf\MainMenuPage.ets:1749,未修复,UX视觉布局变更
declare const Text: TextInterface,ArkTS,7.0.0(26) Beta1,26.0.0 - 26.0.0(26.0.0),"=HYPERLINK(""https://developer.huawei.com/consumer/cn/doc/harmonyos-releases/changelogs-ux-7001/#ch2026032761266"",""Dialog、Toast、AlphabetIndexer和文本选择菜单默认开启沉浸式系统材质"")",entry\src\main\ets\pages\ngf\MainMenuPage.ets:1752,未修复,UX视觉布局变更
declare const Text: TextInterface,ArkTS,7.0.0(26) Beta1,26.0.0 - 26.0.0(26.0.0),"=HYPERLINK(""https://developer.huawei.com/consumer/cn/doc/harmonyos-releases/changelogs-ux-7001/#ch2026032761266"",""Dialog、Toast、AlphabetIndexer和文本选择菜单默认开启沉浸式系统材质"")",entry\src\main\ets\pages\ngf\MainMenuPage.ets:1755,未修复,UX视觉布局变更
declare const Text: TextInterface,ArkTS,7.0.0(26) Beta1,26.0.0 - 26.0.0(26.0.0),"=HYPERLINK(""https://developer.huawei.com/consumer/cn/doc/harmonyos-releases/changelogs-ux-7001/#ch2026032761266"",""Dialog、Toast、AlphabetIndexer和文本选择菜单默认开启沉浸式系统材质"")",entry\src\main\ets\pages\ngf\MainMenuPage.ets:1758,未修复,UX视觉布局变更
declare const Text: TextInterface,ArkTS,7.0.0(26) Beta1,26.0.0 - 26.0.0(26.0.0),"=HYPERLINK(""https://developer.huawei.com/consumer/cn/doc/harmonyos-releases/changelogs-ux-7001/#ch2026032761266"",""Dialog、Toast、AlphabetIndexer和文本选择菜单默认开启沉浸式系统材质"")",entry\src\main\ets\pages\ngf\MainMenuPage.ets:1761,未修复,UX视觉布局变更
declare const Text: TextInterface,ArkTS,7.0.0(26) Beta1,26.0.0 - 26.0.0(26.0.0),"=HYPERLINK(""https://developer.huawei.com/consumer/cn/doc/harmonyos-releases/changelogs-ux-7001/#ch2026032761266"",""Dialog、Toast、AlphabetIndexer和文本选择菜单默认开启沉浸式系统材质"")",entry\src\main\ets\pages\ngf\MainMenuPage.ets:1792,未修复,UX视觉布局变更
declare const Text: TextInterface,ArkTS,7.0.0(26) Beta1,26.0.0 - 26.0.0(26.0.0),"=HYPERLINK(""https://developer.huawei.com/consumer/cn/doc/harmonyos-releases/changelogs-ux-7001/#ch2026032761266"",""Dialog、Toast、AlphabetIndexer和文本选择菜单默认开启沉浸式系统材质"")",entry\src\main\ets\pages\ngf\MainMenuPage.ets:1851,未修复,UX视觉布局变更
declare const Text: TextInterface,ArkTS,7.0.0(26) Beta1,26.0.0 - 26.0.0(26.0.0),"=HYPERLINK(""https://developer.huawei.com/consumer/cn/doc/harmonyos-releases/changelogs-ux-7001/#ch2026032761266"",""Dialog、Toast、AlphabetIndexer和文本选择菜单默认开启沉浸式系统材质"")",entry\src\main\ets\pages\ngf\MainMenuPage.ets:1873,未修复,UX视觉布局变更
declare const Text: TextInterface,ArkTS,7.0.0(26) Beta1,26.0.0 - 26.0.0(26.0.0),"=HYPERLINK(""https://developer.huawei.com/consumer/cn/doc/harmonyos-releases/changelogs-ux-7001/#ch2026032761266"",""Dialog、Toast、AlphabetIndexer和文本选择菜单默认开启沉浸式系统材质"")",entry\src\main\ets\pages\ngf\MainMenuPage.ets:1882,未修复,UX视觉布局变更
declare const Text: TextInterface,ArkTS,7.0.0(26) Beta1,26.0.0 - 26.0.0(26.0.0),"=HYPERLINK(""https://developer.huawei.com/consumer/cn/doc/harmonyos-releases/changelogs-ux-7001/#ch2026032761266"",""Dialog、Toast、AlphabetIndexer和文本选择菜单默认开启沉浸式系统材质"")",entry\src\main\ets\pages\ngf\MainMenuPage.ets:1892,未修复,UX视觉布局变更
declare const Text: TextInterface,ArkTS,7.0.0(26) Beta1,26.0.0 - 26.0.0(26.0.0),"=HYPERLINK(""https://developer.huawei.com/consumer/cn/doc/harmonyos-releases/changelogs-ux-7001/#ch2026032761266"",""Dialog、Toast、AlphabetIndexer和文本选择菜单默认开启沉浸式系统材质"")",entry\src\main\ets\pages\ngf\MainMenuPage.ets:1908,未修复,UX视觉布局变更
declare const Text: TextInterface,ArkTS,7.0.0(26) Beta1,26.0.0 - 26.0.0(26.0.0),"=HYPERLINK(""https://developer.huawei.com/consumer/cn/doc/harmonyos-releases/changelogs-ux-7001/#ch2026032761266"",""Dialog、Toast、AlphabetIndexer和文本选择菜单默认开启沉浸式系统材质"")",entry\src\main\ets\pages\ngf\MainMenuPage.ets:1921,未修复,UX视觉布局变更
declare const Text: TextInterface,ArkTS,7.0.0(26) Beta1,26.0.0 - 26.0.0(26.0.0),"=HYPERLINK(""https://developer.huawei.com/consumer/cn/doc/harmonyos-releases/changelogs-ux-7001/#ch2026032761266"",""Dialog、Toast、AlphabetIndexer和文本选择菜单默认开启沉浸式系统材质"")",entry\src\main\ets\pages\ngf\MainMenuPage.ets:1933,未修复,UX视觉布局变更
declare const Text: TextInterface,ArkTS,7.0.0(26) Beta1,26.0.0 - 26.0.0(26.0.0),"=HYPERLINK(""https://developer.huawei.com/consumer/cn/doc/harmonyos-releases/changelogs-ux-7001/#ch2026032761266"",""Dialog、Toast、AlphabetIndexer和文本选择菜单默认开启沉浸式系统材质"")",entry\src\main\ets\pages\ngf\MainMenuPage.ets:1952,未修复,UX视觉布局变更
declare const Text: TextInterface,ArkTS,7.0.0(26) Beta1,26.0.0 - 26.0.0(26.0.0),"=HYPERLINK(""https://developer.huawei.com/consumer/cn/doc/harmonyos-releases/changelogs-ux-7001/#ch2026032761266"",""Dialog、Toast、AlphabetIndexer和文本选择菜单默认开启沉浸式系统材质"")",entry\src\main\ets\pages\ngf\MainMenuPage.ets:1959,未修复,UX视觉布局变更
declare const Text: TextInterface,ArkTS,7.0.0(26) Beta1,26.0.0 - 26.0.0(26.0.0),"=HYPERLINK(""https://developer.huawei.com/consumer/cn/doc/harmonyos-releases/changelogs-ux-7001/#ch2026032761266"",""Dialog、Toast、AlphabetIndexer和文本选择菜单默认开启沉浸式系统材质"")",entry\src\main\ets\pages\ngf\MainMenuPage.ets:1967,未修复,UX视觉布局变更
declare const Text: TextInterface,ArkTS,7.0.0(26) Beta1,26.0.0 - 26.0.0(26.0.0),"=HYPERLINK(""https://developer.huawei.com/consumer/cn/doc/harmonyos-releases/changelogs-ux-7001/#ch2026032761266"",""Dialog、Toast、AlphabetIndexer和文本选择菜单默认开启沉浸式系统材质"")",entry\src\main\ets\pages\ngf\MainMenuPage.ets:1988,未修复,UX视觉布局变更
declare const Text: TextInterface,ArkTS,7.0.0(26) Beta1,26.0.0 - 26.0.0(26.0.0),"=HYPERLINK(""https://developer.huawei.com/consumer/cn/doc/harmonyos-releases/changelogs-ux-7001/#ch2026032761266"",""Dialog、Toast、AlphabetIndexer和文本选择菜单默认开启沉浸式系统材质"")",entry\src\main\ets\pages\ngf\MainMenuPage.ets:1997,未修复,UX视觉布局变更
declare const Text: TextInterface,ArkTS,7.0.0(26) Beta1,26.0.0 - 26.0.0(26.0.0),"=HYPERLINK(""https://developer.huawei.com/consumer/cn/doc/harmonyos-releases/changelogs-ux-7001/#ch2026032761266"",""Dialog、Toast、AlphabetIndexer和文本选择菜单默认开启沉浸式系统材质"")",entry\src\main\ets\pages\ngf\MainMenuPage.ets:2004,未修复,UX视觉布局变更
declare const Text: TextInterface,ArkTS,7.0.0(26) Beta1,26.0.0 - 26.0.0(26.0.0),"=HYPERLINK(""https://developer.huawei.com/consumer/cn/doc/harmonyos-releases/changelogs-ux-7001/#ch2026032761266"",""Dialog、Toast、AlphabetIndexer和文本选择菜单默认开启沉浸式系统材质"")",entry\src\main\ets\pages\ngf\MainMenuPage.ets:2016,未修复,UX视觉布局变更
declare const Text: TextInterface,ArkTS,7.0.0(26) Beta1,26.0.0 - 26.0.0(26.0.0),"=HYPERLINK(""https://developer.huawei.com/consumer/cn/doc/harmonyos-releases/changelogs-ux-7001/#ch2026032761266"",""Dialog、Toast、AlphabetIndexer和文本选择菜单默认开启沉浸式系统材质"")",entry\src\main\ets\pages\ngf\MainMenuPage.ets:2031,未修复,UX视觉布局变更
declare const Text: TextInterface,ArkTS,7.0.0(26) Beta1,26.0.0 - 26.0.0(26.0.0),"=HYPERLINK(""https://developer.huawei.com/consumer/cn/doc/harmonyos-releases/changelogs-ux-7001/#ch2026032761266"",""Dialog、Toast、AlphabetIndexer和文本选择菜单默认开启沉浸式系统材质"")",entry\src\main\ets\pages\ngf\MainMenuPage.ets:2035,未修复,UX视觉布局变更
declare const Text: TextInterface,ArkTS,7.0.0(26) Beta1,26.0.0 - 26.0.0(26.0.0),"=HYPERLINK(""https://developer.huawei.com/consumer/cn/doc/harmonyos-releases/changelogs-ux-7001/#ch2026032761266"",""Dialog、Toast、AlphabetIndexer和文本选择菜单默认开启沉浸式系统材质"")",entry\src\main\ets\pages\ngf\MainMenuPage.ets:2063,未修复,UX视觉布局变更
declare const Text: TextInterface,ArkTS,7.0.0(26) Beta1,26.0.0 - 26.0.0(26.0.0),"=HYPERLINK(""https://developer.huawei.com/consumer/cn/doc/harmonyos-releases/changelogs-ux-7001/#ch2026032761266"",""Dialog、Toast、AlphabetIndexer和文本选择菜单默认开启沉浸式系统材质"")",entry\src\main\ets\pages\ngf\MainMenuPage.ets:2069,未修复,UX视觉布局变更
declare const Text: TextInterface,ArkTS,7.0.0(26) Beta1,26.0.0 - 26.0.0(26.0.0),"=HYPERLINK(""https://developer.huawei.com/consumer/cn/doc/harmonyos-releases/changelogs-ux-7001/#ch2026032761266"",""Dialog、Toast、AlphabetIndexer和文本选择菜单默认开启沉浸式系统材质"")",entry\src\main\ets\pages\ngf\MainMenuPage.ets:2077,未修复,UX视觉布局变更
declare const Text: TextInterface,ArkTS,7.0.0(26) Beta1,26.0.0 - 26.0.0(26.0.0),"=HYPERLINK(""https://developer.huawei.com/consumer/cn/doc/harmonyos-releases/changelogs-ux-7001/#ch2026032761266"",""Dialog、Toast、AlphabetIndexer和文本选择菜单默认开启沉浸式系统材质"")",entry\src\main\ets\pages\ngf\MainMenuPage.ets:2082,未修复,UX视觉布局变更
declare const Text: TextInterface,ArkTS,7.0.0(26) Beta1,26.0.0 - 26.0.0(26.0.0),"=HYPERLINK(""https://developer.huawei.com/consumer/cn/doc/harmonyos-releases/changelogs-ux-7001/#ch2026032761266"",""Dialog、Toast、AlphabetIndexer和文本选择菜单默认开启沉浸式系统材质"")",entry\src\main\ets\pages\ngf\MainMenuPage.ets:2086,未修复,UX视觉布局变更
declare const Text: TextInterface,ArkTS,7.0.0(26) Beta1,26.0.0 - 26.0.0(26.0.0),"=HYPERLINK(""https://developer.huawei.com/consumer/cn/doc/harmonyos-releases/changelogs-ux-7001/#ch2026032761266"",""Dialog、Toast、AlphabetIndexer和文本选择菜单默认开启沉浸式系统材质"")",entry\src\main\ets\pages\ngf\MainMenuPage.ets:2090,未修复,UX视觉布局变更
declare const Text: TextInterface,ArkTS,7.0.0(26) Beta1,26.0.0 - 26.0.0(26.0.0),"=HYPERLINK(""https://developer.huawei.com/consumer/cn/doc/harmonyos-releases/changelogs-ux-7001/#ch2026032761266"",""Dialog、Toast、AlphabetIndexer和文本选择菜单默认开启沉浸式系统材质"")",entry\src\main\ets\pages\ngf\MainMenuPage.ets:2094,未修复,UX视觉布局变更
declare const Text: TextInterface,ArkTS,7.0.0(26) Beta1,26.0.0 - 26.0.0(26.0.0),"=HYPERLINK(""https://developer.huawei.com/consumer/cn/doc/harmonyos-releases/changelogs-ux-7001/#ch2026032761266"",""Dialog、Toast、AlphabetIndexer和文本选择菜单默认开启沉浸式系统材质"")",entry\src\main\ets\pages\ngf\MainMenuPage.ets:2098,未修复,UX视觉布局变更
declare const Text: TextInterface,ArkTS,7.0.0(26) Beta1,26.0.0 - 26.0.0(26.0.0),"=HYPERLINK(""https://developer.huawei.com/consumer/cn/doc/harmonyos-releases/changelogs-ux-7001/#ch2026032761266"",""Dialog、Toast、AlphabetIndexer和文本选择菜单默认开启沉浸式系统材质"")",entry\src\main\ets\pages\ngf\MainMenuPage.ets:2122,未修复,UX视觉布局变更
declare const Text: TextInterface,ArkTS,7.0.0(26) Beta1,26.0.0 - 26.0.0(26.0.0),"=HYPERLINK(""https://developer.huawei.com/consumer/cn/doc/harmonyos-releases/changelogs-ux-7001/#ch2026032761266"",""Dialog、Toast、AlphabetIndexer和文本选择菜单默认开启沉浸式系统材质"")",entry\src\main\ets\pages\ngf\MainMenuPage.ets:2129,未修复,UX视觉布局变更
declare const Text: TextInterface,ArkTS,7.0.0(26) Beta1,26.0.0 - 26.0.0(26.0.0),"=HYPERLINK(""https://developer.huawei.com/consumer/cn/doc/harmonyos-releases/changelogs-ux-7001/#ch2026032761266"",""Dialog、Toast、AlphabetIndexer和文本选择菜单默认开启沉浸式系统材质"")",entry\src\main\ets\pages\ngf\MainMenuPage.ets:2165,未修复,UX视觉布局变更
declare const Text: TextInterface,ArkTS,7.0.0(26) Beta1,26.0.0 - 26.0.0(26.0.0),"=HYPERLINK(""https://developer.huawei.com/consumer/cn/doc/harmonyos-releases/changelogs-ux-7001/#ch2026032761266"",""Dialog、Toast、AlphabetIndexer和文本选择菜单默认开启沉浸式系统材质"")",entry\src\main\ets\pages\ngf\MainMenuPage.ets:2173,未修复,UX视觉布局变更
declare const Text: TextInterface,ArkTS,7.0.0(26) Beta1,26.0.0 - 26.0.0(26.0.0),"=HYPERLINK(""https://developer.huawei.com/consumer/cn/doc/harmonyos-releases/changelogs-ux-7001/#ch2026032761266"",""Dialog、Toast、AlphabetIndexer和文本选择菜单默认开启沉浸式系统材质"")",entry\src\main\ets\pages\ngf\MainMenuPage.ets:2203,未修复,UX视觉布局变更
declare const Text: TextInterface,ArkTS,7.0.0(26) Beta1,26.0.0 - 26.0.0(26.0.0),"=HYPERLINK(""https://developer.huawei.com/consumer/cn/doc/harmonyos-releases/changelogs-ux-7001/#ch2026032761266"",""Dialog、Toast、AlphabetIndexer和文本选择菜单默认开启沉浸式系统材质"")",entry\src\main\ets\pages\ngf\MainMenuPage.ets:2211,未修复,UX视觉布局变更
declare const Text: TextInterface,ArkTS,7.0.0(26) Beta1,26.0.0 - 26.0.0(26.0.0),"=HYPERLINK(""https://developer.huawei.com/consumer/cn/doc/harmonyos-releases/changelogs-ux-7001/#ch2026032761266"",""Dialog、Toast、AlphabetIndexer和文本选择菜单默认开启沉浸式系统材质"")",entry\src\main\ets\pages\ngf\NGFCapabilitiesDatabasePage.ets:184,未修复,UX视觉布局变更
declare const Text: TextInterface,ArkTS,7.0.0(26) Beta1,26.0.0 - 26.0.0(26.0.0),"=HYPERLINK(""https://developer.huawei.com/consumer/cn/doc/harmonyos-releases/changelogs-ux-7001/#ch2026032761266"",""Dialog、Toast、AlphabetIndexer和文本选择菜单默认开启沉浸式系统材质"")",entry\src\main\ets\pages\ngf\NGFCapabilitiesDatabasePage.ets:190,未修复,UX视觉布局变更
declare const Text: TextInterface,ArkTS,7.0.0(26) Beta1,26.0.0 - 26.0.0(26.0.0),"=HYPERLINK(""https://developer.huawei.com/consumer/cn/doc/harmonyos-releases/changelogs-ux-7001/#ch2026032761266"",""Dialog、Toast、AlphabetIndexer和文本选择菜单默认开启沉浸式系统材质"")",entry\src\main\ets\pages\ngf\NGFCapabilitiesDatabasePage.ets:197,未修复,UX视觉布局变更
declare const Text: TextInterface,ArkTS,7.0.0(26) Beta1,26.0.0 - 26.0.0(26.0.0),"=HYPERLINK(""https://developer.huawei.com/consumer/cn/doc/harmonyos-releases/changelogs-ux-7001/#ch2026032761266"",""Dialog、Toast、AlphabetIndexer和文本选择菜单默认开启沉浸式系统材质"")",entry\src\main\ets\pages\ngf\NGFCapabilitiesDatabasePage.ets:207,未修复,UX视觉布局变更
declare const Text: TextInterface,ArkTS,7.0.0(26) Beta1,26.0.0 - 26.0.0(26.0.0),"=HYPERLINK(""https://developer.huawei.com/consumer/cn/doc/harmonyos-releases/changelogs-ux-7001/#ch2026032761266"",""Dialog、Toast、AlphabetIndexer和文本选择菜单默认开启沉浸式系统材质"")",entry\src\main\ets\pages\ngf\NGFCapabilitiesDatabasePage.ets:275,未修复,UX视觉布局变更
declare const Text: TextInterface,ArkTS,7.0.0(26) Beta1,26.0.0 - 26.0.0(26.0.0),"=HYPERLINK(""https://developer.huawei.com/consumer/cn/doc/harmonyos-releases/changelogs-ux-7001/#ch2026032761266"",""Dialog、Toast、AlphabetIndexer和文本选择菜单默认开启沉浸式系统材质"")",entry\src\main\ets\pages\ngf\NGFCapabilitiesDatabasePage.ets:289,未修复,UX视觉布局变更
declare const Text: TextInterface,ArkTS,7.0.0(26) Beta1,26.0.0 - 26.0.0(26.0.0),"=HYPERLINK(""https://developer.huawei.com/consumer/cn/doc/harmonyos-releases/changelogs-ux-7001/#ch2026032761266"",""Dialog、Toast、AlphabetIndexer和文本选择菜单默认开启沉浸式系统材质"")",entry\src\main\ets\pages\ngf\NGFCapabilitiesDatabasePage.ets:318,未修复,UX视觉布局变更
declare const Text: TextInterface,ArkTS,7.0.0(26) Beta1,26.0.0 - 26.0.0(26.0.0),"=HYPERLINK(""https://developer.huawei.com/consumer/cn/doc/harmonyos-releases/changelogs-ux-7001/#ch2026032761266"",""Dialog、Toast、AlphabetIndexer和文本选择菜单默认开启沉浸式系统材质"")",entry\src\main\ets\pages\ngf\NGFCapabilitiesDatabasePage.ets:323,未修复,UX视觉布局变更
declare const Text: TextInterface,ArkTS,7.0.0(26) Beta1,26.0.0 - 26.0.0(26.0.0),"=HYPERLINK(""https://developer.huawei.com/consumer/cn/doc/harmonyos-releases/changelogs-ux-7001/#ch2026032761266"",""Dialog、Toast、AlphabetIndexer和文本选择菜单默认开启沉浸式系统材质"")",entry\src\main\ets\pages\ngf\NGFCapabilitiesHardwarePage.ets:128,未修复,UX视觉布局变更
declare const Text: TextInterface,ArkTS,7.0.0(26) Beta1,26.0.0 - 26.0.0(26.0.0),"=HYPERLINK(""https://developer.huawei.com/consumer/cn/doc/harmonyos-releases/changelogs-ux-7001/#ch2026032761266"",""Dialog、Toast、AlphabetIndexer和文本选择菜单默认开启沉浸式系统材质"")",entry\src\main\ets\pages\ngf\NGFCapabilitiesHardwarePage.ets:138,未修复,UX视觉布局变更
declare const Text: TextInterface,ArkTS,7.0.0(26) Beta1,26.0.0 - 26.0.0(26.0.0),"=HYPERLINK(""https://developer.huawei.com/consumer/cn/doc/harmonyos-releases/changelogs-ux-7001/#ch2026032761266"",""Dialog、Toast、AlphabetIndexer和文本选择菜单默认开启沉浸式系统材质"")",entry\src\main\ets\pages\ngf\NGFCapabilitiesHardwarePage.ets:83,未修复,UX视觉布局变更
declare const Text: TextInterface,ArkTS,7.0.0(26) Beta1,26.0.0 - 26.0.0(26.0.0),"=HYPERLINK(""https://developer.huawei.com/consumer/cn/doc/harmonyos-releases/changelogs-ux-7001/#ch2026032761266"",""Dialog、Toast、AlphabetIndexer和文本选择菜单默认开启沉浸式系统材质"")",entry\src\main\ets\pages\ngf\NGFCapabilitiesHardwarePage.ets:87,未修复,UX视觉布局变更
declare const Text: TextInterface,ArkTS,7.0.0(26) Beta1,26.0.0 - 26.0.0(26.0.0),"=HYPERLINK(""https://developer.huawei.com/consumer/cn/doc/harmonyos-releases/changelogs-ux-7001/#ch2026032761266"",""Dialog、Toast、AlphabetIndexer和文本选择菜单默认开启沉浸式系统材质"")",entry\src\main\ets\pages\ngf\NGFCapabilitiesMediaPage.ets:126,未修复,UX视觉布局变更
declare const Text: TextInterface,ArkTS,7.0.0(26) Beta1,26.0.0 - 26.0.0(26.0.0),"=HYPERLINK(""https://developer.huawei.com/consumer/cn/doc/harmonyos-releases/changelogs-ux-7001/#ch2026032761266"",""Dialog、Toast、AlphabetIndexer和文本选择菜单默认开启沉浸式系统材质"")",entry\src\main\ets\pages\ngf\NGFCapabilitiesMediaPage.ets:81,未修复,UX视觉布局变更
declare const Text: TextInterface,ArkTS,7.0.0(26) Beta1,26.0.0 - 26.0.0(26.0.0),"=HYPERLINK(""https://developer.huawei.com/consumer/cn/doc/harmonyos-releases/changelogs-ux-7001/#ch2026032761266"",""Dialog、Toast、AlphabetIndexer和文本选择菜单默认开启沉浸式系统材质"")",entry\src\main\ets\pages\ngf\NGFCapabilitiesMediaPage.ets:85,未修复,UX视觉布局变更
declare const Text: TextInterface,ArkTS,7.0.0(26) Beta1,26.0.0 - 26.0.0(26.0.0),"=HYPERLINK(""https://developer.huawei.com/consumer/cn/doc/harmonyos-releases/changelogs-ux-7001/#ch2026032761266"",""Dialog、Toast、AlphabetIndexer和文本选择菜单默认开启沉浸式系统材质"")",entry\src\main\ets\pages\ngf\NGFCapabilitiesNetworkPage.ets:115,未修复,UX视觉布局变更
declare const Text: TextInterface,ArkTS,7.0.0(26) Beta1,26.0.0 - 26.0.0(26.0.0),"=HYPERLINK(""https://developer.huawei.com/consumer/cn/doc/harmonyos-releases/changelogs-ux-7001/#ch2026032761266"",""Dialog、Toast、AlphabetIndexer和文本选择菜单默认开启沉浸式系统材质"")",entry\src\main\ets\pages\ngf\NGFCapabilitiesNetworkPage.ets:125,未修复,UX视觉布局变更
declare const Text: TextInterface,ArkTS,7.0.0(26) Beta1,26.0.0 - 26.0.0(26.0.0),"=HYPERLINK(""https://developer.huawei.com/consumer/cn/doc/harmonyos-releases/changelogs-ux-7001/#ch2026032761266"",""Dialog、Toast、AlphabetIndexer和文本选择菜单默认开启沉浸式系统材质"")",entry\src\main\ets\pages\ngf\NGFCapabilitiesNetworkPage.ets:82,未修复,UX视觉布局变更
declare const Text: TextInterface,ArkTS,7.0.0(26) Beta1,26.0.0 - 26.0.0(26.0.0),"=HYPERLINK(""https://developer.huawei.com/consumer/cn/doc/harmonyos-releases/changelogs-ux-7001/#ch2026032761266"",""Dialog、Toast、AlphabetIndexer和文本选择菜单默认开启沉浸式系统材质"")",entry\src\main\ets\pages\ngf\NGFCapabilitiesNetworkPage.ets:86,未修复,UX视觉布局变更
declare const Text: TextInterface,ArkTS,7.0.0(26) Beta1,26.0.0 - 26.0.0(26.0.0),"=HYPERLINK(""https://developer.huawei.com/consumer/cn/doc/harmonyos-releases/changelogs-ux-7001/#ch2026032761266"",""Dialog、Toast、AlphabetIndexer和文本选择菜单默认开启沉浸式系统材质"")",entry\src\main\ets\pages\ngf\NGFCapabilitiesSecurityPage.ets:115,未修复,UX视觉布局变更
declare const Text: TextInterface,ArkTS,7.0.0(26) Beta1,26.0.0 - 26.0.0(26.0.0),"=HYPERLINK(""https://developer.huawei.com/consumer/cn/doc/harmonyos-releases/changelogs-ux-7001/#ch2026032761266"",""Dialog、Toast、AlphabetIndexer和文本选择菜单默认开启沉浸式系统材质"")",entry\src\main\ets\pages\ngf\NGFCapabilitiesSecurityPage.ets:125,未修复,UX视觉布局变更
declare const Text: TextInterface,ArkTS,7.0.0(26) Beta1,26.0.0 - 26.0.0(26.0.0),"=HYPERLINK(""https://developer.huawei.com/consumer/cn/doc/harmonyos-releases/changelogs-ux-7001/#ch2026032761266"",""Dialog、Toast、AlphabetIndexer和文本选择菜单默认开启沉浸式系统材质"")",entry\src\main\ets\pages\ngf\NGFCapabilitiesSecurityPage.ets:82,未修复,UX视觉布局变更
declare const Text: TextInterface,ArkTS,7.0.0(26) Beta1,26.0.0 - 26.0.0(26.0.0),"=HYPERLINK(""https://developer.huawei.com/consumer/cn/doc/harmonyos-releases/changelogs-ux-7001/#ch2026032761266"",""Dialog、Toast、AlphabetIndexer和文本选择菜单默认开启沉浸式系统材质"")",entry\src\main\ets\pages\ngf\NGFCapabilitiesSecurityPage.ets:86,未修复,UX视觉布局变更
declare const Text: TextInterface,ArkTS,7.0.0(26) Beta1,26.0.0 - 26.0.0(26.0.0),"=HYPERLINK(""https://developer.huawei.com/consumer/cn/doc/harmonyos-releases/changelogs-ux-7001/#ch2026032761266"",""Dialog、Toast、AlphabetIndexer和文本选择菜单默认开启沉浸式系统材质"")",entry\src\main\ets\pages\ngf\NGFCapabilitiesTabContent.ets:71,未修复,UX视觉布局变更
declare const Text: TextInterface,ArkTS,7.0.0(26) Beta1,26.0.0 - 26.0.0(26.0.0),"=HYPERLINK(""https://developer.huawei.com/consumer/cn/doc/harmonyos-releases/changelogs-ux-7001/#ch2026032761266"",""Dialog、Toast、AlphabetIndexer和文本选择菜单默认开启沉浸式系统材质"")",entry\src\main\ets\pages\ngf\NGFCapabilitiesTabContent.ets:75,未修复,UX视觉布局变更
declare const Text: TextInterface,ArkTS,7.0.0(26) Beta1,26.0.0 - 26.0.0(26.0.0),"=HYPERLINK(""https://developer.huawei.com/consumer/cn/doc/harmonyos-releases/changelogs-ux-7001/#ch2026032761266"",""Dialog、Toast、AlphabetIndexer和文本选择菜单默认开启沉浸式系统材质"")",entry\src\main\ets\pages\ngf\NGFCapabilitiesWebBridgePage.ets:112,未修复,UX视觉布局变更
declare const Text: TextInterface,ArkTS,7.0.0(26) Beta1,26.0.0 - 26.0.0(26.0.0),"=HYPERLINK(""https://developer.huawei.com/consumer/cn/doc/harmonyos-releases/changelogs-ux-7001/#ch2026032761266"",""Dialog、Toast、AlphabetIndexer和文本选择菜单默认开启沉浸式系统材质"")",entry\src\main\ets\pages\ngf\NGFCapabilitiesWebBridgePage.ets:82,未修复,UX视觉布局变更
declare const Text: TextInterface,ArkTS,7.0.0(26) Beta1,26.0.0 - 26.0.0(26.0.0),"=HYPERLINK(""https://developer.huawei.com/consumer/cn/doc/harmonyos-releases/changelogs-ux-7001/#ch2026032761266"",""Dialog、Toast、AlphabetIndexer和文本选择菜单默认开启沉浸式系统材质"")",entry\src\main\ets\pages\ngf\NGFCapabilitiesWebBridgePage.ets:86,未修复,UX视觉布局变更
declare const Text: TextInterface,ArkTS,7.0.0(26) Beta1,26.0.0 - 26.0.0(26.0.0),"=HYPERLINK(""https://developer.huawei.com/consumer/cn/doc/harmonyos-releases/changelogs-ux-7001/#ch2026032761266"",""Dialog、Toast、AlphabetIndexer和文本选择菜单默认开启沉浸式系统材质"")",entry\src\main\ets\pages\ngf\NGFDemoDataStoragePage.ets:120,未修复,UX视觉布局变更
declare const Text: TextInterface,ArkTS,7.0.0(26) Beta1,26.0.0 - 26.0.0(26.0.0),"=HYPERLINK(""https://developer.huawei.com/consumer/cn/doc/harmonyos-releases/changelogs-ux-7001/#ch2026032761266"",""Dialog、Toast、AlphabetIndexer和文本选择菜单默认开启沉浸式系统材质"")",entry\src\main\ets\pages\ngf\NGFDemoDataStoragePage.ets:124,未修复,UX视觉布局变更
declare const Text: TextInterface,ArkTS,7.0.0(26) Beta1,26.0.0 - 26.0.0(26.0.0),"=HYPERLINK(""https://developer.huawei.com/consumer/cn/doc/harmonyos-releases/changelogs-ux-7001/#ch2026032761266"",""Dialog、Toast、AlphabetIndexer和文本选择菜单默认开启沉浸式系统材质"")",entry\src\main\ets\pages\ngf\NGFDemoDataStoragePage.ets:142,未修复,UX视觉布局变更
declare const Text: TextInterface,ArkTS,7.0.0(26) Beta1,26.0.0 - 26.0.0(26.0.0),"=HYPERLINK(""https://developer.huawei.com/consumer/cn/doc/harmonyos-releases/changelogs-ux-7001/#ch2026032761266"",""Dialog、Toast、AlphabetIndexer和文本选择菜单默认开启沉浸式系统材质"")",entry\src\main\ets\pages\ngf\NGFDemoDataStoragePage.ets:147,未修复,UX视觉布局变更
declare const Text: TextInterface,ArkTS,7.0.0(26) Beta1,26.0.0 - 26.0.0(26.0.0),"=HYPERLINK(""https://developer.huawei.com/consumer/cn/doc/harmonyos-releases/changelogs-ux-7001/#ch2026032761266"",""Dialog、Toast、AlphabetIndexer和文本选择菜单默认开启沉浸式系统材质"")",entry\src\main\ets\pages\ngf\NGFDemoDataStoragePage.ets:193,未修复,UX视觉布局变更
declare const Text: TextInterface,ArkTS,7.0.0(26) Beta1,26.0.0 - 26.0.0(26.0.0),"=HYPERLINK(""https://developer.huawei.com/consumer/cn/doc/harmonyos-releases/changelogs-ux-7001/#ch2026032761266"",""Dialog、Toast、AlphabetIndexer和文本选择菜单默认开启沉浸式系统材质"")",entry\src\main\ets\pages\ngf\NGFDemoDataStoragePage.ets:230,未修复,UX视觉布局变更
declare const Text: TextInterface,ArkTS,7.0.0(26) Beta1,26.0.0 - 26.0.0(26.0.0),"=HYPERLINK(""https://developer.huawei.com/consumer/cn/doc/harmonyos-releases/changelogs-ux-7001/#ch2026032761266"",""Dialog、Toast、AlphabetIndexer和文本选择菜单默认开启沉浸式系统材质"")",entry\src\main\ets\pages\ngf\NGFDemoDataStoragePage.ets:233,未修复,UX视觉布局变更
declare const Text: TextInterface,ArkTS,7.0.0(26) Beta1,26.0.0 - 26.0.0(26.0.0),"=HYPERLINK(""https://developer.huawei.com/consumer/cn/doc/harmonyos-releases/changelogs-ux-7001/#ch2026032761266"",""Dialog、Toast、AlphabetIndexer和文本选择菜单默认开启沉浸式系统材质"")",entry\src\main\ets\pages\ngf\NGFDemoDataStoragePage.ets:246,未修复,UX视觉布局变更
declare const Text: TextInterface,ArkTS,7.0.0(26) Beta1,26.0.0 - 26.0.0(26.0.0),"=HYPERLINK(""https://developer.huawei.com/consumer/cn/doc/harmonyos-releases/changelogs-ux-7001/#ch2026032761266"",""Dialog、Toast、AlphabetIndexer和文本选择菜单默认开启沉浸式系统材质"")",entry\src\main\ets\pages\ngf\NGFDemoDataStoragePage.ets:263,未修复,UX视觉布局变更
declare const Text: TextInterface,ArkTS,7.0.0(26) Beta1,26.0.0 - 26.0.0(26.0.0),"=HYPERLINK(""https://developer.huawei.com/consumer/cn/doc/harmonyos-releases/changelogs-ux-7001/#ch2026032761266"",""Dialog、Toast、AlphabetIndexer和文本选择菜单默认开启沉浸式系统材质"")",entry\src\main\ets\pages\ngf\NGFDemoDataStoragePage.ets:282,未修复,UX视觉布局变更
declare const Text: TextInterface,ArkTS,7.0.0(26) Beta1,26.0.0 - 26.0.0(26.0.0),"=HYPERLINK(""https://developer.huawei.com/consumer/cn/doc/harmonyos-releases/changelogs-ux-7001/#ch2026032761266"",""Dialog、Toast、AlphabetIndexer和文本选择菜单默认开启沉浸式系统材质"")",entry\src\main\ets\pages\ngf\NGFDemoDataStoragePage.ets:288,未修复,UX视觉布局变更
declare const Text: TextInterface,ArkTS,7.0.0(26) Beta1,26.0.0 - 26.0.0(26.0.0),"=HYPERLINK(""https://developer.huawei.com/consumer/cn/doc/harmonyos-releases/changelogs-ux-7001/#ch2026032761266"",""Dialog、Toast、AlphabetIndexer和文本选择菜单默认开启沉浸式系统材质"")",entry\src\main\ets\pages\ngf\NGFDemoDataStoragePage.ets:292,未修复,UX视觉布局变更
declare const Text: TextInterface,ArkTS,7.0.0(26) Beta1,26.0.0 - 26.0.0(26.0.0),"=HYPERLINK(""https://developer.huawei.com/consumer/cn/doc/harmonyos-releases/changelogs-ux-7001/#ch2026032761266"",""Dialog、Toast、AlphabetIndexer和文本选择菜单默认开启沉浸式系统材质"")",entry\src\main\ets\pages\ngf\NGFDemoDataStoragePage.ets:320,未修复,UX视觉布局变更
declare const Text: TextInterface,ArkTS,7.0.0(26) Beta1,26.0.0 - 26.0.0(26.0.0),"=HYPERLINK(""https://developer.huawei.com/consumer/cn/doc/harmonyos-releases/changelogs-ux-7001/#ch2026032761266"",""Dialog、Toast、AlphabetIndexer和文本选择菜单默认开启沉浸式系统材质"")",entry\src\main\ets\pages\ngf\NGFDemoDataStoragePage.ets:389,未修复,UX视觉布局变更
declare const Text: TextInterface,ArkTS,7.0.0(26) Beta1,26.0.0 - 26.0.0(26.0.0),"=HYPERLINK(""https://developer.huawei.com/consumer/cn/doc/harmonyos-releases/changelogs-ux-7001/#ch2026032761266"",""Dialog、Toast、AlphabetIndexer和文本选择菜单默认开启沉浸式系统材质"")",entry\src\main\ets\pages\ngf\NGFDemoDataStoragePage.ets:392,未修复,UX视觉布局变更
declare const Text: TextInterface,ArkTS,7.0.0(26) Beta1,26.0.0 - 26.0.0(26.0.0),"=HYPERLINK(""https://developer.huawei.com/consumer/cn/doc/harmonyos-releases/changelogs-ux-7001/#ch2026032761266"",""Dialog、Toast、AlphabetIndexer和文本选择菜单默认开启沉浸式系统材质"")",entry\src\main\ets\pages\ngf\NGFDemoDataStoragePage.ets:401,未修复,UX视觉布局变更
declare const Text: TextInterface,ArkTS,7.0.0(26) Beta1,26.0.0 - 26.0.0(26.0.0),"=HYPERLINK(""https://developer.huawei.com/consumer/cn/doc/harmonyos-releases/changelogs-ux-7001/#ch2026032761266"",""Dialog、Toast、AlphabetIndexer和文本选择菜单默认开启沉浸式系统材质"")",entry\src\main\ets\pages\ngf\NGFDemoDataStoragePage.ets:404,未修复,UX视觉布局变更
declare const Text: TextInterface,ArkTS,7.0.0(26) Beta1,26.0.0 - 26.0.0(26.0.0),"=HYPERLINK(""https://developer.huawei.com/consumer/cn/doc/harmonyos-releases/changelogs-ux-7001/#ch2026032761266"",""Dialog、Toast、AlphabetIndexer和文本选择菜单默认开启沉浸式系统材质"")",entry\src\main\ets\pages\ngf\NGFDemoDataStoragePage.ets:413,未修复,UX视觉布局变更
declare const Text: TextInterface,ArkTS,7.0.0(26) Beta1,26.0.0 - 26.0.0(26.0.0),"=HYPERLINK(""https://developer.huawei.com/consumer/cn/doc/harmonyos-releases/changelogs-ux-7001/#ch2026032761266"",""Dialog、Toast、AlphabetIndexer和文本选择菜单默认开启沉浸式系统材质"")",entry\src\main\ets\pages\ngf\NGFDemoDataStoragePage.ets:416,未修复,UX视觉布局变更
declare const Text: TextInterface,ArkTS,7.0.0(26) Beta1,26.0.0 - 26.0.0(26.0.0),"=HYPERLINK(""https://developer.huawei.com/consumer/cn/doc/harmonyos-releases/changelogs-ux-7001/#ch2026032761266"",""Dialog、Toast、AlphabetIndexer和文本选择菜单默认开启沉浸式系统材质"")",entry\src\main\ets\pages\ngf\NGFDemoDeviceDisplayPage.ets:125,未修复,UX视觉布局变更
declare const Text: TextInterface,ArkTS,7.0.0(26) Beta1,26.0.0 - 26.0.0(26.0.0),"=HYPERLINK(""https://developer.huawei.com/consumer/cn/doc/harmonyos-releases/changelogs-ux-7001/#ch2026032761266"",""Dialog、Toast、AlphabetIndexer和文本选择菜单默认开启沉浸式系统材质"")",entry\src\main\ets\pages\ngf\NGFDemoDeviceDisplayPage.ets:129,未修复,UX视觉布局变更
declare const Text: TextInterface,ArkTS,7.0.0(26) Beta1,26.0.0 - 26.0.0(26.0.0),"=HYPERLINK(""https://developer.huawei.com/consumer/cn/doc/harmonyos-releases/changelogs-ux-7001/#ch2026032761266"",""Dialog、Toast、AlphabetIndexer和文本选择菜单默认开启沉浸式系统材质"")",entry\src\main\ets\pages\ngf\NGFDemoDeviceDisplayPage.ets:147,未修复,UX视觉布局变更
declare const Text: TextInterface,ArkTS,7.0.0(26) Beta1,26.0.0 - 26.0.0(26.0.0),"=HYPERLINK(""https://developer.huawei.com/consumer/cn/doc/harmonyos-releases/changelogs-ux-7001/#ch2026032761266"",""Dialog、Toast、AlphabetIndexer和文本选择菜单默认开启沉浸式系统材质"")",entry\src\main\ets\pages\ngf\NGFDemoDeviceDisplayPage.ets:211,未修复,UX视觉布局变更
declare const Text: TextInterface,ArkTS,7.0.0(26) Beta1,26.0.0 - 26.0.0(26.0.0),"=HYPERLINK(""https://developer.huawei.com/consumer/cn/doc/harmonyos-releases/changelogs-ux-7001/#ch2026032761266"",""Dialog、Toast、AlphabetIndexer和文本选择菜单默认开启沉浸式系统材质"")",entry\src\main\ets\pages\ngf\NGFDemoDeviceDisplayPage.ets:215,未修复,UX视觉布局变更
declare const Text: TextInterface,ArkTS,7.0.0(26) Beta1,26.0.0 - 26.0.0(26.0.0),"=HYPERLINK(""https://developer.huawei.com/consumer/cn/doc/harmonyos-releases/changelogs-ux-7001/#ch2026032761266"",""Dialog、Toast、AlphabetIndexer和文本选择菜单默认开启沉浸式系统材质"")",entry\src\main\ets\pages\ngf\NGFDemoDeviceDisplayPage.ets:239,未修复,UX视觉布局变更
declare const Text: TextInterface,ArkTS,7.0.0(26) Beta1,26.0.0 - 26.0.0(26.0.0),"=HYPERLINK(""https://developer.huawei.com/consumer/cn/doc/harmonyos-releases/changelogs-ux-7001/#ch2026032761266"",""Dialog、Toast、AlphabetIndexer和文本选择菜单默认开启沉浸式系统材质"")",entry\src\main\ets\pages\ngf\NGFDemoDeviceDisplayPage.ets:259,未修复,UX视觉布局变更
declare const Text: TextInterface,ArkTS,7.0.0(26) Beta1,26.0.0 - 26.0.0(26.0.0),"=HYPERLINK(""https://developer.huawei.com/consumer/cn/doc/harmonyos-releases/changelogs-ux-7001/#ch2026032761266"",""Dialog、Toast、AlphabetIndexer和文本选择菜单默认开启沉浸式系统材质"")",entry\src\main\ets\pages\ngf\NGFDemoDeviceDisplayPage.ets:263,未修复,UX视觉布局变更
declare const Text: TextInterface,ArkTS,7.0.0(26) Beta1,26.0.0 - 26.0.0(26.0.0),"=HYPERLINK(""https://developer.huawei.com/consumer/cn/doc/harmonyos-releases/changelogs-ux-7001/#ch2026032761266"",""Dialog、Toast、AlphabetIndexer和文本选择菜单默认开启沉浸式系统材质"")",entry\src\main\ets\pages\ngf\NGFDemoDeviceDisplayPage.ets:271,未修复,UX视觉布局变更
declare const Text: TextInterface,ArkTS,7.0.0(26) Beta1,26.0.0 - 26.0.0(26.0.0),"=HYPERLINK(""https://developer.huawei.com/consumer/cn/doc/harmonyos-releases/changelogs-ux-7001/#ch2026032761266"",""Dialog、Toast、AlphabetIndexer和文本选择菜单默认开启沉浸式系统材质"")",entry\src\main\ets\pages\ngf\NGFDemoDeviceDisplayPage.ets:299,未修复,UX视觉布局变更
declare const Text: TextInterface,ArkTS,7.0.0(26) Beta1,26.0.0 - 26.0.0(26.0.0),"=HYPERLINK(""https://developer.huawei.com/consumer/cn/doc/harmonyos-releases/changelogs-ux-7001/#ch2026032761266"",""Dialog、Toast、AlphabetIndexer和文本选择菜单默认开启沉浸式系统材质"")",entry\src\main\ets\pages\ngf\NGFDemoDeviceDisplayPage.ets:365,未修复,UX视觉布局变更
declare const Text: TextInterface,ArkTS,7.0.0(26) Beta1,26.0.0 - 26.0.0(26.0.0),"=HYPERLINK(""https://developer.huawei.com/consumer/cn/doc/harmonyos-releases/changelogs-ux-7001/#ch2026032761266"",""Dialog、Toast、AlphabetIndexer和文本选择菜单默认开启沉浸式系统材质"")",entry\src\main\ets\pages\ngf\NGFDemoDeviceDisplayPage.ets:368,未修复,UX视觉布局变更
declare const Text: TextInterface,ArkTS,7.0.0(26) Beta1,26.0.0 - 26.0.0(26.0.0),"=HYPERLINK(""https://developer.huawei.com/consumer/cn/doc/harmonyos-releases/changelogs-ux-7001/#ch2026032761266"",""Dialog、Toast、AlphabetIndexer和文本选择菜单默认开启沉浸式系统材质"")",entry\src\main\ets\pages\ngf\NGFDemoDeviceDisplayPage.ets:380,未修复,UX视觉布局变更
declare const Text: TextInterface,ArkTS,7.0.0(26) Beta1,26.0.0 - 26.0.0(26.0.0),"=HYPERLINK(""https://developer.huawei.com/consumer/cn/doc/harmonyos-releases/changelogs-ux-7001/#ch2026032761266"",""Dialog、Toast、AlphabetIndexer和文本选择菜单默认开启沉浸式系统材质"")",entry\src\main\ets\pages\ngf\NGFDemoDeviceDisplayPage.ets:383,未修复,UX视觉布局变更
declare const Text: TextInterface,ArkTS,7.0.0(26) Beta1,26.0.0 - 26.0.0(26.0.0),"=HYPERLINK(""https://developer.huawei.com/consumer/cn/doc/harmonyos-releases/changelogs-ux-7001/#ch2026032761266"",""Dialog、Toast、AlphabetIndexer和文本选择菜单默认开启沉浸式系统材质"")",entry\src\main\ets\pages\ngf\NGFDemoDeviceDisplayPage.ets:396,未修复,UX视觉布局变更
declare const Text: TextInterface,ArkTS,7.0.0(26) Beta1,26.0.0 - 26.0.0(26.0.0),"=HYPERLINK(""https://developer.huawei.com/consumer/cn/doc/harmonyos-releases/changelogs-ux-7001/#ch2026032761266"",""Dialog、Toast、AlphabetIndexer和文本选择菜单默认开启沉浸式系统材质"")",entry\src\main\ets\pages\ngf\NGFDemoErrorRecoveryPage.ets:154,未修复,UX视觉布局变更
declare const Text: TextInterface,ArkTS,7.0.0(26) Beta1,26.0.0 - 26.0.0(26.0.0),"=HYPERLINK(""https://developer.huawei.com/consumer/cn/doc/harmonyos-releases/changelogs-ux-7001/#ch2026032761266"",""Dialog、Toast、AlphabetIndexer和文本选择菜单默认开启沉浸式系统材质"")",entry\src\main\ets\pages\ngf\NGFDemoErrorRecoveryPage.ets:158,未修复,UX视觉布局变更
declare const Text: TextInterface,ArkTS,7.0.0(26) Beta1,26.0.0 - 26.0.0(26.0.0),"=HYPERLINK(""https://developer.huawei.com/consumer/cn/doc/harmonyos-releases/changelogs-ux-7001/#ch2026032761266"",""Dialog、Toast、AlphabetIndexer和文本选择菜单默认开启沉浸式系统材质"")",entry\src\main\ets\pages\ngf\NGFDemoErrorRecoveryPage.ets:176,未修复,UX视觉布局变更
declare const Text: TextInterface,ArkTS,7.0.0(26) Beta1,26.0.0 - 26.0.0(26.0.0),"=HYPERLINK(""https://developer.huawei.com/consumer/cn/doc/harmonyos-releases/changelogs-ux-7001/#ch2026032761266"",""Dialog、Toast、AlphabetIndexer和文本选择菜单默认开启沉浸式系统材质"")",entry\src\main\ets\pages\ngf\NGFDemoErrorRecoveryPage.ets:181,未修复,UX视觉布局变更
declare const Text: TextInterface,ArkTS,7.0.0(26) Beta1,26.0.0 - 26.0.0(26.0.0),"=HYPERLINK(""https://developer.huawei.com/consumer/cn/doc/harmonyos-releases/changelogs-ux-7001/#ch2026032761266"",""Dialog、Toast、AlphabetIndexer和文本选择菜单默认开启沉浸式系统材质"")",entry\src\main\ets\pages\ngf\NGFDemoErrorRecoveryPage.ets:230,未修复,UX视觉布局变更
declare const Text: TextInterface,ArkTS,7.0.0(26) Beta1,26.0.0 - 26.0.0(26.0.0),"=HYPERLINK(""https://developer.huawei.com/consumer/cn/doc/harmonyos-releases/changelogs-ux-7001/#ch2026032761266"",""Dialog、Toast、AlphabetIndexer和文本选择菜单默认开启沉浸式系统材质"")",entry\src\main\ets\pages\ngf\NGFDemoErrorRecoveryPage.ets:238,未修复,UX视觉布局变更
declare const Text: TextInterface,ArkTS,7.0.0(26) Beta1,26.0.0 - 26.0.0(26.0.0),"=HYPERLINK(""https://developer.huawei.com/consumer/cn/doc/harmonyos-releases/changelogs-ux-7001/#ch2026032761266"",""Dialog、Toast、AlphabetIndexer和文本选择菜单默认开启沉浸式系统材质"")",entry\src\main\ets\pages\ngf\NGFDemoErrorRecoveryPage.ets:241,未修复,UX视觉布局变更
declare const Text: TextInterface,ArkTS,7.0.0(26) Beta1,26.0.0 - 26.0.0(26.0.0),"=HYPERLINK(""https://developer.huawei.com/consumer/cn/doc/harmonyos-releases/changelogs-ux-7001/#ch2026032761266"",""Dialog、Toast、AlphabetIndexer和文本选择菜单默认开启沉浸式系统材质"")",entry\src\main\ets\pages\ngf\NGFDemoErrorRecoveryPage.ets:259,未修复,UX视觉布局变更
declare const Text: TextInterface,ArkTS,7.0.0(26) Beta1,26.0.0 - 26.0.0(26.0.0),"=HYPERLINK(""https://developer.huawei.com/consumer/cn/doc/harmonyos-releases/changelogs-ux-7001/#ch2026032761266"",""Dialog、Toast、AlphabetIndexer和文本选择菜单默认开启沉浸式系统材质"")",entry\src\main\ets\pages\ngf\NGFDemoErrorRecoveryPage.ets:264,未修复,UX视觉布局变更
declare const Text: TextInterface,ArkTS,7.0.0(26) Beta1,26.0.0 - 26.0.0(26.0.0),"=HYPERLINK(""https://developer.huawei.com/consumer/cn/doc/harmonyos-releases/changelogs-ux-7001/#ch2026032761266"",""Dialog、Toast、AlphabetIndexer和文本选择菜单默认开启沉浸式系统材质"")",entry\src\main\ets\pages\ngf\NGFDemoErrorRecoveryPage.ets:300,未修复,UX视觉布局变更
declare const Text: TextInterface,ArkTS,7.0.0(26) Beta1,26.0.0 - 26.0.0(26.0.0),"=HYPERLINK(""https://developer.huawei.com/consumer/cn/doc/harmonyos-releases/changelogs-ux-7001/#ch2026032761266"",""Dialog、Toast、AlphabetIndexer和文本选择菜单默认开启沉浸式系统材质"")",entry\src\main\ets\pages\ngf\NGFDemoErrorRecoveryPage.ets:304,未修复,UX视觉布局变更
declare const Text: TextInterface,ArkTS,7.0.0(26) Beta1,26.0.0 - 26.0.0(26.0.0),"=HYPERLINK(""https://developer.huawei.com/consumer/cn/doc/harmonyos-releases/changelogs-ux-7001/#ch2026032761266"",""Dialog、Toast、AlphabetIndexer和文本选择菜单默认开启沉浸式系统材质"")",entry\src\main\ets\pages\ngf\NGFDemoErrorRecoveryPage.ets:320,未修复,UX视觉布局变更
declare const Text: TextInterface,ArkTS,7.0.0(26) Beta1,26.0.0 - 26.0.0(26.0.0),"=HYPERLINK(""https://developer.huawei.com/consumer/cn/doc/harmonyos-releases/changelogs-ux-7001/#ch2026032761266"",""Dialog、Toast、AlphabetIndexer和文本选择菜单默认开启沉浸式系统材质"")",entry\src\main\ets\pages\ngf\NGFDemoErrorRecoveryPage.ets:326,未修复,UX视觉布局变更
declare const Text: TextInterface,ArkTS,7.0.0(26) Beta1,26.0.0 - 26.0.0(26.0.0),"=HYPERLINK(""https://developer.huawei.com/consumer/cn/doc/harmonyos-releases/changelogs-ux-7001/#ch2026032761266"",""Dialog、Toast、AlphabetIndexer和文本选择菜单默认开启沉浸式系统材质"")",entry\src\main\ets\pages\ngf\NGFDemoErrorRecoveryPage.ets:337,未修复,UX视觉布局变更
declare const Text: TextInterface,ArkTS,7.0.0(26) Beta1,26.0.0 - 26.0.0(26.0.0),"=HYPERLINK(""https://developer.huawei.com/consumer/cn/doc/harmonyos-releases/changelogs-ux-7001/#ch2026032761266"",""Dialog、Toast、AlphabetIndexer和文本选择菜单默认开启沉浸式系统材质"")",entry\src\main\ets\pages\ngf\NGFDemoErrorRecoveryPage.ets:341,未修复,UX视觉布局变更
declare const Text: TextInterface,ArkTS,7.0.0(26) Beta1,26.0.0 - 26.0.0(26.0.0),"=HYPERLINK(""https://developer.huawei.com/consumer/cn/doc/harmonyos-releases/changelogs-ux-7001/#ch2026032761266"",""Dialog、Toast、AlphabetIndexer和文本选择菜单默认开启沉浸式系统材质"")",entry\src\main\ets\pages\ngf\NGFDemoErrorRecoveryPage.ets:348,未修复,UX视觉布局变更
declare const Text: TextInterface,ArkTS,7.0.0(26) Beta1,26.0.0 - 26.0.0(26.0.0),"=HYPERLINK(""https://developer.huawei.com/consumer/cn/doc/harmonyos-releases/changelogs-ux-7001/#ch2026032761266"",""Dialog、Toast、AlphabetIndexer和文本选择菜单默认开启沉浸式系统材质"")",entry\src\main\ets\pages\ngf\NGFDemoSecurityPerfPage.ets:134,未修复,UX视觉布局变更
declare const Text: TextInterface,ArkTS,7.0.0(26) Beta1,26.0.0 - 26.0.0(26.0.0),"=HYPERLINK(""https://developer.huawei.com/consumer/cn/doc/harmonyos-releases/changelogs-ux-7001/#ch2026032761266"",""Dialog、Toast、AlphabetIndexer和文本选择菜单默认开启沉浸式系统材质"")",entry\src\main\ets\pages\ngf\NGFDemoSecurityPerfPage.ets:138,未修复,UX视觉布局变更
declare const Text: TextInterface,ArkTS,7.0.0(26) Beta1,26.0.0 - 26.0.0(26.0.0),"=HYPERLINK(""https://developer.huawei.com/consumer/cn/doc/harmonyos-releases/changelogs-ux-7001/#ch2026032761266"",""Dialog、Toast、AlphabetIndexer和文本选择菜单默认开启沉浸式系统材质"")",entry\src\main\ets\pages\ngf\NGFDemoSecurityPerfPage.ets:156,未修复,UX视觉布局变更
declare const Text: TextInterface,ArkTS,7.0.0(26) Beta1,26.0.0 - 26.0.0(26.0.0),"=HYPERLINK(""https://developer.huawei.com/consumer/cn/doc/harmonyos-releases/changelogs-ux-7001/#ch2026032761266"",""Dialog、Toast、AlphabetIndexer和文本选择菜单默认开启沉浸式系统材质"")",entry\src\main\ets\pages\ngf\NGFDemoSecurityPerfPage.ets:196,未修复,UX视觉布局变更
declare const Text: TextInterface,ArkTS,7.0.0(26) Beta1,26.0.0 - 26.0.0(26.0.0),"=HYPERLINK(""https://developer.huawei.com/consumer/cn/doc/harmonyos-releases/changelogs-ux-7001/#ch2026032761266"",""Dialog、Toast、AlphabetIndexer和文本选择菜单默认开启沉浸式系统材质"")",entry\src\main\ets\pages\ngf\NGFDemoSecurityPerfPage.ets:199,未修复,UX视觉布局变更
declare const Text: TextInterface,ArkTS,7.0.0(26) Beta1,26.0.0 - 26.0.0(26.0.0),"=HYPERLINK(""https://developer.huawei.com/consumer/cn/doc/harmonyos-releases/changelogs-ux-7001/#ch2026032761266"",""Dialog、Toast、AlphabetIndexer和文本选择菜单默认开启沉浸式系统材质"")",entry\src\main\ets\pages\ngf\NGFDemoSecurityPerfPage.ets:225,未修复,UX视觉布局变更
declare const Text: TextInterface,ArkTS,7.0.0(26) Beta1,26.0.0 - 26.0.0(26.0.0),"=HYPERLINK(""https://developer.huawei.com/consumer/cn/doc/harmonyos-releases/changelogs-ux-7001/#ch2026032761266"",""Dialog、Toast、AlphabetIndexer和文本选择菜单默认开启沉浸式系统材质"")",entry\src\main\ets\pages\ngf\NGFDemoSecurityPerfPage.ets:262,未修复,UX视觉布局变更
declare const Text: TextInterface,ArkTS,7.0.0(26) Beta1,26.0.0 - 26.0.0(26.0.0),"=HYPERLINK(""https://developer.huawei.com/consumer/cn/doc/harmonyos-releases/changelogs-ux-7001/#ch2026032761266"",""Dialog、Toast、AlphabetIndexer和文本选择菜单默认开启沉浸式系统材质"")",entry\src\main\ets\pages\ngf\NGFDemoSecurityPerfPage.ets:265,未修复,UX视觉布局变更
declare const Text: TextInterface,ArkTS,7.0.0(26) Beta1,26.0.0 - 26.0.0(26.0.0),"=HYPERLINK(""https://developer.huawei.com/consumer/cn/doc/harmonyos-releases/changelogs-ux-7001/#ch2026032761266"",""Dialog、Toast、AlphabetIndexer和文本选择菜单默认开启沉浸式系统材质"")",entry\src\main\ets\pages\ngf\NGFDemoSecurityPerfPage.ets:281,未修复,UX视觉布局变更
declare const Text: TextInterface,ArkTS,7.0.0(26) Beta1,26.0.0 - 26.0.0(26.0.0),"=HYPERLINK(""https://developer.huawei.com/consumer/cn/doc/harmonyos-releases/changelogs-ux-7001/#ch2026032761266"",""Dialog、Toast、AlphabetIndexer和文本选择菜单默认开启沉浸式系统材质"")",entry\src\main\ets\pages\ngf\NGFDemoSecurityPerfPage.ets:284,未修复,UX视觉布局变更
declare const Text: TextInterface,ArkTS,7.0.0(26) Beta1,26.0.0 - 26.0.0(26.0.0),"=HYPERLINK(""https://developer.huawei.com/consumer/cn/doc/harmonyos-releases/changelogs-ux-7001/#ch2026032761266"",""Dialog、Toast、AlphabetIndexer和文本选择菜单默认开启沉浸式系统材质"")",entry\src\main\ets\pages\ngf\NGFDemoSecurityPerfPage.ets:308,未修复,UX视觉布局变更
declare const Text: TextInterface,ArkTS,7.0.0(26) Beta1,26.0.0 - 26.0.0(26.0.0),"=HYPERLINK(""https://developer.huawei.com/consumer/cn/doc/harmonyos-releases/changelogs-ux-7001/#ch2026032761266"",""Dialog、Toast、AlphabetIndexer和文本选择菜单默认开启沉浸式系统材质"")",entry\src\main\ets\pages\ngf\NGFDemoSecurityPerfPage.ets:350,未修复,UX视觉布局变更
declare const Text: TextInterface,ArkTS,7.0.0(26) Beta1,26.0.0 - 26.0.0(26.0.0),"=HYPERLINK(""https://developer.huawei.com/consumer/cn/doc/harmonyos-releases/changelogs-ux-7001/#ch2026032761266"",""Dialog、Toast、AlphabetIndexer和文本选择菜单默认开启沉浸式系统材质"")",entry\src\main\ets\pages\ngf\NGFDemoSecurityPerfPage.ets:353,未修复,UX视觉布局变更
declare const Text: TextInterface,ArkTS,7.0.0(26) Beta1,26.0.0 - 26.0.0(26.0.0),"=HYPERLINK(""https://developer.huawei.com/consumer/cn/doc/harmonyos-releases/changelogs-ux-7001/#ch2026032761266"",""Dialog、Toast、AlphabetIndexer和文本选择菜单默认开启沉浸式系统材质"")",entry\src\main\ets\pages\ngf\NGFDemoSecurityPerfPage.ets:379,未修复,UX视觉布局变更
declare const Text: TextInterface,ArkTS,7.0.0(26) Beta1,26.0.0 - 26.0.0(26.0.0),"=HYPERLINK(""https://developer.huawei.com/consumer/cn/doc/harmonyos-releases/changelogs-ux-7001/#ch2026032761266"",""Dialog、Toast、AlphabetIndexer和文本选择菜单默认开启沉浸式系统材质"")",entry\src\main\ets\pages\ngf\NGFDemoSecurityPerfPage.ets:407,未修复,UX视觉布局变更
declare const Text: TextInterface,ArkTS,7.0.0(26) Beta1,26.0.0 - 26.0.0(26.0.0),"=HYPERLINK(""https://developer.huawei.com/consumer/cn/doc/harmonyos-releases/changelogs-ux-7001/#ch2026032761266"",""Dialog、Toast、AlphabetIndexer和文本选择菜单默认开启沉浸式系统材质"")",entry\src\main\ets\pages\ngf\NGFDemoSecurityPerfPage.ets:410,未修复,UX视觉布局变更
declare const Text: TextInterface,ArkTS,7.0.0(26) Beta1,26.0.0 - 26.0.0(26.0.0),"=HYPERLINK(""https://developer.huawei.com/consumer/cn/doc/harmonyos-releases/changelogs-ux-7001/#ch2026032761266"",""Dialog、Toast、AlphabetIndexer和文本选择菜单默认开启沉浸式系统材质"")",entry\src\main\ets\pages\ngf\NGFDemoSubWindowPage.ets:104,未修复,UX视觉布局变更
declare const Text: TextInterface,ArkTS,7.0.0(26) Beta1,26.0.0 - 26.0.0(26.0.0),"=HYPERLINK(""https://developer.huawei.com/consumer/cn/doc/harmonyos-releases/changelogs-ux-7001/#ch2026032761266"",""Dialog、Toast、AlphabetIndexer和文本选择菜单默认开启沉浸式系统材质"")",entry\src\main\ets\pages\ngf\NGFDemoSubWindowPage.ets:54,未修复,UX视觉布局变更
declare const Text: TextInterface,ArkTS,7.0.0(26) Beta1,26.0.0 - 26.0.0(26.0.0),"=HYPERLINK(""https://developer.huawei.com/consumer/cn/doc/harmonyos-releases/changelogs-ux-7001/#ch2026032761266"",""Dialog、Toast、AlphabetIndexer和文本选择菜单默认开启沉浸式系统材质"")",entry\src\main\ets\pages\ngf\NGFDemoSubWindowPage.ets:79,未修复,UX视觉布局变更
declare const Text: TextInterface,ArkTS,7.0.0(26) Beta1,26.0.0 - 26.0.0(26.0.0),"=HYPERLINK(""https://developer.huawei.com/consumer/cn/doc/harmonyos-releases/changelogs-ux-7001/#ch2026032761266"",""Dialog、Toast、AlphabetIndexer和文本选择菜单默认开启沉浸式系统材质"")",entry\src\main\ets\pages\ngf\NGFDemoSyncManagerPage.ets:240,未修复,UX视觉布局变更
declare const Text: TextInterface,ArkTS,7.0.0(26) Beta1,26.0.0 - 26.0.0(26.0.0),"=HYPERLINK(""https://developer.huawei.com/consumer/cn/doc/harmonyos-releases/changelogs-ux-7001/#ch2026032761266"",""Dialog、Toast、AlphabetIndexer和文本选择菜单默认开启沉浸式系统材质"")",entry\src\main\ets\pages\ngf\NGFDemoSyncManagerPage.ets:244,未修复,UX视觉布局变更
declare const Text: TextInterface,ArkTS,7.0.0(26) Beta1,26.0.0 - 26.0.0(26.0.0),"=HYPERLINK(""https://developer.huawei.com/consumer/cn/doc/harmonyos-releases/changelogs-ux-7001/#ch2026032761266"",""Dialog、Toast、AlphabetIndexer和文本选择菜单默认开启沉浸式系统材质"")",entry\src\main\ets\pages\ngf\NGFDemoSyncManagerPage.ets:264,未修复,UX视觉布局变更
declare const Text: TextInterface,ArkTS,7.0.0(26) Beta1,26.0.0 - 26.0.0(26.0.0),"=HYPERLINK(""https://developer.huawei.com/consumer/cn/doc/harmonyos-releases/changelogs-ux-7001/#ch2026032761266"",""Dialog、Toast、AlphabetIndexer和文本选择菜单默认开启沉浸式系统材质"")",entry\src\main\ets\pages\ngf\NGFDemoSyncManagerPage.ets:268,未修复,UX视觉布局变更
declare const Text: TextInterface,ArkTS,7.0.0(26) Beta1,26.0.0 - 26.0.0(26.0.0),"=HYPERLINK(""https://developer.huawei.com/consumer/cn/doc/harmonyos-releases/changelogs-ux-7001/#ch2026032761266"",""Dialog、Toast、AlphabetIndexer和文本选择菜单默认开启沉浸式系统材质"")",entry\src\main\ets\pages\ngf\NGFDemoSyncManagerPage.ets:291,未修复,UX视觉布局变更
declare const Text: TextInterface,ArkTS,7.0.0(26) Beta1,26.0.0 - 26.0.0(26.0.0),"=HYPERLINK(""https://developer.huawei.com/consumer/cn/doc/harmonyos-releases/changelogs-ux-7001/#ch2026032761266"",""Dialog、Toast、AlphabetIndexer和文本选择菜单默认开启沉浸式系统材质"")",entry\src\main\ets\pages\ngf\NGFDemoSyncManagerPage.ets:311,未修复,UX视觉布局变更
declare const Text: TextInterface,ArkTS,7.0.0(26) Beta1,26.0.0 - 26.0.0(26.0.0),"=HYPERLINK(""https://developer.huawei.com/consumer/cn/doc/harmonyos-releases/changelogs-ux-7001/#ch2026032761266"",""Dialog、Toast、AlphabetIndexer和文本选择菜单默认开启沉浸式系统材质"")",entry\src\main\ets\pages\ngf\NGFDemoSyncManagerPage.ets:316,未修复,UX视觉布局变更
declare const Text: TextInterface,ArkTS,7.0.0(26) Beta1,26.0.0 - 26.0.0(26.0.0),"=HYPERLINK(""https://developer.huawei.com/consumer/cn/doc/harmonyos-releases/changelogs-ux-7001/#ch2026032761266"",""Dialog、Toast、AlphabetIndexer和文本选择菜单默认开启沉浸式系统材质"")",entry\src\main\ets\pages\ngf\NGFDemoSyncManagerPage.ets:323,未修复,UX视觉布局变更
declare const Text: TextInterface,ArkTS,7.0.0(26) Beta1,26.0.0 - 26.0.0(26.0.0),"=HYPERLINK(""https://developer.huawei.com/consumer/cn/doc/harmonyos-releases/changelogs-ux-7001/#ch2026032761266"",""Dialog、Toast、AlphabetIndexer和文本选择菜单默认开启沉浸式系统材质"")",entry\src\main\ets\pages\ngf\NGFDemoSyncManagerPage.ets:333,未修复,UX视觉布局变更
declare const Text: TextInterface,ArkTS,7.0.0(26) Beta1,26.0.0 - 26.0.0(26.0.0),"=HYPERLINK(""https://developer.huawei.com/consumer/cn/doc/harmonyos-releases/changelogs-ux-7001/#ch2026032761266"",""Dialog、Toast、AlphabetIndexer和文本选择菜单默认开启沉浸式系统材质"")",entry\src\main\ets\pages\ngf\NGFDemoSyncManagerPage.ets:353,未修复,UX视觉布局变更
declare const Text: TextInterface,ArkTS,7.0.0(26) Beta1,26.0.0 - 26.0.0(26.0.0),"=HYPERLINK(""https://developer.huawei.com/consumer/cn/doc/harmonyos-releases/changelogs-ux-7001/#ch2026032761266"",""Dialog、Toast、AlphabetIndexer和文本选择菜单默认开启沉浸式系统材质"")",entry\src\main\ets\pages\ngf\NGFDemoSyncManagerPage.ets:373,未修复,UX视觉布局变更
declare const Text: TextInterface,ArkTS,7.0.0(26) Beta1,26.0.0 - 26.0.0(26.0.0),"=HYPERLINK(""https://developer.huawei.com/consumer/cn/doc/harmonyos-releases/changelogs-ux-7001/#ch2026032761266"",""Dialog、Toast、AlphabetIndexer和文本选择菜单默认开启沉浸式系统材质"")",entry\src\main\ets\pages\ngf\NGFDemoSyncManagerPage.ets:418,未修复,UX视觉布局变更
declare const Text: TextInterface,ArkTS,7.0.0(26) Beta1,26.0.0 - 26.0.0(26.0.0),"=HYPERLINK(""https://developer.huawei.com/consumer/cn/doc/harmonyos-releases/changelogs-ux-7001/#ch2026032761266"",""Dialog、Toast、AlphabetIndexer和文本选择菜单默认开启沉浸式系统材质"")",entry\src\main\ets\pages\ngf\NGFDemoSyncManagerPage.ets:426,未修复,UX视觉布局变更
declare const Text: TextInterface,ArkTS,7.0.0(26) Beta1,26.0.0 - 26.0.0(26.0.0),"=HYPERLINK(""https://developer.huawei.com/consumer/cn/doc/harmonyos-releases/changelogs-ux-7001/#ch2026032761266"",""Dialog、Toast、AlphabetIndexer和文本选择菜单默认开启沉浸式系统材质"")",entry\src\main\ets\pages\ngf\NGFDemoSyncManagerPage.ets:452,未修复,UX视觉布局变更
declare const Text: TextInterface,ArkTS,7.0.0(26) Beta1,26.0.0 - 26.0.0(26.0.0),"=HYPERLINK(""https://developer.huawei.com/consumer/cn/doc/harmonyos-releases/changelogs-ux-7001/#ch2026032761266"",""Dialog、Toast、AlphabetIndexer和文本选择菜单默认开启沉浸式系统材质"")",entry\src\main\ets\pages\ngf\NGFDemoSyncManagerPage.ets:494,未修复,UX视觉布局变更
declare const Text: TextInterface,ArkTS,7.0.0(26) Beta1,26.0.0 - 26.0.0(26.0.0),"=HYPERLINK(""https://developer.huawei.com/consumer/cn/doc/harmonyos-releases/changelogs-ux-7001/#ch2026032761266"",""Dialog、Toast、AlphabetIndexer和文本选择菜单默认开启沉浸式系统材质"")",entry\src\main\ets\pages\ngf\NGFDemoSyncManagerPage.ets:510,未修复,UX视觉布局变更
declare const Text: TextInterface,ArkTS,7.0.0(26) Beta1,26.0.0 - 26.0.0(26.0.0),"=HYPERLINK(""https://developer.huawei.com/consumer/cn/doc/harmonyos-releases/changelogs-ux-7001/#ch2026032761266"",""Dialog、Toast、AlphabetIndexer和文本选择菜单默认开启沉浸式系统材质"")",entry\src\main\ets\pages\ngf\NGFDemoSyncManagerPage.ets:530,未修复,UX视觉布局变更
declare const Text: TextInterface,ArkTS,7.0.0(26) Beta1,26.0.0 - 26.0.0(26.0.0),"=HYPERLINK(""https://developer.huawei.com/consumer/cn/doc/harmonyos-releases/changelogs-ux-7001/#ch2026032761266"",""Dialog、Toast、AlphabetIndexer和文本选择菜单默认开启沉浸式系统材质"")",entry\src\main\ets\pages\ngf\NGFDemoSyncManagerPage.ets:534,未修复,UX视觉布局变更
declare const Text: TextInterface,ArkTS,7.0.0(26) Beta1,26.0.0 - 26.0.0(26.0.0),"=HYPERLINK(""https://developer.huawei.com/consumer/cn/doc/harmonyos-releases/changelogs-ux-7001/#ch2026032761266"",""Dialog、Toast、AlphabetIndexer和文本选择菜单默认开启沉浸式系统材质"")",entry\src\main\ets\pages\ngf\NGFDemoWorkflowPage.ets:136,未修复,UX视觉布局变更
declare const Text: TextInterface,ArkTS,7.0.0(26) Beta1,26.0.0 - 26.0.0(26.0.0),"=HYPERLINK(""https://developer.huawei.com/consumer/cn/doc/harmonyos-releases/changelogs-ux-7001/#ch2026032761266"",""Dialog、Toast、AlphabetIndexer和文本选择菜单默认开启沉浸式系统材质"")",entry\src\main\ets\pages\ngf\NGFDemoWorkflowPage.ets:140,未修复,UX视觉布局变更
declare const Text: TextInterface,ArkTS,7.0.0(26) Beta1,26.0.0 - 26.0.0(26.0.0),"=HYPERLINK(""https://developer.huawei.com/consumer/cn/doc/harmonyos-releases/changelogs-ux-7001/#ch2026032761266"",""Dialog、Toast、AlphabetIndexer和文本选择菜单默认开启沉浸式系统材质"")",entry\src\main\ets\pages\ngf\NGFDemoWorkflowPage.ets:158,未修复,UX视觉布局变更
declare const Text: TextInterface,ArkTS,7.0.0(26) Beta1,26.0.0 - 26.0.0(26.0.0),"=HYPERLINK(""https://developer.huawei.com/consumer/cn/doc/harmonyos-releases/changelogs-ux-7001/#ch2026032761266"",""Dialog、Toast、AlphabetIndexer和文本选择菜单默认开启沉浸式系统材质"")",entry\src\main\ets\pages\ngf\NGFDemoWorkflowPage.ets:163,未修复,UX视觉布局变更
declare const Text: TextInterface,ArkTS,7.0.0(26) Beta1,26.0.0 - 26.0.0(26.0.0),"=HYPERLINK(""https://developer.huawei.com/consumer/cn/doc/harmonyos-releases/changelogs-ux-7001/#ch2026032761266"",""Dialog、Toast、AlphabetIndexer和文本选择菜单默认开启沉浸式系统材质"")",entry\src\main\ets\pages\ngf\NGFDemoWorkflowPage.ets:191,未修复,UX视觉布局变更
declare const Text: TextInterface,ArkTS,7.0.0(26) Beta1,26.0.0 - 26.0.0(26.0.0),"=HYPERLINK(""https://developer.huawei.com/consumer/cn/doc/harmonyos-releases/changelogs-ux-7001/#ch2026032761266"",""Dialog、Toast、AlphabetIndexer和文本选择菜单默认开启沉浸式系统材质"")",entry\src\main\ets\pages\ngf\NGFDemoWorkflowPage.ets:199,未修复,UX视觉布局变更
declare const Text: TextInterface,ArkTS,7.0.0(26) Beta1,26.0.0 - 26.0.0(26.0.0),"=HYPERLINK(""https://developer.huawei.com/consumer/cn/doc/harmonyos-releases/changelogs-ux-7001/#ch2026032761266"",""Dialog、Toast、AlphabetIndexer和文本选择菜单默认开启沉浸式系统材质"")",entry\src\main\ets\pages\ngf\NGFDemoWorkflowPage.ets:207,未修复,UX视觉布局变更
declare const Text: TextInterface,ArkTS,7.0.0(26) Beta1,26.0.0 - 26.0.0(26.0.0),"=HYPERLINK(""https://developer.huawei.com/consumer/cn/doc/harmonyos-releases/changelogs-ux-7001/#ch2026032761266"",""Dialog、Toast、AlphabetIndexer和文本选择菜单默认开启沉浸式系统材质"")",entry\src\main\ets\pages\ngf\NGFDemoWorkflowPage.ets:211,未修复,UX视觉布局变更
declare const Text: TextInterface,ArkTS,7.0.0(26) Beta1,26.0.0 - 26.0.0(26.0.0),"=HYPERLINK(""https://developer.huawei.com/consumer/cn/doc/harmonyos-releases/changelogs-ux-7001/#ch2026032761266"",""Dialog、Toast、AlphabetIndexer和文本选择菜单默认开启沉浸式系统材质"")",entry\src\main\ets\pages\ngf\NGFDemoWorkflowPage.ets:218,未修复,UX视觉布局变更
declare const Text: TextInterface,ArkTS,7.0.0(26) Beta1,26.0.0 - 26.0.0(26.0.0),"=HYPERLINK(""https://developer.huawei.com/consumer/cn/doc/harmonyos-releases/changelogs-ux-7001/#ch2026032761266"",""Dialog、Toast、AlphabetIndexer和文本选择菜单默认开启沉浸式系统材质"")",entry\src\main\ets\pages\ngf\NGFDemoWorkflowPage.ets:237,未修复,UX视觉布局变更
declare const Text: TextInterface,ArkTS,7.0.0(26) Beta1,26.0.0 - 26.0.0(26.0.0),"=HYPERLINK(""https://developer.huawei.com/consumer/cn/doc/harmonyos-releases/changelogs-ux-7001/#ch2026032761266"",""Dialog、Toast、AlphabetIndexer和文本选择菜单默认开启沉浸式系统材质"")",entry\src\main\ets\pages\ngf\NGFDemoWorkflowPage.ets:240,未修复,UX视觉布局变更
declare const Text: TextInterface,ArkTS,7.0.0(26) Beta1,26.0.0 - 26.0.0(26.0.0),"=HYPERLINK(""https://developer.huawei.com/consumer/cn/doc/harmonyos-releases/changelogs-ux-7001/#ch2026032761266"",""Dialog、Toast、AlphabetIndexer和文本选择菜单默认开启沉浸式系统材质"")",entry\src\main\ets\pages\ngf\NGFDemoWorkflowPage.ets:265,未修复,UX视觉布局变更
declare const Text: TextInterface,ArkTS,7.0.0(26) Beta1,26.0.0 - 26.0.0(26.0.0),"=HYPERLINK(""https://developer.huawei.com/consumer/cn/doc/harmonyos-releases/changelogs-ux-7001/#ch2026032761266"",""Dialog、Toast、AlphabetIndexer和文本选择菜单默认开启沉浸式系统材质"")",entry\src\main\ets\pages\ngf\NGFDemoWorkflowPage.ets:313,未修复,UX视觉布局变更
declare const Text: TextInterface,ArkTS,7.0.0(26) Beta1,26.0.0 - 26.0.0(26.0.0),"=HYPERLINK(""https://developer.huawei.com/consumer/cn/doc/harmonyos-releases/changelogs-ux-7001/#ch2026032761266"",""Dialog、Toast、AlphabetIndexer和文本选择菜单默认开启沉浸式系统材质"")",entry\src\main\ets\pages\ngf\NGFDemoWorkflowPage.ets:323,未修复,UX视觉布局变更
declare const Text: TextInterface,ArkTS,7.0.0(26) Beta1,26.0.0 - 26.0.0(26.0.0),"=HYPERLINK(""https://developer.huawei.com/consumer/cn/doc/harmonyos-releases/changelogs-ux-7001/#ch2026032761266"",""Dialog、Toast、AlphabetIndexer和文本选择菜单默认开启沉浸式系统材质"")",entry\src\main\ets\pages\ngf\NGFDemoWorkflowPage.ets:328,未修复,UX视觉布局变更
declare const Text: TextInterface,ArkTS,7.0.0(26) Beta1,26.0.0 - 26.0.0(26.0.0),"=HYPERLINK(""https://developer.huawei.com/consumer/cn/doc/harmonyos-releases/changelogs-ux-7001/#ch2026032761266"",""Dialog、Toast、AlphabetIndexer和文本选择菜单默认开启沉浸式系统材质"")",entry\src\main\ets\pages\ngf\NGFDemoWorkflowPage.ets:332,未修复,UX视觉布局变更
declare const Text: TextInterface,ArkTS,7.0.0(26) Beta1,26.0.0 - 26.0.0(26.0.0),"=HYPERLINK(""https://developer.huawei.com/consumer/cn/doc/harmonyos-releases/changelogs-ux-7001/#ch2026032761266"",""Dialog、Toast、AlphabetIndexer和文本选择菜单默认开启沉浸式系统材质"")",entry\src\main\ets\pages\ngf\NGFDeviceAwarenessPage.ets:104,未修复,UX视觉布局变更
declare const Text: TextInterface,ArkTS,7.0.0(26) Beta1,26.0.0 - 26.0.0(26.0.0),"=HYPERLINK(""https://developer.huawei.com/consumer/cn/doc/harmonyos-releases/changelogs-ux-7001/#ch2026032761266"",""Dialog、Toast、AlphabetIndexer和文本选择菜单默认开启沉浸式系统材质"")",entry\src\main\ets\pages\ngf\NGFDeviceAwarenessPage.ets:108,未修复,UX视觉布局变更
declare const Text: TextInterface,ArkTS,7.0.0(26) Beta1,26.0.0 - 26.0.0(26.0.0),"=HYPERLINK(""https://developer.huawei.com/consumer/cn/doc/harmonyos-releases/changelogs-ux-7001/#ch2026032761266"",""Dialog、Toast、AlphabetIndexer和文本选择菜单默认开启沉浸式系统材质"")",entry\src\main\ets\pages\ngf\NGFDeviceAwarenessPage.ets:128,未修复,UX视觉布局变更
declare const Text: TextInterface,ArkTS,7.0.0(26) Beta1,26.0.0 - 26.0.0(26.0.0),"=HYPERLINK(""https://developer.huawei.com/consumer/cn/doc/harmonyos-releases/changelogs-ux-7001/#ch2026032761266"",""Dialog、Toast、AlphabetIndexer和文本选择菜单默认开启沉浸式系统材质"")",entry\src\main\ets\pages\ngf\NGFDeviceAwarenessPage.ets:154,未修复,UX视觉布局变更
declare const Text: TextInterface,ArkTS,7.0.0(26) Beta1,26.0.0 - 26.0.0(26.0.0),"=HYPERLINK(""https://developer.huawei.com/consumer/cn/doc/harmonyos-releases/changelogs-ux-7001/#ch2026032761266"",""Dialog、Toast、AlphabetIndexer和文本选择菜单默认开启沉浸式系统材质"")",entry\src\main\ets\pages\ngf\NGFDeviceAwarenessPage.ets:181,未修复,UX视觉布局变更
declare const Text: TextInterface,ArkTS,7.0.0(26) Beta1,26.0.0 - 26.0.0(26.0.0),"=HYPERLINK(""https://developer.huawei.com/consumer/cn/doc/harmonyos-releases/changelogs-ux-7001/#ch2026032761266"",""Dialog、Toast、AlphabetIndexer和文本选择菜单默认开启沉浸式系统材质"")",entry\src\main\ets\pages\ngf\NGFDeviceAwarenessPage.ets:34,未修复,UX视觉布局变更
declare const Text: TextInterface,ArkTS,7.0.0(26) Beta1,26.0.0 - 26.0.0(26.0.0),"=HYPERLINK(""https://developer.huawei.com/consumer/cn/doc/harmonyos-releases/changelogs-ux-7001/#ch2026032761266"",""Dialog、Toast、AlphabetIndexer和文本选择菜单默认开启沉浸式系统材质"")",entry\src\main\ets\pages\ngf\NGFDeviceAwarenessPage.ets:38,未修复,UX视觉布局变更
declare const Text: TextInterface,ArkTS,7.0.0(26) Beta1,26.0.0 - 26.0.0(26.0.0),"=HYPERLINK(""https://developer.huawei.com/consumer/cn/doc/harmonyos-releases/changelogs-ux-7001/#ch2026032761266"",""Dialog、Toast、AlphabetIndexer和文本选择菜单默认开启沉浸式系统材质"")",entry\src\main\ets\pages\ngf\NGFSettingsPage.ets:112,未修复,UX视觉布局变更
declare const Text: TextInterface,ArkTS,7.0.0(26) Beta1,26.0.0 - 26.0.0(26.0.0),"=HYPERLINK(""https://developer.huawei.com/consumer/cn/doc/harmonyos-releases/changelogs-ux-7001/#ch2026032761266"",""Dialog、Toast、AlphabetIndexer和文本选择菜单默认开启沉浸式系统材质"")",entry\src\main\ets\pages\ngf\NGFSettingsPage.ets:162,未修复,UX视觉布局变更
declare const Text: TextInterface,ArkTS,7.0.0(26) Beta1,26.0.0 - 26.0.0(26.0.0),"=HYPERLINK(""https://developer.huawei.com/consumer/cn/doc/harmonyos-releases/changelogs-ux-7001/#ch2026032761266"",""Dialog、Toast、AlphabetIndexer和文本选择菜单默认开启沉浸式系统材质"")",entry\src\main\ets\pages\ngf\NGFSettingsPage.ets:168,未修复,UX视觉布局变更
declare const Text: TextInterface,ArkTS,7.0.0(26) Beta1,26.0.0 - 26.0.0(26.0.0),"=HYPERLINK(""https://developer.huawei.com/consumer/cn/doc/harmonyos-releases/changelogs-ux-7001/#ch2026032761266"",""Dialog、Toast、AlphabetIndexer和文本选择菜单默认开启沉浸式系统材质"")",entry\src\main\ets\pages\ngf\NGFSettingsPage.ets:184,未修复,UX视觉布局变更
declare const Text: TextInterface,ArkTS,7.0.0(26) Beta1,26.0.0 - 26.0.0(26.0.0),"=HYPERLINK(""https://developer.huawei.com/consumer/cn/doc/harmonyos-releases/changelogs-ux-7001/#ch2026032761266"",""Dialog、Toast、AlphabetIndexer和文本选择菜单默认开启沉浸式系统材质"")",entry\src\main\ets\pages\ngf\NGFSettingsPage.ets:242,未修复,UX视觉布局变更
declare const Text: TextInterface,ArkTS,7.0.0(26) Beta1,26.0.0 - 26.0.0(26.0.0),"=HYPERLINK(""https://developer.huawei.com/consumer/cn/doc/harmonyos-releases/changelogs-ux-7001/#ch2026032761266"",""Dialog、Toast、AlphabetIndexer和文本选择菜单默认开启沉浸式系统材质"")",entry\src\main\ets\pages\ngf\NGFSettingsPage.ets:261,未修复,UX视觉布局变更
declare const Text: TextInterface,ArkTS,7.0.0(26) Beta1,26.0.0 - 26.0.0(26.0.0),"=HYPERLINK(""https://developer.huawei.com/consumer/cn/doc/harmonyos-releases/changelogs-ux-7001/#ch2026032761266"",""Dialog、Toast、AlphabetIndexer和文本选择菜单默认开启沉浸式系统材质"")",entry\src\main\ets\pages\ngf\NGFSettingsPage.ets:307,未修复,UX视觉布局变更
declare const Text: TextInterface,ArkTS,7.0.0(26) Beta1,26.0.0 - 26.0.0(26.0.0),"=HYPERLINK(""https://developer.huawei.com/consumer/cn/doc/harmonyos-releases/changelogs-ux-7001/#ch2026032761266"",""Dialog、Toast、AlphabetIndexer和文本选择菜单默认开启沉浸式系统材质"")",entry\src\main\ets\pages\ngf\NGFSettingsPage.ets:311,未修复,UX视觉布局变更
declare const Text: TextInterface,ArkTS,7.0.0(26) Beta1,26.0.0 - 26.0.0(26.0.0),"=HYPERLINK(""https://developer.huawei.com/consumer/cn/doc/harmonyos-releases/changelogs-ux-7001/#ch2026032761266"",""Dialog、Toast、AlphabetIndexer和文本选择菜单默认开启沉浸式系统材质"")",entry\src\main\ets\pages\ngf\NGFSettingsPage.ets:61,未修复,UX视觉布局变更
declare const Text: TextInterface,ArkTS,7.0.0(26) Beta1,26.0.0 - 26.0.0(26.0.0),"=HYPERLINK(""https://developer.huawei.com/consumer/cn/doc/harmonyos-releases/changelogs-ux-7001/#ch2026032761266"",""Dialog、Toast、AlphabetIndexer和文本选择菜单默认开启沉浸式系统材质"")",entry\src\main\ets\pages\ngf\NGFTaskManagerPage.ets:175,未修复,UX视觉布局变更
declare const Text: TextInterface,ArkTS,7.0.0(26) Beta1,26.0.0 - 26.0.0(26.0.0),"=HYPERLINK(""https://developer.huawei.com/consumer/cn/doc/harmonyos-releases/changelogs-ux-7001/#ch2026032761266"",""Dialog、Toast、AlphabetIndexer和文本选择菜单默认开启沉浸式系统材质"")",entry\src\main\ets\pages\ngf\NGFTaskManagerPage.ets:179,未修复,UX视觉布局变更
declare const Text: TextInterface,ArkTS,7.0.0(26) Beta1,26.0.0 - 26.0.0(26.0.0),"=HYPERLINK(""https://developer.huawei.com/consumer/cn/doc/harmonyos-releases/changelogs-ux-7001/#ch2026032761266"",""Dialog、Toast、AlphabetIndexer和文本选择菜单默认开启沉浸式系统材质"")",entry\src\main\ets\pages\ngf\NGFTaskManagerPage.ets:301,未修复,UX视觉布局变更
declare const Text: TextInterface,ArkTS,7.0.0(26) Beta1,26.0.0 - 26.0.0(26.0.0),"=HYPERLINK(""https://developer.huawei.com/consumer/cn/doc/harmonyos-releases/changelogs-ux-7001/#ch2026032761266"",""Dialog、Toast、AlphabetIndexer和文本选择菜单默认开启沉浸式系统材质"")",entry\src\main\ets\pages\ngf\NGFTaskManagerPage.ets:306,未修复,UX视觉布局变更
declare const Text: TextInterface,ArkTS,7.0.0(26) Beta1,26.0.0 - 26.0.0(26.0.0),"=HYPERLINK(""https://developer.huawei.com/consumer/cn/doc/harmonyos-releases/changelogs-ux-7001/#ch2026032761266"",""Dialog、Toast、AlphabetIndexer和文本选择菜单默认开启沉浸式系统材质"")",entry\src\main\ets\pages\ngf\NGFTaskManagerPage.ets:315,未修复,UX视觉布局变更
declare const Text: TextInterface,ArkTS,7.0.0(26) Beta1,26.0.0 - 26.0.0(26.0.0),"=HYPERLINK(""https://developer.huawei.com/consumer/cn/doc/harmonyos-releases/changelogs-ux-7001/#ch2026032761266"",""Dialog、Toast、AlphabetIndexer和文本选择菜单默认开启沉浸式系统材质"")",entry\src\main\ets\pages\ngf\NGFTaskManagerPage.ets:65,未修复,UX视觉布局变更
declare const Text: TextInterface,ArkTS,7.0.0(26) Beta1,26.0.0 - 26.0.0(26.0.0),"=HYPERLINK(""https://developer.huawei.com/consumer/cn/doc/harmonyos-releases/changelogs-ux-7001/#ch2026032761266"",""Dialog、Toast、AlphabetIndexer和文本选择菜单默认开启沉浸式系统材质"")",entry\src\main\ets\pages\ngf\NGFTaskManagerPage.ets:80,未修复,UX视觉布局变更
declare const Text: TextInterface,ArkTS,7.0.0(26) Beta1,26.0.0 - 26.0.0(26.0.0),"=HYPERLINK(""https://developer.huawei.com/consumer/cn/doc/harmonyos-releases/changelogs-ux-7001/#ch2026032761266"",""Dialog、Toast、AlphabetIndexer和文本选择菜单默认开启沉浸式系统材质"")",entry\src\main\ets\pages\ngf\SystemResourcePreviewPage.ets:137,未修复,UX视觉布局变更
declare const Text: TextInterface,ArkTS,7.0.0(26) Beta1,26.0.0 - 26.0.0(26.0.0),"=HYPERLINK(""https://developer.huawei.com/consumer/cn/doc/harmonyos-releases/changelogs-ux-7001/#ch2026032761266"",""Dialog、Toast、AlphabetIndexer和文本选择菜单默认开启沉浸式系统材质"")",entry\src\main\ets\pages\ngf\SystemResourcePreviewPage.ets:144,未修复,UX视觉布局变更
declare const Text: TextInterface,ArkTS,7.0.0(26) Beta1,26.0.0 - 26.0.0(26.0.0),"=HYPERLINK(""https://developer.huawei.com/consumer/cn/doc/harmonyos-releases/changelogs-ux-7001/#ch2026032761266"",""Dialog、Toast、AlphabetIndexer和文本选择菜单默认开启沉浸式系统材质"")",entry\src\main\ets\pages\ngf\SystemResourcePreviewPage.ets:169,未修复,UX视觉布局变更
declare const Text: TextInterface,ArkTS,7.0.0(26) Beta1,26.0.0 - 26.0.0(26.0.0),"=HYPERLINK(""https://developer.huawei.com/consumer/cn/doc/harmonyos-releases/changelogs-ux-7001/#ch2026032761266"",""Dialog、Toast、AlphabetIndexer和文本选择菜单默认开启沉浸式系统材质"")",entry\src\main\ets\pages\ngf\SystemResourcePreviewPage.ets:183,未修复,UX视觉布局变更
declare const Text: TextInterface,ArkTS,7.0.0(26) Beta1,26.0.0 - 26.0.0(26.0.0),"=HYPERLINK(""https://developer.huawei.com/consumer/cn/doc/harmonyos-releases/changelogs-ux-7001/#ch2026032761266"",""Dialog、Toast、AlphabetIndexer和文本选择菜单默认开启沉浸式系统材质"")",entry\src\main\ets\pages\ngf\SystemResourcePreviewPage.ets:205,未修复,UX视觉布局变更
declare const Text: TextInterface,ArkTS,7.0.0(26) Beta1,26.0.0 - 26.0.0(26.0.0),"=HYPERLINK(""https://developer.huawei.com/consumer/cn/doc/harmonyos-releases/changelogs-ux-7001/#ch2026032761266"",""Dialog、Toast、AlphabetIndexer和文本选择菜单默认开启沉浸式系统材质"")",entry\src\main\ets\pages\ngf\SystemResourcePreviewPage.ets:235,未修复,UX视觉布局变更
declare const Text: TextInterface,ArkTS,7.0.0(26) Beta1,26.0.0 - 26.0.0(26.0.0),"=HYPERLINK(""https://developer.huawei.com/consumer/cn/doc/harmonyos-releases/changelogs-ux-7001/#ch2026032761266"",""Dialog、Toast、AlphabetIndexer和文本选择菜单默认开启沉浸式系统材质"")",entry\src\main\ets\pages\ngf\SystemResourcePreviewPage.ets:238,未修复,UX视觉布局变更
declare const Text: TextInterface,ArkTS,7.0.0(26) Beta1,26.0.0 - 26.0.0(26.0.0),"=HYPERLINK(""https://developer.huawei.com/consumer/cn/doc/harmonyos-releases/changelogs-ux-7001/#ch2026032761266"",""Dialog、Toast、AlphabetIndexer和文本选择菜单默认开启沉浸式系统材质"")",entry\src\main\ets\pages\ngf\SystemResourcePreviewPage.ets:284,未修复,UX视觉布局变更
declare const Text: TextInterface,ArkTS,7.0.0(26) Beta1,26.0.0 - 26.0.0(26.0.0),"=HYPERLINK(""https://developer.huawei.com/consumer/cn/doc/harmonyos-releases/changelogs-ux-7001/#ch2026032761266"",""Dialog、Toast、AlphabetIndexer和文本选择菜单默认开启沉浸式系统材质"")",entry\src\main\ets\pages\ngf\SystemResourcePreviewPage.ets:289,未修复,UX视觉布局变更
declare const Text: TextInterface,ArkTS,7.0.0(26) Beta1,26.0.0 - 26.0.0(26.0.0),"=HYPERLINK(""https://developer.huawei.com/consumer/cn/doc/harmonyos-releases/changelogs-ux-7001/#ch2026032761266"",""Dialog、Toast、AlphabetIndexer和文本选择菜单默认开启沉浸式系统材质"")",entry\src\main\ets\pages\ngf\SystemResourcePreviewPage.ets:311,未修复,UX视觉布局变更
declare const Text: TextInterface,ArkTS,7.0.0(26) Beta1,26.0.0 - 26.0.0(26.0.0),"=HYPERLINK(""https://developer.huawei.com/consumer/cn/doc/harmonyos-releases/changelogs-ux-7001/#ch2026032761266"",""Dialog、Toast、AlphabetIndexer和文本选择菜单默认开启沉浸式系统材质"")",entry\src\main\ets\pages\ngf\SystemResourcePreviewPage.ets:316,未修复,UX视觉布局变更
declare const Text: TextInterface,ArkTS,7.0.0(26) Beta1,26.0.0 - 26.0.0(26.0.0),"=HYPERLINK(""https://developer.huawei.com/consumer/cn/doc/harmonyos-releases/changelogs-ux-7001/#ch2026032761266"",""Dialog、Toast、AlphabetIndexer和文本选择菜单默认开启沉浸式系统材质"")",entry\src\main\ets\pages\ngf\SystemResourcePreviewPage.ets:326,未修复,UX视觉布局变更
declare const Text: TextInterface,ArkTS,7.0.0(26) Beta1,26.0.0 - 26.0.0(26.0.0),"=HYPERLINK(""https://developer.huawei.com/consumer/cn/doc/harmonyos-releases/changelogs-ux-7001/#ch2026032761266"",""Dialog、Toast、AlphabetIndexer和文本选择菜单默认开启沉浸式系统材质"")",entry\src\main\ets\pages\ngf\SystemResourcePreviewPage.ets:331,未修复,UX视觉布局变更
declare const Text: TextInterface,ArkTS,7.0.0(26) Beta1,26.0.0 - 26.0.0(26.0.0),"=HYPERLINK(""https://developer.huawei.com/consumer/cn/doc/harmonyos-releases/changelogs-ux-7001/#ch2026032761266"",""Dialog、Toast、AlphabetIndexer和文本选择菜单默认开启沉浸式系统材质"")",entry\src\main\ets\pages\ngf\SystemResourcePreviewPage.ets:378,未修复,UX视觉布局变更
declare const Text: TextInterface,ArkTS,7.0.0(26) Beta1,26.0.0 - 26.0.0(26.0.0),"=HYPERLINK(""https://developer.huawei.com/consumer/cn/doc/harmonyos-releases/changelogs-ux-7001/#ch2026032761266"",""Dialog、Toast、AlphabetIndexer和文本选择菜单默认开启沉浸式系统材质"")",entry\src\main\ets\pages\ngf\SystemResourcePreviewPage.ets:398,未修复,UX视觉布局变更
declare const Text: TextInterface,ArkTS,7.0.0(26) Beta1,26.0.0 - 26.0.0(26.0.0),"=HYPERLINK(""https://developer.huawei.com/consumer/cn/doc/harmonyos-releases/changelogs-ux-7001/#ch2026032761266"",""Dialog、Toast、AlphabetIndexer和文本选择菜单默认开启沉浸式系统材质"")",entry\src\main\ets\pages\ngf\SystemResourcePreviewPage.ets:406,未修复,UX视觉布局变更
declare const Text: TextInterface,ArkTS,7.0.0(26) Beta1,26.0.0 - 26.0.0(26.0.0),"=HYPERLINK(""https://developer.huawei.com/consumer/cn/doc/harmonyos-releases/changelogs-ux-7001/#ch2026032761266"",""Dialog、Toast、AlphabetIndexer和文本选择菜单默认开启沉浸式系统材质"")",entry\src\main\ets\pages\ngf\SystemResourcePreviewPage.ets:463,未修复,UX视觉布局变更
declare const Text: TextInterface,ArkTS,7.0.0(26) Beta1,26.0.0 - 26.0.0(26.0.0),"=HYPERLINK(""https://developer.huawei.com/consumer/cn/doc/harmonyos-releases/changelogs-ux-7001/#ch2026032761266"",""Dialog、Toast、AlphabetIndexer和文本选择菜单默认开启沉浸式系统材质"")",entry\src\main\ets\widget\pages\WidgetCard.ets:15,未修复,UX视觉布局变更
declare const Text: TextInterface,ArkTS,7.0.0(26) Beta1,26.0.0 - 26.0.0(26.0.0),"=HYPERLINK(""https://developer.huawei.com/consumer/cn/doc/harmonyos-releases/changelogs-ux-7001/#ch2026032761266"",""Dialog、Toast、AlphabetIndexer和文本选择菜单默认开启沉浸式系统材质"")",entry\src\main\ets\widget\pages\WidgetCard.ets:21,未修复,UX视觉布局变更
declare const Text: TextInterface,ArkTS,7.0.0(26) Beta1,26.0.0 - 26.0.0(26.0.0),"=HYPERLINK(""https://developer.huawei.com/consumer/cn/doc/harmonyos-releases/changelogs-ux-7001/#ch2026032761266"",""Dialog、Toast、AlphabetIndexer和文本选择菜单默认开启沉浸式系统材质"")",entry\src\main\ets\widget\pages\WidgetCard.ets:38,未修复,UX视觉布局变更
declare const Text: TextInterface,ArkTS,7.0.0(26) Beta1,26.0.0 - 26.0.0(26.0.0),"=HYPERLINK(""https://developer.huawei.com/consumer/cn/doc/harmonyos-releases/changelogs-ux-7001/#ch2026032761266"",""Dialog、Toast、AlphabetIndexer和文本选择菜单默认开启沉浸式系统材质"")",entry\src\main\ets\widget\pages\WidgetCard.ets:43,未修复,UX视觉布局变更
declare const Text: TextInterface,ArkTS,7.0.0(26) Beta1,26.0.0 - 26.0.0(26.0.0),"=HYPERLINK(""https://developer.huawei.com/consumer/cn/doc/harmonyos-releases/changelogs-ux-7001/#ch2026032761266"",""Dialog、Toast、AlphabetIndexer和文本选择菜单默认开启沉浸式系统材质"")",ngf_framework\src\main\ets\contentWorkflow\components\NGFWorkflowVisualizer.ets:19,未修复,UX视觉布局变更
declare const Text: TextInterface,ArkTS,7.0.0(26) Beta1,26.0.0 - 26.0.0(26.0.0),"=HYPERLINK(""https://developer.huawei.com/consumer/cn/doc/harmonyos-releases/changelogs-ux-7001/#ch2026032761266"",""Dialog、Toast、AlphabetIndexer和文本选择菜单默认开启沉浸式系统材质"")",ngf_framework\src\main\ets\contentWorkflow\components\NGFWorkflowVisualizer.ets:28,未修复,UX视觉布局变更
declare const Text: TextInterface,ArkTS,7.0.0(26) Beta1,26.0.0 - 26.0.0(26.0.0),"=HYPERLINK(""https://developer.huawei.com/consumer/cn/doc/harmonyos-releases/changelogs-ux-7001/#ch2026032761266"",""Dialog、Toast、AlphabetIndexer和文本选择菜单默认开启沉浸式系统材质"")",ngf_framework\src\main\ets\contentWorkflow\components\NGFWorkflowVisualizer.ets:51,未修复,UX视觉布局变更
declare const Text: TextInterface,ArkTS,7.0.0(26) Beta1,26.0.0 - 26.0.0(26.0.0),"=HYPERLINK(""https://developer.huawei.com/consumer/cn/doc/harmonyos-releases/changelogs-ux-7001/#ch2026032761266"",""Dialog、Toast、AlphabetIndexer和文本选择菜单默认开启沉浸式系统材质"")",ngf_framework\src\main\ets\contentWorkflow\components\NGFWorkflowVisualizer.ets:54,未修复,UX视觉布局变更
declare const Text: TextInterface,ArkTS,7.0.0(26) Beta1,26.0.0 - 26.0.0(26.0.0),"=HYPERLINK(""https://developer.huawei.com/consumer/cn/doc/harmonyos-releases/changelogs-ux-7001/#ch2026032761266"",""Dialog、Toast、AlphabetIndexer和文本选择菜单默认开启沉浸式系统材质"")",ngf_framework\src\main\ets\uiShell\components\AboutSheetContent.ets:179,未修复,UX视觉布局变更
declare const Text: TextInterface,ArkTS,7.0.0(26) Beta1,26.0.0 - 26.0.0(26.0.0),"=HYPERLINK(""https://developer.huawei.com/consumer/cn/doc/harmonyos-releases/changelogs-ux-7001/#ch2026032761266"",""Dialog、Toast、AlphabetIndexer和文本选择菜单默认开启沉浸式系统材质"")",ngf_framework\src\main\ets\uiShell\components\AboutSheetContent.ets:198,未修复,UX视觉布局变更
declare const Text: TextInterface,ArkTS,7.0.0(26) Beta1,26.0.0 - 26.0.0(26.0.0),"=HYPERLINK(""https://developer.huawei.com/consumer/cn/doc/harmonyos-releases/changelogs-ux-7001/#ch2026032761266"",""Dialog、Toast、AlphabetIndexer和文本选择菜单默认开启沉浸式系统材质"")",ngf_framework\src\main\ets\uiShell\components\AboutSheetContent.ets:203,未修复,UX视觉布局变更
declare const Text: TextInterface,ArkTS,7.0.0(26) Beta1,26.0.0 - 26.0.0(26.0.0),"=HYPERLINK(""https://developer.huawei.com/consumer/cn/doc/harmonyos-releases/changelogs-ux-7001/#ch2026032761266"",""Dialog、Toast、AlphabetIndexer和文本选择菜单默认开启沉浸式系统材质"")",ngf_framework\src\main\ets\uiShell\components\AboutSheetContent.ets:207,未修复,UX视觉布局变更
declare const Text: TextInterface,ArkTS,7.0.0(26) Beta1,26.0.0 - 26.0.0(26.0.0),"=HYPERLINK(""https://developer.huawei.com/consumer/cn/doc/harmonyos-releases/changelogs-ux-7001/#ch2026032761266"",""Dialog、Toast、AlphabetIndexer和文本选择菜单默认开启沉浸式系统材质"")",ngf_framework\src\main\ets\uiShell\components\AboutSheetContent.ets:225,未修复,UX视觉布局变更
declare const Text: TextInterface,ArkTS,7.0.0(26) Beta1,26.0.0 - 26.0.0(26.0.0),"=HYPERLINK(""https://developer.huawei.com/consumer/cn/doc/harmonyos-releases/changelogs-ux-7001/#ch2026032761266"",""Dialog、Toast、AlphabetIndexer和文本选择菜单默认开启沉浸式系统材质"")",ngf_framework\src\main\ets\uiShell\components\AboutSheetContent.ets:253,未修复,UX视觉布局变更
declare const Text: TextInterface,ArkTS,7.0.0(26) Beta1,26.0.0 - 26.0.0(26.0.0),"=HYPERLINK(""https://developer.huawei.com/consumer/cn/doc/harmonyos-releases/changelogs-ux-7001/#ch2026032761266"",""Dialog、Toast、AlphabetIndexer和文本选择菜单默认开启沉浸式系统材质"")",ngf_framework\src\main\ets\uiShell\components\AboutSheetContent.ets:277,未修复,UX视觉布局变更
declare const Text: TextInterface,ArkTS,7.0.0(26) Beta1,26.0.0 - 26.0.0(26.0.0),"=HYPERLINK(""https://developer.huawei.com/consumer/cn/doc/harmonyos-releases/changelogs-ux-7001/#ch2026032761266"",""Dialog、Toast、AlphabetIndexer和文本选择菜单默认开启沉浸式系统材质"")",ngf_framework\src\main\ets\uiShell\components\AboutSheetContent.ets:321,未修复,UX视觉布局变更
declare const Text: TextInterface,ArkTS,7.0.0(26) Beta1,26.0.0 - 26.0.0(26.0.0),"=HYPERLINK(""https://developer.huawei.com/consumer/cn/doc/harmonyos-releases/changelogs-ux-7001/#ch2026032761266"",""Dialog、Toast、AlphabetIndexer和文本选择菜单默认开启沉浸式系统材质"")",ngf_framework\src\main\ets\uiShell\components\AboutSheetContent.ets:343,未修复,UX视觉布局变更
declare const Text: TextInterface,ArkTS,7.0.0(26) Beta1,26.0.0 - 26.0.0(26.0.0),"=HYPERLINK(""https://developer.huawei.com/consumer/cn/doc/harmonyos-releases/changelogs-ux-7001/#ch2026032761266"",""Dialog、Toast、AlphabetIndexer和文本选择菜单默认开启沉浸式系统材质"")",ngf_framework\src\main\ets\uiShell\components\AboutSheetContent.ets:370,未修复,UX视觉布局变更
declare const Text: TextInterface,ArkTS,7.0.0(26) Beta1,26.0.0 - 26.0.0(26.0.0),"=HYPERLINK(""https://developer.huawei.com/consumer/cn/doc/harmonyos-releases/changelogs-ux-7001/#ch2026032761266"",""Dialog、Toast、AlphabetIndexer和文本选择菜单默认开启沉浸式系统材质"")",ngf_framework\src\main\ets\uiShell\components\AboutSheetContent.ets:385,未修复,UX视觉布局变更
declare const Text: TextInterface,ArkTS,7.0.0(26) Beta1,26.0.0 - 26.0.0(26.0.0),"=HYPERLINK(""https://developer.huawei.com/consumer/cn/doc/harmonyos-releases/changelogs-ux-7001/#ch2026032761266"",""Dialog、Toast、AlphabetIndexer和文本选择菜单默认开启沉浸式系统材质"")",ngf_framework\src\main\ets\uiShell\components\AboutSheetContent.ets:389,未修复,UX视觉布局变更
declare const Text: TextInterface,ArkTS,7.0.0(26) Beta1,26.0.0 - 26.0.0(26.0.0),"=HYPERLINK(""https://developer.huawei.com/consumer/cn/doc/harmonyos-releases/changelogs-ux-7001/#ch2026032761266"",""Dialog、Toast、AlphabetIndexer和文本选择菜单默认开启沉浸式系统材质"")",ngf_framework\src\main\ets\uiShell\components\AboutSheetContent.ets:409,未修复,UX视觉布局变更
declare const Text: TextInterface,ArkTS,7.0.0(26) Beta1,26.0.0 - 26.0.0(26.0.0),"=HYPERLINK(""https://developer.huawei.com/consumer/cn/doc/harmonyos-releases/changelogs-ux-7001/#ch2026032761266"",""Dialog、Toast、AlphabetIndexer和文本选择菜单默认开启沉浸式系统材质"")",ngf_framework\src\main\ets\uiShell\components\AboutSheetContent.ets:413,未修复,UX视觉布局变更
declare const Text: TextInterface,ArkTS,7.0.0(26) Beta1,26.0.0 - 26.0.0(26.0.0),"=HYPERLINK(""https://developer.huawei.com/consumer/cn/doc/harmonyos-releases/changelogs-ux-7001/#ch2026032761266"",""Dialog、Toast、AlphabetIndexer和文本选择菜单默认开启沉浸式系统材质"")",ngf_framework\src\main\ets\uiShell\components\NGFHdsTabsFactory.ets:49,未修复,UX视觉布局变更
declare const Text: TextInterface,ArkTS,7.0.0(26) Beta1,26.0.0 - 26.0.0(26.0.0),"=HYPERLINK(""https://developer.huawei.com/consumer/cn/doc/harmonyos-releases/changelogs-ux-7001/#ch2026032761266"",""Dialog、Toast、AlphabetIndexer和文本选择菜单默认开启沉浸式系统材质"")",ngf_framework\src\main\ets\uiShell\components\NGFPageTemplates.ets:161,未修复,UX视觉布局变更
declare const Text: TextInterface,ArkTS,7.0.0(26) Beta1,26.0.0 - 26.0.0(26.0.0),"=HYPERLINK(""https://developer.huawei.com/consumer/cn/doc/harmonyos-releases/changelogs-ux-7001/#ch2026032761266"",""Dialog、Toast、AlphabetIndexer和文本选择菜单默认开启沉浸式系统材质"")",ngf_framework\src\main\ets\uiShell\components\NGFPageTemplates.ets:166,未修复,UX视觉布局变更
declare const Text: TextInterface,ArkTS,7.0.0(26) Beta1,26.0.0 - 26.0.0(26.0.0),"=HYPERLINK(""https://developer.huawei.com/consumer/cn/doc/harmonyos-releases/changelogs-ux-7001/#ch2026032761266"",""Dialog、Toast、AlphabetIndexer和文本选择菜单默认开启沉浸式系统材质"")",ngf_framework\src\main\ets\uiShell\components\NGFPageTemplates.ets:178,未修复,UX视觉布局变更
declare const Text: TextInterface,ArkTS,7.0.0(26) Beta1,26.0.0 - 26.0.0(26.0.0),"=HYPERLINK(""https://developer.huawei.com/consumer/cn/doc/harmonyos-releases/changelogs-ux-7001/#ch2026032761266"",""Dialog、Toast、AlphabetIndexer和文本选择菜单默认开启沉浸式系统材质"")",ngf_framework\src\main\ets\uiShell\components\NGFPageTemplates.ets:182,未修复,UX视觉布局变更
declare const Text: TextInterface,ArkTS,7.0.0(26) Beta1,26.0.0 - 26.0.0(26.0.0),"=HYPERLINK(""https://developer.huawei.com/consumer/cn/doc/harmonyos-releases/changelogs-ux-7001/#ch2026032761266"",""Dialog、Toast、AlphabetIndexer和文本选择菜单默认开启沉浸式系统材质"")",ngf_framework\src\main\ets\uiShell\components\NGFPageTemplates.ets:245,未修复,UX视觉布局变更
declare const Text: TextInterface,ArkTS,7.0.0(26) Beta1,26.0.0 - 26.0.0(26.0.0),"=HYPERLINK(""https://developer.huawei.com/consumer/cn/doc/harmonyos-releases/changelogs-ux-7001/#ch2026032761266"",""Dialog、Toast、AlphabetIndexer和文本选择菜单默认开启沉浸式系统材质"")",ngf_framework\src\main\ets\uiShell\components\NGFPageTemplates.ets:250,未修复,UX视觉布局变更
declare const Text: TextInterface,ArkTS,7.0.0(26) Beta1,26.0.0 - 26.0.0(26.0.0),"=HYPERLINK(""https://developer.huawei.com/consumer/cn/doc/harmonyos-releases/changelogs-ux-7001/#ch2026032761266"",""Dialog、Toast、AlphabetIndexer和文本选择菜单默认开启沉浸式系统材质"")",ngf_framework\src\main\ets\uiShell\components\NGFPageTemplates.ets:67,未修复,UX视觉布局变更
declare const Text: TextInterface,ArkTS,7.0.0(26) Beta1,26.0.0 - 26.0.0(26.0.0),"=HYPERLINK(""https://developer.huawei.com/consumer/cn/doc/harmonyos-releases/changelogs-ux-7001/#ch2026032761266"",""Dialog、Toast、AlphabetIndexer和文本选择菜单默认开启沉浸式系统材质"")",ngf_framework\src\main\ets\uiShell\components\NGFPageTemplates.ets:72,未修复,UX视觉布局变更
declare const Text: TextInterface,ArkTS,7.0.0(26) Beta1,26.0.0 - 26.0.0(26.0.0),"=HYPERLINK(""https://developer.huawei.com/consumer/cn/doc/harmonyos-releases/changelogs-ux-7001/#ch2026032761266"",""Dialog、Toast、AlphabetIndexer和文本选择菜单默认开启沉浸式系统材质"")",ngf_framework\src\main\ets\uiShell\components\NGFPageTemplates.ets:85,未修复,UX视觉布局变更
declare const Text: TextInterface,ArkTS,7.0.0(26) Beta1,26.0.0 - 26.0.0(26.0.0),"=HYPERLINK(""https://developer.huawei.com/consumer/cn/doc/harmonyos-releases/changelogs-ux-7001/#ch2026032761266"",""Dialog、Toast、AlphabetIndexer和文本选择菜单默认开启沉浸式系统材质"")",ngf_framework\src\main\ets\uiShell\components\NGFPageTemplates.ets:95,未修复,UX视觉布局变更
declare class CommonMethod<T>,ArkTS,7.0.0(26) Beta1,ALL,"=HYPERLINK(""https://developer.huawei.com/consumer/cn/doc/harmonyos-releases/changelogs-for-all-apps-7001/#ch2026010615012"",""ArkUI接口新增仅支持Stage模型的约束"")",entry\src\main\ets\pages\ngf\HdsIntegratedShowcasePage.ets:1002,未修复,接口定义变更
declare class CommonMethod<T>,ArkTS,7.0.0(26) Beta1,ALL,"=HYPERLINK(""https://developer.huawei.com/consumer/cn/doc/harmonyos-releases/changelogs-for-all-apps-7001/#ch2026010615012"",""ArkUI接口新增仅支持Stage模型的约束"")",entry\src\main\ets\pages\ngf\HdsIntegratedShowcasePage.ets:1008,未修复,接口定义变更
declare class CommonMethod<T>,ArkTS,7.0.0(26) Beta1,ALL,"=HYPERLINK(""https://developer.huawei.com/consumer/cn/doc/harmonyos-releases/changelogs-for-all-apps-7001/#ch2026010615012"",""ArkUI接口新增仅支持Stage模型的约束"")",entry\src\main\ets\pages\ngf\HdsIntegratedShowcasePage.ets:1013,未修复,接口定义变更
declare class CommonMethod<T>,ArkTS,7.0.0(26) Beta1,ALL,"=HYPERLINK(""https://developer.huawei.com/consumer/cn/doc/harmonyos-releases/changelogs-for-all-apps-7001/#ch2026010615012"",""ArkUI接口新增仅支持Stage模型的约束"")",entry\src\main\ets\pages\ngf\HdsIntegratedShowcasePage.ets:1018,未修复,接口定义变更
declare class CommonMethod<T>,ArkTS,7.0.0(26) Beta1,ALL,"=HYPERLINK(""https://developer.huawei.com/consumer/cn/doc/harmonyos-releases/changelogs-for-all-apps-7001/#ch2026010615012"",""ArkUI接口新增仅支持Stage模型的约束"")",entry\src\main\ets\pages\ngf\HdsIntegratedShowcasePage.ets:1019,未修复,接口定义变更
declare class CommonMethod<T>,ArkTS,7.0.0(26) Beta1,ALL,"=HYPERLINK(""https://developer.huawei.com/consumer/cn/doc/harmonyos-releases/changelogs-for-all-apps-7001/#ch2026010615012"",""ArkUI接口新增仅支持Stage模型的约束"")",entry\src\main\ets\pages\ngf\HdsIntegratedShowcasePage.ets:1020,未修复,接口定义变更
declare class CommonMethod<T>,ArkTS,7.0.0(26) Beta1,ALL,"=HYPERLINK(""https://developer.huawei.com/consumer/cn/doc/harmonyos-releases/changelogs-for-all-apps-7001/#ch2026010615012"",""ArkUI接口新增仅支持Stage模型的约束"")",entry\src\main\ets\pages\ngf\HdsIntegratedShowcasePage.ets:1023,未修复,接口定义变更
declare class CommonMethod<T>,ArkTS,7.0.0(26) Beta1,ALL,"=HYPERLINK(""https://developer.huawei.com/consumer/cn/doc/harmonyos-releases/changelogs-for-all-apps-7001/#ch2026010615012"",""ArkUI接口新增仅支持Stage模型的约束"")",entry\src\main\ets\pages\ngf\HdsIntegratedShowcasePage.ets:1030,未修复,接口定义变更
declare class CommonMethod<T>,ArkTS,7.0.0(26) Beta1,ALL,"=HYPERLINK(""https://developer.huawei.com/consumer/cn/doc/harmonyos-releases/changelogs-for-all-apps-7001/#ch2026010615012"",""ArkUI接口新增仅支持Stage模型的约束"")",entry\src\main\ets\pages\ngf\HdsIntegratedShowcasePage.ets:1031,未修复,接口定义变更
declare class CommonMethod<T>,ArkTS,7.0.0(26) Beta1,ALL,"=HYPERLINK(""https://developer.huawei.com/consumer/cn/doc/harmonyos-releases/changelogs-for-all-apps-7001/#ch2026010615012"",""ArkUI接口新增仅支持Stage模型的约束"")",entry\src\main\ets\pages\ngf\HdsIntegratedShowcasePage.ets:1032,未修复,接口定义变更
declare class CommonMethod<T>,ArkTS,7.0.0(26) Beta1,ALL,"=HYPERLINK(""https://developer.huawei.com/consumer/cn/doc/harmonyos-releases/changelogs-for-all-apps-7001/#ch2026010615012"",""ArkUI接口新增仅支持Stage模型的约束"")",entry\src\main\ets\pages\ngf\HdsIntegratedShowcasePage.ets:1033,未修复,接口定义变更
declare class CommonMethod<T>,ArkTS,7.0.0(26) Beta1,ALL,"=HYPERLINK(""https://developer.huawei.com/consumer/cn/doc/harmonyos-releases/changelogs-for-all-apps-7001/#ch2026010615012"",""ArkUI接口新增仅支持Stage模型的约束"")",entry\src\main\ets\pages\ngf\HdsIntegratedShowcasePage.ets:1039,未修复,接口定义变更
declare class CommonMethod<T>,ArkTS,7.0.0(26) Beta1,ALL,"=HYPERLINK(""https://developer.huawei.com/consumer/cn/doc/harmonyos-releases/changelogs-for-all-apps-7001/#ch2026010615012"",""ArkUI接口新增仅支持Stage模型的约束"")",entry\src\main\ets\pages\ngf\HdsIntegratedShowcasePage.ets:1047,未修复,接口定义变更
declare class CommonMethod<T>,ArkTS,7.0.0(26) Beta1,ALL,"=HYPERLINK(""https://developer.huawei.com/consumer/cn/doc/harmonyos-releases/changelogs-for-all-apps-7001/#ch2026010615012"",""ArkUI接口新增仅支持Stage模型的约束"")",entry\src\main\ets\pages\ngf\HdsIntegratedShowcasePage.ets:1048,未修复,接口定义变更
declare class CommonMethod<T>,ArkTS,7.0.0(26) Beta1,ALL,"=HYPERLINK(""https://developer.huawei.com/consumer/cn/doc/harmonyos-releases/changelogs-for-all-apps-7001/#ch2026010615012"",""ArkUI接口新增仅支持Stage模型的约束"")",entry\src\main\ets\pages\ngf\HdsIntegratedShowcasePage.ets:1050,未修复,接口定义变更
declare class CommonMethod<T>,ArkTS,7.0.0(26) Beta1,ALL,"=HYPERLINK(""https://developer.huawei.com/consumer/cn/doc/harmonyos-releases/changelogs-for-all-apps-7001/#ch2026010615012"",""ArkUI接口新增仅支持Stage模型的约束"")",entry\src\main\ets\pages\ngf\HdsIntegratedShowcasePage.ets:1052,未修复,接口定义变更
declare class CommonMethod<T>,ArkTS,7.0.0(26) Beta1,ALL,"=HYPERLINK(""https://developer.huawei.com/consumer/cn/doc/harmonyos-releases/changelogs-for-all-apps-7001/#ch2026010615012"",""ArkUI接口新增仅支持Stage模型的约束"")",entry\src\main\ets\pages\ngf\HdsIntegratedShowcasePage.ets:1057,未修复,接口定义变更
declare class CommonMethod<T>,ArkTS,7.0.0(26) Beta1,ALL,"=HYPERLINK(""https://developer.huawei.com/consumer/cn/doc/harmonyos-releases/changelogs-for-all-apps-7001/#ch2026010615012"",""ArkUI接口新增仅支持Stage模型的约束"")",entry\src\main\ets\pages\ngf\HdsIntegratedShowcasePage.ets:1065,未修复,接口定义变更
declare class CommonMethod<T>,ArkTS,7.0.0(26) Beta1,ALL,"=HYPERLINK(""https://developer.huawei.com/consumer/cn/doc/harmonyos-releases/changelogs-for-all-apps-7001/#ch2026010615012"",""ArkUI接口新增仅支持Stage模型的约束"")",entry\src\main\ets\pages\ngf\HdsIntegratedShowcasePage.ets:1066,未修复,接口定义变更
declare class CommonMethod<T>,ArkTS,7.0.0(26) Beta1,ALL,"=HYPERLINK(""https://developer.huawei.com/consumer/cn/doc/harmonyos-releases/changelogs-for-all-apps-7001/#ch2026010615012"",""ArkUI接口新增仅支持Stage模型的约束"")",entry\src\main\ets\pages\ngf\HdsIntegratedShowcasePage.ets:1068,未修复,接口定义变更
declare class CommonMethod<T>,ArkTS,7.0.0(26) Beta1,ALL,"=HYPERLINK(""https://developer.huawei.com/consumer/cn/doc/harmonyos-releases/changelogs-for-all-apps-7001/#ch2026010615012"",""ArkUI接口新增仅支持Stage模型的约束"")",entry\src\main\ets\pages\ngf\HdsIntegratedShowcasePage.ets:1070,未修复,接口定义变更
declare class CommonMethod<T>,ArkTS,7.0.0(26) Beta1,ALL,"=HYPERLINK(""https://developer.huawei.com/consumer/cn/doc/harmonyos-releases/changelogs-for-all-apps-7001/#ch2026010615012"",""ArkUI接口新增仅支持Stage模型的约束"")",entry\src\main\ets\pages\ngf\HdsIntegratedShowcasePage.ets:1075,未修复,接口定义变更
declare class CommonMethod<T>,ArkTS,7.0.0(26) Beta1,ALL,"=HYPERLINK(""https://developer.huawei.com/consumer/cn/doc/harmonyos-releases/changelogs-for-all-apps-7001/#ch2026010615012"",""ArkUI接口新增仅支持Stage模型的约束"")",entry\src\main\ets\pages\ngf\HdsIntegratedShowcasePage.ets:1076,未修复,接口定义变更
declare class CommonMethod<T>,ArkTS,7.0.0(26) Beta1,ALL,"=HYPERLINK(""https://developer.huawei.com/consumer/cn/doc/harmonyos-releases/changelogs-for-all-apps-7001/#ch2026010615012"",""ArkUI接口新增仅支持Stage模型的约束"")",entry\src\main\ets\pages\ngf\HdsIntegratedShowcasePage.ets:1078,未修复,接口定义变更
declare class CommonMethod<T>,ArkTS,7.0.0(26) Beta1,ALL,"=HYPERLINK(""https://developer.huawei.com/consumer/cn/doc/harmonyos-releases/changelogs-for-all-apps-7001/#ch2026010615012"",""ArkUI接口新增仅支持Stage模型的约束"")",entry\src\main\ets\pages\ngf\HdsIntegratedShowcasePage.ets:1080,未修复,接口定义变更
declare class CommonMethod<T>,ArkTS,7.0.0(26) Beta1,ALL,"=HYPERLINK(""https://developer.huawei.com/consumer/cn/doc/harmonyos-releases/changelogs-for-all-apps-7001/#ch2026010615012"",""ArkUI接口新增仅支持Stage模型的约束"")",entry\src\main\ets\pages\ngf\HdsIntegratedShowcasePage.ets:1087,未修复,接口定义变更
declare class CommonMethod<T>,ArkTS,7.0.0(26) Beta1,ALL,"=HYPERLINK(""https://developer.huawei.com/consumer/cn/doc/harmonyos-releases/changelogs-for-all-apps-7001/#ch2026010615012"",""ArkUI接口新增仅支持Stage模型的约束"")",entry\src\main\ets\pages\ngf\HdsIntegratedShowcasePage.ets:1088,未修复,接口定义变更
declare class CommonMethod<T>,ArkTS,7.0.0(26) Beta1,ALL,"=HYPERLINK(""https://developer.huawei.com/consumer/cn/doc/harmonyos-releases/changelogs-for-all-apps-7001/#ch2026010615012"",""ArkUI接口新增仅支持Stage模型的约束"")",entry\src\main\ets\pages\ngf\HdsIntegratedShowcasePage.ets:1090,未修复,接口定义变更
declare class CommonMethod<T>,ArkTS,7.0.0(26) Beta1,ALL,"=HYPERLINK(""https://developer.huawei.com/consumer/cn/doc/harmonyos-releases/changelogs-for-all-apps-7001/#ch2026010615012"",""ArkUI接口新增仅支持Stage模型的约束"")",entry\src\main\ets\pages\ngf\HdsIntegratedShowcasePage.ets:1092,未修复,接口定义变更
declare class CommonMethod<T>,ArkTS,7.0.0(26) Beta1,ALL,"=HYPERLINK(""https://developer.huawei.com/consumer/cn/doc/harmonyos-releases/changelogs-for-all-apps-7001/#ch2026010615012"",""ArkUI接口新增仅支持Stage模型的约束"")",entry\src\main\ets\pages\ngf\HdsIntegratedShowcasePage.ets:1096,未修复,接口定义变更
declare class CommonMethod<T>,ArkTS,7.0.0(26) Beta1,ALL,"=HYPERLINK(""https://developer.huawei.com/consumer/cn/doc/harmonyos-releases/changelogs-for-all-apps-7001/#ch2026010615012"",""ArkUI接口新增仅支持Stage模型的约束"")",entry\src\main\ets\pages\ngf\HdsIntegratedShowcasePage.ets:1108,未修复,接口定义变更
declare class CommonMethod<T>,ArkTS,7.0.0(26) Beta1,ALL,"=HYPERLINK(""https://developer.huawei.com/consumer/cn/doc/harmonyos-releases/changelogs-for-all-apps-7001/#ch2026010615012"",""ArkUI接口新增仅支持Stage模型的约束"")",entry\src\main\ets\pages\ngf\HdsIntegratedShowcasePage.ets:1113,未修复,接口定义变更
declare class CommonMethod<T>,ArkTS,7.0.0(26) Beta1,ALL,"=HYPERLINK(""https://developer.huawei.com/consumer/cn/doc/harmonyos-releases/changelogs-for-all-apps-7001/#ch2026010615012"",""ArkUI接口新增仅支持Stage模型的约束"")",entry\src\main\ets\pages\ngf\HdsIntegratedShowcasePage.ets:1114,未修复,接口定义变更
declare class CommonMethod<T>,ArkTS,7.0.0(26) Beta1,ALL,"=HYPERLINK(""https://developer.huawei.com/consumer/cn/doc/harmonyos-releases/changelogs-for-all-apps-7001/#ch2026010615012"",""ArkUI接口新增仅支持Stage模型的约束"")",entry\src\main\ets\pages\ngf\HdsIntegratedShowcasePage.ets:1115,未修复,接口定义变更
declare class CommonMethod<T>,ArkTS,7.0.0(26) Beta1,ALL,"=HYPERLINK(""https://developer.huawei.com/consumer/cn/doc/harmonyos-releases/changelogs-for-all-apps-7001/#ch2026010615012"",""ArkUI接口新增仅支持Stage模型的约束"")",entry\src\main\ets\pages\ngf\HdsIntegratedShowcasePage.ets:1123,未修复,接口定义变更
declare class CommonMethod<T>,ArkTS,7.0.0(26) Beta1,ALL,"=HYPERLINK(""https://developer.huawei.com/consumer/cn/doc/harmonyos-releases/changelogs-for-all-apps-7001/#ch2026010615012"",""ArkUI接口新增仅支持Stage模型的约束"")",entry\src\main\ets\pages\ngf\HdsIntegratedShowcasePage.ets:1124,未修复,接口定义变更
declare class CommonMethod<T>,ArkTS,7.0.0(26) Beta1,ALL,"=HYPERLINK(""https://developer.huawei.com/consumer/cn/doc/harmonyos-releases/changelogs-for-all-apps-7001/#ch2026010615012"",""ArkUI接口新增仅支持Stage模型的约束"")",entry\src\main\ets\pages\ngf\HdsIntegratedShowcasePage.ets:1125,未修复,接口定义变更
declare class CommonMethod<T>,ArkTS,7.0.0(26) Beta1,ALL,"=HYPERLINK(""https://developer.huawei.com/consumer/cn/doc/harmonyos-releases/changelogs-for-all-apps-7001/#ch2026010615012"",""ArkUI接口新增仅支持Stage模型的约束"")",entry\src\main\ets\pages\ngf\HdsIntegratedShowcasePage.ets:1126,未修复,接口定义变更
declare class CommonMethod<T>,ArkTS,7.0.0(26) Beta1,ALL,"=HYPERLINK(""https://developer.huawei.com/consumer/cn/doc/harmonyos-releases/changelogs-for-all-apps-7001/#ch2026010615012"",""ArkUI接口新增仅支持Stage模型的约束"")",entry\src\main\ets\pages\ngf\HdsIntegratedShowcasePage.ets:1127,未修复,接口定义变更
declare class CommonMethod<T>,ArkTS,7.0.0(26) Beta1,ALL,"=HYPERLINK(""https://developer.huawei.com/consumer/cn/doc/harmonyos-releases/changelogs-for-all-apps-7001/#ch2026010615012"",""ArkUI接口新增仅支持Stage模型的约束"")",entry\src\main\ets\pages\ngf\HdsIntegratedShowcasePage.ets:535,未修复,接口定义变更
declare class CommonMethod<T>,ArkTS,7.0.0(26) Beta1,ALL,"=HYPERLINK(""https://developer.huawei.com/consumer/cn/doc/harmonyos-releases/changelogs-for-all-apps-7001/#ch2026010615012"",""ArkUI接口新增仅支持Stage模型的约束"")",entry\src\main\ets\pages\ngf\HdsIntegratedShowcasePage.ets:536,未修复,接口定义变更
declare class CommonMethod<T>,ArkTS,7.0.0(26) Beta1,ALL,"=HYPERLINK(""https://developer.huawei.com/consumer/cn/doc/harmonyos-releases/changelogs-for-all-apps-7001/#ch2026010615012"",""ArkUI接口新增仅支持Stage模型的约束"")",entry\src\main\ets\pages\ngf\HdsIntegratedShowcasePage.ets:543,未修复,接口定义变更
declare class CommonMethod<T>,ArkTS,7.0.0(26) Beta1,ALL,"=HYPERLINK(""https://developer.huawei.com/consumer/cn/doc/harmonyos-releases/changelogs-for-all-apps-7001/#ch2026010615012"",""ArkUI接口新增仅支持Stage模型的约束"")",entry\src\main\ets\pages\ngf\HdsIntegratedShowcasePage.ets:544,未修复,接口定义变更
declare class CommonMethod<T>,ArkTS,7.0.0(26) Beta1,ALL,"=HYPERLINK(""https://developer.huawei.com/consumer/cn/doc/harmonyos-releases/changelogs-for-all-apps-7001/#ch2026010615012"",""ArkUI接口新增仅支持Stage模型的约束"")",entry\src\main\ets\pages\ngf\HdsIntegratedShowcasePage.ets:548,未修复,接口定义变更
declare class CommonMethod<T>,ArkTS,7.0.0(26) Beta1,ALL,"=HYPERLINK(""https://developer.huawei.com/consumer/cn/doc/harmonyos-releases/changelogs-for-all-apps-7001/#ch2026010615012"",""ArkUI接口新增仅支持Stage模型的约束"")",entry\src\main\ets\pages\ngf\HdsIntegratedShowcasePage.ets:549,未修复,接口定义变更
declare class CommonMethod<T>,ArkTS,7.0.0(26) Beta1,ALL,"=HYPERLINK(""https://developer.huawei.com/consumer/cn/doc/harmonyos-releases/changelogs-for-all-apps-7001/#ch2026010615012"",""ArkUI接口新增仅支持Stage模型的约束"")",entry\src\main\ets\pages\ngf\HdsIntegratedShowcasePage.ets:551,未修复,接口定义变更
declare class CommonMethod<T>,ArkTS,7.0.0(26) Beta1,ALL,"=HYPERLINK(""https://developer.huawei.com/consumer/cn/doc/harmonyos-releases/changelogs-for-all-apps-7001/#ch2026010615012"",""ArkUI接口新增仅支持Stage模型的约束"")",entry\src\main\ets\pages\ngf\HdsIntegratedShowcasePage.ets:552,未修复,接口定义变更
declare class CommonMethod<T>,ArkTS,7.0.0(26) Beta1,ALL,"=HYPERLINK(""https://developer.huawei.com/consumer/cn/doc/harmonyos-releases/changelogs-for-all-apps-7001/#ch2026010615012"",""ArkUI接口新增仅支持Stage模型的约束"")",entry\src\main\ets\pages\ngf\HdsIntegratedShowcasePage.ets:553,未修复,接口定义变更
declare class CommonMethod<T>,ArkTS,7.0.0(26) Beta1,ALL,"=HYPERLINK(""https://developer.huawei.com/consumer/cn/doc/harmonyos-releases/changelogs-for-all-apps-7001/#ch2026010615012"",""ArkUI接口新增仅支持Stage模型的约束"")",entry\src\main\ets\pages\ngf\HdsIntegratedShowcasePage.ets:597,未修复,接口定义变更
declare class CommonMethod<T>,ArkTS,7.0.0(26) Beta1,ALL,"=HYPERLINK(""https://developer.huawei.com/consumer/cn/doc/harmonyos-releases/changelogs-for-all-apps-7001/#ch2026010615012"",""ArkUI接口新增仅支持Stage模型的约束"")",entry\src\main\ets\pages\ngf\HdsIntegratedShowcasePage.ets:598,未修复,接口定义变更
declare class CommonMethod<T>,ArkTS,7.0.0(26) Beta1,ALL,"=HYPERLINK(""https://developer.huawei.com/consumer/cn/doc/harmonyos-releases/changelogs-for-all-apps-7001/#ch2026010615012"",""ArkUI接口新增仅支持Stage模型的约束"")",entry\src\main\ets\pages\ngf\HdsIntegratedShowcasePage.ets:599,未修复,接口定义变更
declare class CommonMethod<T>,ArkTS,7.0.0(26) Beta1,ALL,"=HYPERLINK(""https://developer.huawei.com/consumer/cn/doc/harmonyos-releases/changelogs-for-all-apps-7001/#ch2026010615012"",""ArkUI接口新增仅支持Stage模型的约束"")",entry\src\main\ets\pages\ngf\HdsIntegratedShowcasePage.ets:607,未修复,接口定义变更
declare class CommonMethod<T>,ArkTS,7.0.0(26) Beta1,ALL,"=HYPERLINK(""https://developer.huawei.com/consumer/cn/doc/harmonyos-releases/changelogs-for-all-apps-7001/#ch2026010615012"",""ArkUI接口新增仅支持Stage模型的约束"")",entry\src\main\ets\pages\ngf\HdsIntegratedShowcasePage.ets:608,未修复,接口定义变更
declare class CommonMethod<T>,ArkTS,7.0.0(26) Beta1,ALL,"=HYPERLINK(""https://developer.huawei.com/consumer/cn/doc/harmonyos-releases/changelogs-for-all-apps-7001/#ch2026010615012"",""ArkUI接口新增仅支持Stage模型的约束"")",entry\src\main\ets\pages\ngf\HdsIntegratedShowcasePage.ets:609,未修复,接口定义变更
declare class CommonMethod<T>,ArkTS,7.0.0(26) Beta1,ALL,"=HYPERLINK(""https://developer.huawei.com/consumer/cn/doc/harmonyos-releases/changelogs-for-all-apps-7001/#ch2026010615012"",""ArkUI接口新增仅支持Stage模型的约束"")",entry\src\main\ets\pages\ngf\HdsIntegratedShowcasePage.ets:610,未修复,接口定义变更
declare class CommonMethod<T>,ArkTS,7.0.0(26) Beta1,ALL,"=HYPERLINK(""https://developer.huawei.com/consumer/cn/doc/harmonyos-releases/changelogs-for-all-apps-7001/#ch2026010615012"",""ArkUI接口新增仅支持Stage模型的约束"")",entry\src\main\ets\pages\ngf\HdsIntegratedShowcasePage.ets:611,未修复,接口定义变更
declare class CommonMethod<T>,ArkTS,7.0.0(26) Beta1,ALL,"=HYPERLINK(""https://developer.huawei.com/consumer/cn/doc/harmonyos-releases/changelogs-for-all-apps-7001/#ch2026010615012"",""ArkUI接口新增仅支持Stage模型的约束"")",entry\src\main\ets\pages\ngf\HdsIntegratedShowcasePage.ets:626,未修复,接口定义变更
declare class CommonMethod<T>,ArkTS,7.0.0(26) Beta1,ALL,"=HYPERLINK(""https://developer.huawei.com/consumer/cn/doc/harmonyos-releases/changelogs-for-all-apps-7001/#ch2026010615012"",""ArkUI接口新增仅支持Stage模型的约束"")",entry\src\main\ets\pages\ngf\HdsIntegratedShowcasePage.ets:641,未修复,接口定义变更
declare class CommonMethod<T>,ArkTS,7.0.0(26) Beta1,ALL,"=HYPERLINK(""https://developer.huawei.com/consumer/cn/doc/harmonyos-releases/changelogs-for-all-apps-7001/#ch2026010615012"",""ArkUI接口新增仅支持Stage模型的约束"")",entry\src\main\ets\pages\ngf\HdsIntegratedShowcasePage.ets:648,未修复,接口定义变更
declare class CommonMethod<T>,ArkTS,7.0.0(26) Beta1,ALL,"=HYPERLINK(""https://developer.huawei.com/consumer/cn/doc/harmonyos-releases/changelogs-for-all-apps-7001/#ch2026010615012"",""ArkUI接口新增仅支持Stage模型的约束"")",entry\src\main\ets\pages\ngf\HdsIntegratedShowcasePage.ets:654,未修复,接口定义变更
declare class CommonMethod<T>,ArkTS,7.0.0(26) Beta1,ALL,"=HYPERLINK(""https://developer.huawei.com/consumer/cn/doc/harmonyos-releases/changelogs-for-all-apps-7001/#ch2026010615012"",""ArkUI接口新增仅支持Stage模型的约束"")",entry\src\main\ets\pages\ngf\HdsIntegratedShowcasePage.ets:662,未修复,接口定义变更
declare class CommonMethod<T>,ArkTS,7.0.0(26) Beta1,ALL,"=HYPERLINK(""https://developer.huawei.com/consumer/cn/doc/harmonyos-releases/changelogs-for-all-apps-7001/#ch2026010615012"",""ArkUI接口新增仅支持Stage模型的约束"")",entry\src\main\ets\pages\ngf\HdsIntegratedShowcasePage.ets:664,未修复,接口定义变更
declare class CommonMethod<T>,ArkTS,7.0.0(26) Beta1,ALL,"=HYPERLINK(""https://developer.huawei.com/consumer/cn/doc/harmonyos-releases/changelogs-for-all-apps-7001/#ch2026010615012"",""ArkUI接口新增仅支持Stage模型的约束"")",entry\src\main\ets\pages\ngf\HdsIntegratedShowcasePage.ets:665,未修复,接口定义变更
declare class CommonMethod<T>,ArkTS,7.0.0(26) Beta1,ALL,"=HYPERLINK(""https://developer.huawei.com/consumer/cn/doc/harmonyos-releases/changelogs-for-all-apps-7001/#ch2026010615012"",""ArkUI接口新增仅支持Stage模型的约束"")",entry\src\main\ets\pages\ngf\HdsIntegratedShowcasePage.ets:666,未修复,接口定义变更
declare class CommonMethod<T>,ArkTS,7.0.0(26) Beta1,ALL,"=HYPERLINK(""https://developer.huawei.com/consumer/cn/doc/harmonyos-releases/changelogs-for-all-apps-7001/#ch2026010615012"",""ArkUI接口新增仅支持Stage模型的约束"")",entry\src\main\ets\pages\ngf\HdsIntegratedShowcasePage.ets:667,未修复,接口定义变更
declare class CommonMethod<T>,ArkTS,7.0.0(26) Beta1,ALL,"=HYPERLINK(""https://developer.huawei.com/consumer/cn/doc/harmonyos-releases/changelogs-for-all-apps-7001/#ch2026010615012"",""ArkUI接口新增仅支持Stage模型的约束"")",entry\src\main\ets\pages\ngf\HdsIntegratedShowcasePage.ets:670,未修复,接口定义变更
declare class CommonMethod<T>,ArkTS,7.0.0(26) Beta1,ALL,"=HYPERLINK(""https://developer.huawei.com/consumer/cn/doc/harmonyos-releases/changelogs-for-all-apps-7001/#ch2026010615012"",""ArkUI接口新增仅支持Stage模型的约束"")",entry\src\main\ets\pages\ngf\HdsIntegratedShowcasePage.ets:673,未修复,接口定义变更
declare class CommonMethod<T>,ArkTS,7.0.0(26) Beta1,ALL,"=HYPERLINK(""https://developer.huawei.com/consumer/cn/doc/harmonyos-releases/changelogs-for-all-apps-7001/#ch2026010615012"",""ArkUI接口新增仅支持Stage模型的约束"")",entry\src\main\ets\pages\ngf\HdsIntegratedShowcasePage.ets:674,未修复,接口定义变更
declare class CommonMethod<T>,ArkTS,7.0.0(26) Beta1,ALL,"=HYPERLINK(""https://developer.huawei.com/consumer/cn/doc/harmonyos-releases/changelogs-for-all-apps-7001/#ch2026010615012"",""ArkUI接口新增仅支持Stage模型的约束"")",entry\src\main\ets\pages\ngf\HdsIntegratedShowcasePage.ets:675,未修复,接口定义变更
declare class CommonMethod<T>,ArkTS,7.0.0(26) Beta1,ALL,"=HYPERLINK(""https://developer.huawei.com/consumer/cn/doc/harmonyos-releases/changelogs-for-all-apps-7001/#ch2026010615012"",""ArkUI接口新增仅支持Stage模型的约束"")",entry\src\main\ets\pages\ngf\HdsIntegratedShowcasePage.ets:682,未修复,接口定义变更
declare class CommonMethod<T>,ArkTS,7.0.0(26) Beta1,ALL,"=HYPERLINK(""https://developer.huawei.com/consumer/cn/doc/harmonyos-releases/changelogs-for-all-apps-7001/#ch2026010615012"",""ArkUI接口新增仅支持Stage模型的约束"")",entry\src\main\ets\pages\ngf\HdsIntegratedShowcasePage.ets:683,未修复,接口定义变更
declare class CommonMethod<T>,ArkTS,7.0.0(26) Beta1,ALL,"=HYPERLINK(""https://developer.huawei.com/consumer/cn/doc/harmonyos-releases/changelogs-for-all-apps-7001/#ch2026010615012"",""ArkUI接口新增仅支持Stage模型的约束"")",entry\src\main\ets\pages\ngf\HdsIntegratedShowcasePage.ets:684,未修复,接口定义变更
declare class CommonMethod<T>,ArkTS,7.0.0(26) Beta1,ALL,"=HYPERLINK(""https://developer.huawei.com/consumer/cn/doc/harmonyos-releases/changelogs-for-all-apps-7001/#ch2026010615012"",""ArkUI接口新增仅支持Stage模型的约束"")",entry\src\main\ets\pages\ngf\HdsIntegratedShowcasePage.ets:688,未修复,接口定义变更
declare class CommonMethod<T>,ArkTS,7.0.0(26) Beta1,ALL,"=HYPERLINK(""https://developer.huawei.com/consumer/cn/doc/harmonyos-releases/changelogs-for-all-apps-7001/#ch2026010615012"",""ArkUI接口新增仅支持Stage模型的约束"")",entry\src\main\ets\pages\ngf\HdsIntegratedShowcasePage.ets:689,未修复,接口定义变更
declare class CommonMethod<T>,ArkTS,7.0.0(26) Beta1,ALL,"=HYPERLINK(""https://developer.huawei.com/consumer/cn/doc/harmonyos-releases/changelogs-for-all-apps-7001/#ch2026010615012"",""ArkUI接口新增仅支持Stage模型的约束"")",entry\src\main\ets\pages\ngf\HdsIntegratedShowcasePage.ets:691,未修复,接口定义变更
declare class CommonMethod<T>,ArkTS,7.0.0(26) Beta1,ALL,"=HYPERLINK(""https://developer.huawei.com/consumer/cn/doc/harmonyos-releases/changelogs-for-all-apps-7001/#ch2026010615012"",""ArkUI接口新增仅支持Stage模型的约束"")",entry\src\main\ets\pages\ngf\HdsIntegratedShowcasePage.ets:692,未修复,接口定义变更
declare class CommonMethod<T>,ArkTS,7.0.0(26) Beta1,ALL,"=HYPERLINK(""https://developer.huawei.com/consumer/cn/doc/harmonyos-releases/changelogs-for-all-apps-7001/#ch2026010615012"",""ArkUI接口新增仅支持Stage模型的约束"")",entry\src\main\ets\pages\ngf\HdsIntegratedShowcasePage.ets:693,未修复,接口定义变更
declare class CommonMethod<T>,ArkTS,7.0.0(26) Beta1,ALL,"=HYPERLINK(""https://developer.huawei.com/consumer/cn/doc/harmonyos-releases/changelogs-for-all-apps-7001/#ch2026010615012"",""ArkUI接口新增仅支持Stage模型的约束"")",entry\src\main\ets\pages\ngf\HdsIntegratedShowcasePage.ets:695,未修复,接口定义变更
declare class CommonMethod<T>,ArkTS,7.0.0(26) Beta1,ALL,"=HYPERLINK(""https://developer.huawei.com/consumer/cn/doc/harmonyos-releases/changelogs-for-all-apps-7001/#ch2026010615012"",""ArkUI接口新增仅支持Stage模型的约束"")",entry\src\main\ets\pages\ngf\HdsIntegratedShowcasePage.ets:709,未修复,接口定义变更
declare class CommonMethod<T>,ArkTS,7.0.0(26) Beta1,ALL,"=HYPERLINK(""https://developer.huawei.com/consumer/cn/doc/harmonyos-releases/changelogs-for-all-apps-7001/#ch2026010615012"",""ArkUI接口新增仅支持Stage模型的约束"")",entry\src\main\ets\pages\ngf\HdsIntegratedShowcasePage.ets:714,未修复,接口定义变更
declare class CommonMethod<T>,ArkTS,7.0.0(26) Beta1,ALL,"=HYPERLINK(""https://developer.huawei.com/consumer/cn/doc/harmonyos-releases/changelogs-for-all-apps-7001/#ch2026010615012"",""ArkUI接口新增仅支持Stage模型的约束"")",entry\src\main\ets\pages\ngf\HdsIntegratedShowcasePage.ets:719,未修复,接口定义变更
declare class CommonMethod<T>,ArkTS,7.0.0(26) Beta1,ALL,"=HYPERLINK(""https://developer.huawei.com/consumer/cn/doc/harmonyos-releases/changelogs-for-all-apps-7001/#ch2026010615012"",""ArkUI接口新增仅支持Stage模型的约束"")",entry\src\main\ets\pages\ngf\HdsIntegratedShowcasePage.ets:723,未修复,接口定义变更
declare class CommonMethod<T>,ArkTS,7.0.0(26) Beta1,ALL,"=HYPERLINK(""https://developer.huawei.com/consumer/cn/doc/harmonyos-releases/changelogs-for-all-apps-7001/#ch2026010615012"",""ArkUI接口新增仅支持Stage模型的约束"")",entry\src\main\ets\pages\ngf\HdsIntegratedShowcasePage.ets:724,未修复,接口定义变更
declare class CommonMethod<T>,ArkTS,7.0.0(26) Beta1,ALL,"=HYPERLINK(""https://developer.huawei.com/consumer/cn/doc/harmonyos-releases/changelogs-for-all-apps-7001/#ch2026010615012"",""ArkUI接口新增仅支持Stage模型的约束"")",entry\src\main\ets\pages\ngf\HdsIntegratedShowcasePage.ets:725,未修复,接口定义变更
declare class CommonMethod<T>,ArkTS,7.0.0(26) Beta1,ALL,"=HYPERLINK(""https://developer.huawei.com/consumer/cn/doc/harmonyos-releases/changelogs-for-all-apps-7001/#ch2026010615012"",""ArkUI接口新增仅支持Stage模型的约束"")",entry\src\main\ets\pages\ngf\HdsIntegratedShowcasePage.ets:733,未修复,接口定义变更
declare class CommonMethod<T>,ArkTS,7.0.0(26) Beta1,ALL,"=HYPERLINK(""https://developer.huawei.com/consumer/cn/doc/harmonyos-releases/changelogs-for-all-apps-7001/#ch2026010615012"",""ArkUI接口新增仅支持Stage模型的约束"")",entry\src\main\ets\pages\ngf\HdsIntegratedShowcasePage.ets:734,未修复,接口定义变更
declare class CommonMethod<T>,ArkTS,7.0.0(26) Beta1,ALL,"=HYPERLINK(""https://developer.huawei.com/consumer/cn/doc/harmonyos-releases/changelogs-for-all-apps-7001/#ch2026010615012"",""ArkUI接口新增仅支持Stage模型的约束"")",entry\src\main\ets\pages\ngf\HdsIntegratedShowcasePage.ets:735,未修复,接口定义变更
declare class CommonMethod<T>,ArkTS,7.0.0(26) Beta1,ALL,"=HYPERLINK(""https://developer.huawei.com/consumer/cn/doc/harmonyos-releases/changelogs-for-all-apps-7001/#ch2026010615012"",""ArkUI接口新增仅支持Stage模型的约束"")",entry\src\main\ets\pages\ngf\HdsIntegratedShowcasePage.ets:736,未修复,接口定义变更
declare class CommonMethod<T>,ArkTS,7.0.0(26) Beta1,ALL,"=HYPERLINK(""https://developer.huawei.com/consumer/cn/doc/harmonyos-releases/changelogs-for-all-apps-7001/#ch2026010615012"",""ArkUI接口新增仅支持Stage模型的约束"")",entry\src\main\ets\pages\ngf\HdsIntegratedShowcasePage.ets:737,未修复,接口定义变更
declare class CommonMethod<T>,ArkTS,7.0.0(26) Beta1,ALL,"=HYPERLINK(""https://developer.huawei.com/consumer/cn/doc/harmonyos-releases/changelogs-for-all-apps-7001/#ch2026010615012"",""ArkUI接口新增仅支持Stage模型的约束"")",entry\src\main\ets\pages\ngf\HdsIntegratedShowcasePage.ets:759,未修复,接口定义变更
declare class CommonMethod<T>,ArkTS,7.0.0(26) Beta1,ALL,"=HYPERLINK(""https://developer.huawei.com/consumer/cn/doc/harmonyos-releases/changelogs-for-all-apps-7001/#ch2026010615012"",""ArkUI接口新增仅支持Stage模型的约束"")",entry\src\main\ets\pages\ngf\HdsIntegratedShowcasePage.ets:760,未修复,接口定义变更
declare class CommonMethod<T>,ArkTS,7.0.0(26) Beta1,ALL,"=HYPERLINK(""https://developer.huawei.com/consumer/cn/doc/harmonyos-releases/changelogs-for-all-apps-7001/#ch2026010615012"",""ArkUI接口新增仅支持Stage模型的约束"")",entry\src\main\ets\pages\ngf\HdsIntegratedShowcasePage.ets:761,未修复,接口定义变更
declare class CommonMethod<T>,ArkTS,7.0.0(26) Beta1,ALL,"=HYPERLINK(""https://developer.huawei.com/consumer/cn/doc/harmonyos-releases/changelogs-for-all-apps-7001/#ch2026010615012"",""ArkUI接口新增仅支持Stage模型的约束"")",entry\src\main\ets\pages\ngf\HdsIntegratedShowcasePage.ets:762,未修复,接口定义变更
declare class CommonMethod<T>,ArkTS,7.0.0(26) Beta1,ALL,"=HYPERLINK(""https://developer.huawei.com/consumer/cn/doc/harmonyos-releases/changelogs-for-all-apps-7001/#ch2026010615012"",""ArkUI接口新增仅支持Stage模型的约束"")",entry\src\main\ets\pages\ngf\HdsIntegratedShowcasePage.ets:778,未修复,接口定义变更
declare class CommonMethod<T>,ArkTS,7.0.0(26) Beta1,ALL,"=HYPERLINK(""https://developer.huawei.com/consumer/cn/doc/harmonyos-releases/changelogs-for-all-apps-7001/#ch2026010615012"",""ArkUI接口新增仅支持Stage模型的约束"")",entry\src\main\ets\pages\ngf\HdsIntegratedShowcasePage.ets:786,未修复,接口定义变更
declare class CommonMethod<T>,ArkTS,7.0.0(26) Beta1,ALL,"=HYPERLINK(""https://developer.huawei.com/consumer/cn/doc/harmonyos-releases/changelogs-for-all-apps-7001/#ch2026010615012"",""ArkUI接口新增仅支持Stage模型的约束"")",entry\src\main\ets\pages\ngf\HdsIntegratedShowcasePage.ets:787,未修复,接口定义变更
declare class CommonMethod<T>,ArkTS,7.0.0(26) Beta1,ALL,"=HYPERLINK(""https://developer.huawei.com/consumer/cn/doc/harmonyos-releases/changelogs-for-all-apps-7001/#ch2026010615012"",""ArkUI接口新增仅支持Stage模型的约束"")",entry\src\main\ets\pages\ngf\HdsIntegratedShowcasePage.ets:788,未修复,接口定义变更
declare class CommonMethod<T>,ArkTS,7.0.0(26) Beta1,ALL,"=HYPERLINK(""https://developer.huawei.com/consumer/cn/doc/harmonyos-releases/changelogs-for-all-apps-7001/#ch2026010615012"",""ArkUI接口新增仅支持Stage模型的约束"")",entry\src\main\ets\pages\ngf\HdsIntegratedShowcasePage.ets:796,未修复,接口定义变更
declare class CommonMethod<T>,ArkTS,7.0.0(26) Beta1,ALL,"=HYPERLINK(""https://developer.huawei.com/consumer/cn/doc/harmonyos-releases/changelogs-for-all-apps-7001/#ch2026010615012"",""ArkUI接口新增仅支持Stage模型的约束"")",entry\src\main\ets\pages\ngf\HdsIntegratedShowcasePage.ets:797,未修复,接口定义变更
declare class CommonMethod<T>,ArkTS,7.0.0(26) Beta1,ALL,"=HYPERLINK(""https://developer.huawei.com/consumer/cn/doc/harmonyos-releases/changelogs-for-all-apps-7001/#ch2026010615012"",""ArkUI接口新增仅支持Stage模型的约束"")",entry\src\main\ets\pages\ngf\HdsIntegratedShowcasePage.ets:798,未修复,接口定义变更
declare class CommonMethod<T>,ArkTS,7.0.0(26) Beta1,ALL,"=HYPERLINK(""https://developer.huawei.com/consumer/cn/doc/harmonyos-releases/changelogs-for-all-apps-7001/#ch2026010615012"",""ArkUI接口新增仅支持Stage模型的约束"")",entry\src\main\ets\pages\ngf\HdsIntegratedShowcasePage.ets:802,未修复,接口定义变更
declare class CommonMethod<T>,ArkTS,7.0.0(26) Beta1,ALL,"=HYPERLINK(""https://developer.huawei.com/consumer/cn/doc/harmonyos-releases/changelogs-for-all-apps-7001/#ch2026010615012"",""ArkUI接口新增仅支持Stage模型的约束"")",entry\src\main\ets\pages\ngf\HdsIntegratedShowcasePage.ets:803,未修复,接口定义变更
declare class CommonMethod<T>,ArkTS,7.0.0(26) Beta1,ALL,"=HYPERLINK(""https://developer.huawei.com/consumer/cn/doc/harmonyos-releases/changelogs-for-all-apps-7001/#ch2026010615012"",""ArkUI接口新增仅支持Stage模型的约束"")",entry\src\main\ets\pages\ngf\HdsIntegratedShowcasePage.ets:819,未修复,接口定义变更
declare class CommonMethod<T>,ArkTS,7.0.0(26) Beta1,ALL,"=HYPERLINK(""https://developer.huawei.com/consumer/cn/doc/harmonyos-releases/changelogs-for-all-apps-7001/#ch2026010615012"",""ArkUI接口新增仅支持Stage模型的约束"")",entry\src\main\ets\pages\ngf\HdsIntegratedShowcasePage.ets:822,未修复,接口定义变更
declare class CommonMethod<T>,ArkTS,7.0.0(26) Beta1,ALL,"=HYPERLINK(""https://developer.huawei.com/consumer/cn/doc/harmonyos-releases/changelogs-for-all-apps-7001/#ch2026010615012"",""ArkUI接口新增仅支持Stage模型的约束"")",entry\src\main\ets\pages\ngf\HdsIntegratedShowcasePage.ets:827,未修复,接口定义变更
declare class CommonMethod<T>,ArkTS,7.0.0(26) Beta1,ALL,"=HYPERLINK(""https://developer.huawei.com/consumer/cn/doc/harmonyos-releases/changelogs-for-all-apps-7001/#ch2026010615012"",""ArkUI接口新增仅支持Stage模型的约束"")",entry\src\main\ets\pages\ngf\HdsIntegratedShowcasePage.ets:828,未修复,接口定义变更
declare class CommonMethod<T>,ArkTS,7.0.0(26) Beta1,ALL,"=HYPERLINK(""https://developer.huawei.com/consumer/cn/doc/harmonyos-releases/changelogs-for-all-apps-7001/#ch2026010615012"",""ArkUI接口新增仅支持Stage模型的约束"")",entry\src\main\ets\pages\ngf\HdsIntegratedShowcasePage.ets:829,未修复,接口定义变更
declare class CommonMethod<T>,ArkTS,7.0.0(26) Beta1,ALL,"=HYPERLINK(""https://developer.huawei.com/consumer/cn/doc/harmonyos-releases/changelogs-for-all-apps-7001/#ch2026010615012"",""ArkUI接口新增仅支持Stage模型的约束"")",entry\src\main\ets\pages\ngf\HdsIntegratedShowcasePage.ets:830,未修复,接口定义变更
declare class CommonMethod<T>,ArkTS,7.0.0(26) Beta1,ALL,"=HYPERLINK(""https://developer.huawei.com/consumer/cn/doc/harmonyos-releases/changelogs-for-all-apps-7001/#ch2026010615012"",""ArkUI接口新增仅支持Stage模型的约束"")",entry\src\main\ets\pages\ngf\HdsIntegratedShowcasePage.ets:831,未修复,接口定义变更
declare class CommonMethod<T>,ArkTS,7.0.0(26) Beta1,ALL,"=HYPERLINK(""https://developer.huawei.com/consumer/cn/doc/harmonyos-releases/changelogs-for-all-apps-7001/#ch2026010615012"",""ArkUI接口新增仅支持Stage模型的约束"")",entry\src\main\ets\pages\ngf\HdsIntegratedShowcasePage.ets:832,未修复,接口定义变更
declare class CommonMethod<T>,ArkTS,7.0.0(26) Beta1,ALL,"=HYPERLINK(""https://developer.huawei.com/consumer/cn/doc/harmonyos-releases/changelogs-for-all-apps-7001/#ch2026010615012"",""ArkUI接口新增仅支持Stage模型的约束"")",entry\src\main\ets\pages\ngf\HdsIntegratedShowcasePage.ets:877,未修复,接口定义变更
declare class CommonMethod<T>,ArkTS,7.0.0(26) Beta1,ALL,"=HYPERLINK(""https://developer.huawei.com/consumer/cn/doc/harmonyos-releases/changelogs-for-all-apps-7001/#ch2026010615012"",""ArkUI接口新增仅支持Stage模型的约束"")",entry\src\main\ets\pages\ngf\HdsIntegratedShowcasePage.ets:878,未修复,接口定义变更
declare class CommonMethod<T>,ArkTS,7.0.0(26) Beta1,ALL,"=HYPERLINK(""https://developer.huawei.com/consumer/cn/doc/harmonyos-releases/changelogs-for-all-apps-7001/#ch2026010615012"",""ArkUI接口新增仅支持Stage模型的约束"")",entry\src\main\ets\pages\ngf\HdsIntegratedShowcasePage.ets:879,未修复,接口定义变更
declare class CommonMethod<T>,ArkTS,7.0.0(26) Beta1,ALL,"=HYPERLINK(""https://developer.huawei.com/consumer/cn/doc/harmonyos-releases/changelogs-for-all-apps-7001/#ch2026010615012"",""ArkUI接口新增仅支持Stage模型的约束"")",entry\src\main\ets\pages\ngf\HdsIntegratedShowcasePage.ets:887,未修复,接口定义变更
declare class CommonMethod<T>,ArkTS,7.0.0(26) Beta1,ALL,"=HYPERLINK(""https://developer.huawei.com/consumer/cn/doc/harmonyos-releases/changelogs-for-all-apps-7001/#ch2026010615012"",""ArkUI接口新增仅支持Stage模型的约束"")",entry\src\main\ets\pages\ngf\HdsIntegratedShowcasePage.ets:888,未修复,接口定义变更
declare class CommonMethod<T>,ArkTS,7.0.0(26) Beta1,ALL,"=HYPERLINK(""https://developer.huawei.com/consumer/cn/doc/harmonyos-releases/changelogs-for-all-apps-7001/#ch2026010615012"",""ArkUI接口新增仅支持Stage模型的约束"")",entry\src\main\ets\pages\ngf\HdsIntegratedShowcasePage.ets:889,未修复,接口定义变更
declare class CommonMethod<T>,ArkTS,7.0.0(26) Beta1,ALL,"=HYPERLINK(""https://developer.huawei.com/consumer/cn/doc/harmonyos-releases/changelogs-for-all-apps-7001/#ch2026010615012"",""ArkUI接口新增仅支持Stage模型的约束"")",entry\src\main\ets\pages\ngf\HdsIntegratedShowcasePage.ets:893,未修复,接口定义变更
declare class CommonMethod<T>,ArkTS,7.0.0(26) Beta1,ALL,"=HYPERLINK(""https://developer.huawei.com/consumer/cn/doc/harmonyos-releases/changelogs-for-all-apps-7001/#ch2026010615012"",""ArkUI接口新增仅支持Stage模型的约束"")",entry\src\main\ets\pages\ngf\HdsIntegratedShowcasePage.ets:894,未修复,接口定义变更
declare class CommonMethod<T>,ArkTS,7.0.0(26) Beta1,ALL,"=HYPERLINK(""https://developer.huawei.com/consumer/cn/doc/harmonyos-releases/changelogs-for-all-apps-7001/#ch2026010615012"",""ArkUI接口新增仅支持Stage模型的约束"")",entry\src\main\ets\pages\ngf\HdsIntegratedShowcasePage.ets:904,未修复,接口定义变更
declare class CommonMethod<T>,ArkTS,7.0.0(26) Beta1,ALL,"=HYPERLINK(""https://developer.huawei.com/consumer/cn/doc/harmonyos-releases/changelogs-for-all-apps-7001/#ch2026010615012"",""ArkUI接口新增仅支持Stage模型的约束"")",entry\src\main\ets\pages\ngf\HdsIntegratedShowcasePage.ets:905,未修复,接口定义变更
declare class CommonMethod<T>,ArkTS,7.0.0(26) Beta1,ALL,"=HYPERLINK(""https://developer.huawei.com/consumer/cn/doc/harmonyos-releases/changelogs-for-all-apps-7001/#ch2026010615012"",""ArkUI接口新增仅支持Stage模型的约束"")",entry\src\main\ets\pages\ngf\HdsIntegratedShowcasePage.ets:906,未修复,接口定义变更
declare class CommonMethod<T>,ArkTS,7.0.0(26) Beta1,ALL,"=HYPERLINK(""https://developer.huawei.com/consumer/cn/doc/harmonyos-releases/changelogs-for-all-apps-7001/#ch2026010615012"",""ArkUI接口新增仅支持Stage模型的约束"")",entry\src\main\ets\pages\ngf\HdsIntegratedShowcasePage.ets:913,未修复,接口定义变更
declare class CommonMethod<T>,ArkTS,7.0.0(26) Beta1,ALL,"=HYPERLINK(""https://developer.huawei.com/consumer/cn/doc/harmonyos-releases/changelogs-for-all-apps-7001/#ch2026010615012"",""ArkUI接口新增仅支持Stage模型的约束"")",entry\src\main\ets\pages\ngf\HdsIntegratedShowcasePage.ets:914,未修复,接口定义变更
declare class CommonMethod<T>,ArkTS,7.0.0(26) Beta1,ALL,"=HYPERLINK(""https://developer.huawei.com/consumer/cn/doc/harmonyos-releases/changelogs-for-all-apps-7001/#ch2026010615012"",""ArkUI接口新增仅支持Stage模型的约束"")",entry\src\main\ets\pages\ngf\HdsIntegratedShowcasePage.ets:915,未修复,接口定义变更
declare class CommonMethod<T>,ArkTS,7.0.0(26) Beta1,ALL,"=HYPERLINK(""https://developer.huawei.com/consumer/cn/doc/harmonyos-releases/changelogs-for-all-apps-7001/#ch2026010615012"",""ArkUI接口新增仅支持Stage模型的约束"")",entry\src\main\ets\pages\ngf\HdsIntegratedShowcasePage.ets:916,未修复,接口定义变更
declare class CommonMethod<T>,ArkTS,7.0.0(26) Beta1,ALL,"=HYPERLINK(""https://developer.huawei.com/consumer/cn/doc/harmonyos-releases/changelogs-for-all-apps-7001/#ch2026010615012"",""ArkUI接口新增仅支持Stage模型的约束"")",entry\src\main\ets\pages\ngf\HdsIntegratedShowcasePage.ets:920,未修复,接口定义变更
declare class CommonMethod<T>,ArkTS,7.0.0(26) Beta1,ALL,"=HYPERLINK(""https://developer.huawei.com/consumer/cn/doc/harmonyos-releases/changelogs-for-all-apps-7001/#ch2026010615012"",""ArkUI接口新增仅支持Stage模型的约束"")",entry\src\main\ets\pages\ngf\HdsIntegratedShowcasePage.ets:926,未修复,接口定义变更
declare class CommonMethod<T>,ArkTS,7.0.0(26) Beta1,ALL,"=HYPERLINK(""https://developer.huawei.com/consumer/cn/doc/harmonyos-releases/changelogs-for-all-apps-7001/#ch2026010615012"",""ArkUI接口新增仅支持Stage模型的约束"")",entry\src\main\ets\pages\ngf\HdsIntegratedShowcasePage.ets:931,未修复,接口定义变更
declare class CommonMethod<T>,ArkTS,7.0.0(26) Beta1,ALL,"=HYPERLINK(""https://developer.huawei.com/consumer/cn/doc/harmonyos-releases/changelogs-for-all-apps-7001/#ch2026010615012"",""ArkUI接口新增仅支持Stage模型的约束"")",entry\src\main\ets\pages\ngf\HdsIntegratedShowcasePage.ets:934,未修复,接口定义变更
declare class CommonMethod<T>,ArkTS,7.0.0(26) Beta1,ALL,"=HYPERLINK(""https://developer.huawei.com/consumer/cn/doc/harmonyos-releases/changelogs-for-all-apps-7001/#ch2026010615012"",""ArkUI接口新增仅支持Stage模型的约束"")",entry\src\main\ets\pages\ngf\HdsIntegratedShowcasePage.ets:935,未修复,接口定义变更
declare class CommonMethod<T>,ArkTS,7.0.0(26) Beta1,ALL,"=HYPERLINK(""https://developer.huawei.com/consumer/cn/doc/harmonyos-releases/changelogs-for-all-apps-7001/#ch2026010615012"",""ArkUI接口新增仅支持Stage模型的约束"")",entry\src\main\ets\pages\ngf\HdsIntegratedShowcasePage.ets:936,未修复,接口定义变更
declare class CommonMethod<T>,ArkTS,7.0.0(26) Beta1,ALL,"=HYPERLINK(""https://developer.huawei.com/consumer/cn/doc/harmonyos-releases/changelogs-for-all-apps-7001/#ch2026010615012"",""ArkUI接口新增仅支持Stage模型的约束"")",entry\src\main\ets\pages\ngf\HdsIntegratedShowcasePage.ets:937,未修复,接口定义变更
declare class CommonMethod<T>,ArkTS,7.0.0(26) Beta1,ALL,"=HYPERLINK(""https://developer.huawei.com/consumer/cn/doc/harmonyos-releases/changelogs-for-all-apps-7001/#ch2026010615012"",""ArkUI接口新增仅支持Stage模型的约束"")",entry\src\main\ets\pages\ngf\HdsIntegratedShowcasePage.ets:938,未修复,接口定义变更
declare class CommonMethod<T>,ArkTS,7.0.0(26) Beta1,ALL,"=HYPERLINK(""https://developer.huawei.com/consumer/cn/doc/harmonyos-releases/changelogs-for-all-apps-7001/#ch2026010615012"",""ArkUI接口新增仅支持Stage模型的约束"")",entry\src\main\ets\pages\ngf\HdsIntegratedShowcasePage.ets:939,未修复,接口定义变更
declare class CommonMethod<T>,ArkTS,7.0.0(26) Beta1,ALL,"=HYPERLINK(""https://developer.huawei.com/consumer/cn/doc/harmonyos-releases/changelogs-for-all-apps-7001/#ch2026010615012"",""ArkUI接口新增仅支持Stage模型的约束"")",entry\src\main\ets\pages\ngf\HdsIntegratedShowcasePage.ets:961,未修复,接口定义变更
declare class CommonMethod<T>,ArkTS,7.0.0(26) Beta1,ALL,"=HYPERLINK(""https://developer.huawei.com/consumer/cn/doc/harmonyos-releases/changelogs-for-all-apps-7001/#ch2026010615012"",""ArkUI接口新增仅支持Stage模型的约束"")",entry\src\main\ets\pages\ngf\HdsIntegratedShowcasePage.ets:970,未修复,接口定义变更
declare class CommonMethod<T>,ArkTS,7.0.0(26) Beta1,ALL,"=HYPERLINK(""https://developer.huawei.com/consumer/cn/doc/harmonyos-releases/changelogs-for-all-apps-7001/#ch2026010615012"",""ArkUI接口新增仅支持Stage模型的约束"")",entry\src\main\ets\pages\ngf\HdsIntegratedShowcasePage.ets:971,未修复,接口定义变更
declare class CommonMethod<T>,ArkTS,7.0.0(26) Beta1,ALL,"=HYPERLINK(""https://developer.huawei.com/consumer/cn/doc/harmonyos-releases/changelogs-for-all-apps-7001/#ch2026010615012"",""ArkUI接口新增仅支持Stage模型的约束"")",entry\src\main\ets\pages\ngf\HdsIntegratedShowcasePage.ets:994,未修复,接口定义变更
declare class CommonMethod<T>,ArkTS,7.0.0(26) Beta1,ALL,"=HYPERLINK(""https://developer.huawei.com/consumer/cn/doc/harmonyos-releases/changelogs-for-all-apps-7001/#ch2026010615012"",""ArkUI接口新增仅支持Stage模型的约束"")",entry\src\main\ets\pages\ngf\HdsIntegratedShowcasePage.ets:995,未修复,接口定义变更
declare class CommonMethod<T>,ArkTS,7.0.0(26) Beta1,ALL,"=HYPERLINK(""https://developer.huawei.com/consumer/cn/doc/harmonyos-releases/changelogs-for-all-apps-7001/#ch2026010615012"",""ArkUI接口新增仅支持Stage模型的约束"")",entry\src\main\ets\pages\ngf\HdsNavigationOfficialShowcasePage.ets:1190,未修复,接口定义变更
declare class CommonMethod<T>,ArkTS,7.0.0(26) Beta1,ALL,"=HYPERLINK(""https://developer.huawei.com/consumer/cn/doc/harmonyos-releases/changelogs-for-all-apps-7001/#ch2026010615012"",""ArkUI接口新增仅支持Stage模型的约束"")",entry\src\main\ets\pages\ngf\HdsNavigationOfficialShowcasePage.ets:1196,未修复,接口定义变更
declare class CommonMethod<T>,ArkTS,7.0.0(26) Beta1,ALL,"=HYPERLINK(""https://developer.huawei.com/consumer/cn/doc/harmonyos-releases/changelogs-for-all-apps-7001/#ch2026010615012"",""ArkUI接口新增仅支持Stage模型的约束"")",entry\src\main\ets\pages\ngf\HdsNavigationOfficialShowcasePage.ets:1202,未修复,接口定义变更
declare class CommonMethod<T>,ArkTS,7.0.0(26) Beta1,ALL,"=HYPERLINK(""https://developer.huawei.com/consumer/cn/doc/harmonyos-releases/changelogs-for-all-apps-7001/#ch2026010615012"",""ArkUI接口新增仅支持Stage模型的约束"")",entry\src\main\ets\pages\ngf\HdsNavigationOfficialShowcasePage.ets:1210,未修复,接口定义变更
declare class CommonMethod<T>,ArkTS,7.0.0(26) Beta1,ALL,"=HYPERLINK(""https://developer.huawei.com/consumer/cn/doc/harmonyos-releases/changelogs-for-all-apps-7001/#ch2026010615012"",""ArkUI接口新增仅支持Stage模型的约束"")",entry\src\main\ets\pages\ngf\HdsNavigationOfficialShowcasePage.ets:1211,未修复,接口定义变更
declare class CommonMethod<T>,ArkTS,7.0.0(26) Beta1,ALL,"=HYPERLINK(""https://developer.huawei.com/consumer/cn/doc/harmonyos-releases/changelogs-for-all-apps-7001/#ch2026010615012"",""ArkUI接口新增仅支持Stage模型的约束"")",entry\src\main\ets\pages\ngf\HdsNavigationOfficialShowcasePage.ets:1218,未修复,接口定义变更
declare class CommonMethod<T>,ArkTS,7.0.0(26) Beta1,ALL,"=HYPERLINK(""https://developer.huawei.com/consumer/cn/doc/harmonyos-releases/changelogs-for-all-apps-7001/#ch2026010615012"",""ArkUI接口新增仅支持Stage模型的约束"")",entry\src\main\ets\pages\ngf\HdsNavigationOfficialShowcasePage.ets:1219,未修复,接口定义变更
declare class CommonMethod<T>,ArkTS,7.0.0(26) Beta1,ALL,"=HYPERLINK(""https://developer.huawei.com/consumer/cn/doc/harmonyos-releases/changelogs-for-all-apps-7001/#ch2026010615012"",""ArkUI接口新增仅支持Stage模型的约束"")",entry\src\main\ets\pages\ngf\HdsNavigationOfficialShowcasePage.ets:1220,未修复,接口定义变更
declare class CommonMethod<T>,ArkTS,7.0.0(26) Beta1,ALL,"=HYPERLINK(""https://developer.huawei.com/consumer/cn/doc/harmonyos-releases/changelogs-for-all-apps-7001/#ch2026010615012"",""ArkUI接口新增仅支持Stage模型的约束"")",entry\src\main\ets\pages\ngf\HdsNavigationOfficialShowcasePage.ets:1223,未修复,接口定义变更
declare class CommonMethod<T>,ArkTS,7.0.0(26) Beta1,ALL,"=HYPERLINK(""https://developer.huawei.com/consumer/cn/doc/harmonyos-releases/changelogs-for-all-apps-7001/#ch2026010615012"",""ArkUI接口新增仅支持Stage模型的约束"")",entry\src\main\ets\pages\ngf\HdsNavigationOfficialShowcasePage.ets:1225,未修复,接口定义变更
declare class CommonMethod<T>,ArkTS,7.0.0(26) Beta1,ALL,"=HYPERLINK(""https://developer.huawei.com/consumer/cn/doc/harmonyos-releases/changelogs-for-all-apps-7001/#ch2026010615012"",""ArkUI接口新增仅支持Stage模型的约束"")",entry\src\main\ets\pages\ngf\HdsNavigationOfficialShowcasePage.ets:1226,未修复,接口定义变更
declare class CommonMethod<T>,ArkTS,7.0.0(26) Beta1,ALL,"=HYPERLINK(""https://developer.huawei.com/consumer/cn/doc/harmonyos-releases/changelogs-for-all-apps-7001/#ch2026010615012"",""ArkUI接口新增仅支持Stage模型的约束"")",entry\src\main\ets\pages\ngf\HdsNavigationOfficialShowcasePage.ets:1227,未修复,接口定义变更
declare class CommonMethod<T>,ArkTS,7.0.0(26) Beta1,ALL,"=HYPERLINK(""https://developer.huawei.com/consumer/cn/doc/harmonyos-releases/changelogs-for-all-apps-7001/#ch2026010615012"",""ArkUI接口新增仅支持Stage模型的约束"")",entry\src\main\ets\pages\ngf\HdsNavigationOfficialShowcasePage.ets:1267,未修复,接口定义变更
declare class CommonMethod<T>,ArkTS,7.0.0(26) Beta1,ALL,"=HYPERLINK(""https://developer.huawei.com/consumer/cn/doc/harmonyos-releases/changelogs-for-all-apps-7001/#ch2026010615012"",""ArkUI接口新增仅支持Stage模型的约束"")",entry\src\main\ets\pages\ngf\HdsNavigationOfficialShowcasePage.ets:1268,未修复,接口定义变更
declare class CommonMethod<T>,ArkTS,7.0.0(26) Beta1,ALL,"=HYPERLINK(""https://developer.huawei.com/consumer/cn/doc/harmonyos-releases/changelogs-for-all-apps-7001/#ch2026010615012"",""ArkUI接口新增仅支持Stage模型的约束"")",entry\src\main\ets\pages\ngf\HdsNavigationOfficialShowcasePage.ets:1269,未修复,接口定义变更
declare class CommonMethod<T>,ArkTS,7.0.0(26) Beta1,ALL,"=HYPERLINK(""https://developer.huawei.com/consumer/cn/doc/harmonyos-releases/changelogs-for-all-apps-7001/#ch2026010615012"",""ArkUI接口新增仅支持Stage模型的约束"")",entry\src\main\ets\pages\ngf\HdsNavigationOfficialShowcasePage.ets:1270,未修复,接口定义变更
declare class CommonMethod<T>,ArkTS,7.0.0(26) Beta1,ALL,"=HYPERLINK(""https://developer.huawei.com/consumer/cn/doc/harmonyos-releases/changelogs-for-all-apps-7001/#ch2026010615012"",""ArkUI接口新增仅支持Stage模型的约束"")",entry\src\main\ets\pages\ngf\HdsNavigationOfficialShowcasePage.ets:1276,未修复,接口定义变更
declare class CommonMethod<T>,ArkTS,7.0.0(26) Beta1,ALL,"=HYPERLINK(""https://developer.huawei.com/consumer/cn/doc/harmonyos-releases/changelogs-for-all-apps-7001/#ch2026010615012"",""ArkUI接口新增仅支持Stage模型的约束"")",entry\src\main\ets\pages\ngf\HdsNavigationOfficialShowcasePage.ets:1277,未修复,接口定义变更
declare class CommonMethod<T>,ArkTS,7.0.0(26) Beta1,ALL,"=HYPERLINK(""https://developer.huawei.com/consumer/cn/doc/harmonyos-releases/changelogs-for-all-apps-7001/#ch2026010615012"",""ArkUI接口新增仅支持Stage模型的约束"")",entry\src\main\ets\pages\ngf\HdsNavigationOfficialShowcasePage.ets:1278,未修复,接口定义变更
declare class CommonMethod<T>,ArkTS,7.0.0(26) Beta1,ALL,"=HYPERLINK(""https://developer.huawei.com/consumer/cn/doc/harmonyos-releases/changelogs-for-all-apps-7001/#ch2026010615012"",""ArkUI接口新增仅支持Stage模型的约束"")",entry\src\main\ets\pages\ngf\HdsNavigationOfficialShowcasePage.ets:1286,未修复,接口定义变更
declare class CommonMethod<T>,ArkTS,7.0.0(26) Beta1,ALL,"=HYPERLINK(""https://developer.huawei.com/consumer/cn/doc/harmonyos-releases/changelogs-for-all-apps-7001/#ch2026010615012"",""ArkUI接口新增仅支持Stage模型的约束"")",entry\src\main\ets\pages\ngf\HdsNavigationOfficialShowcasePage.ets:1287,未修复,接口定义变更
declare class CommonMethod<T>,ArkTS,7.0.0(26) Beta1,ALL,"=HYPERLINK(""https://developer.huawei.com/consumer/cn/doc/harmonyos-releases/changelogs-for-all-apps-7001/#ch2026010615012"",""ArkUI接口新增仅支持Stage模型的约束"")",entry\src\main\ets\pages\ngf\HdsNavigationOfficialShowcasePage.ets:1288,未修复,接口定义变更
declare class CommonMethod<T>,ArkTS,7.0.0(26) Beta1,ALL,"=HYPERLINK(""https://developer.huawei.com/consumer/cn/doc/harmonyos-releases/changelogs-for-all-apps-7001/#ch2026010615012"",""ArkUI接口新增仅支持Stage模型的约束"")",entry\src\main\ets\pages\ngf\HdsNavigationOfficialShowcasePage.ets:1300,未修复,接口定义变更
declare class CommonMethod<T>,ArkTS,7.0.0(26) Beta1,ALL,"=HYPERLINK(""https://developer.huawei.com/consumer/cn/doc/harmonyos-releases/changelogs-for-all-apps-7001/#ch2026010615012"",""ArkUI接口新增仅支持Stage模型的约束"")",entry\src\main\ets\pages\ngf\HdsNavigationOfficialShowcasePage.ets:1301,未修复,接口定义变更
declare class CommonMethod<T>,ArkTS,7.0.0(26) Beta1,ALL,"=HYPERLINK(""https://developer.huawei.com/consumer/cn/doc/harmonyos-releases/changelogs-for-all-apps-7001/#ch2026010615012"",""ArkUI接口新增仅支持Stage模型的约束"")",entry\src\main\ets\pages\ngf\HdsNavigationOfficialShowcasePage.ets:1302,未修复,接口定义变更
declare class CommonMethod<T>,ArkTS,7.0.0(26) Beta1,ALL,"=HYPERLINK(""https://developer.huawei.com/consumer/cn/doc/harmonyos-releases/changelogs-for-all-apps-7001/#ch2026010615012"",""ArkUI接口新增仅支持Stage模型的约束"")",entry\src\main\ets\pages\ngf\HdsNavigationOfficialShowcasePage.ets:1311,未修复,接口定义变更
declare class CommonMethod<T>,ArkTS,7.0.0(26) Beta1,ALL,"=HYPERLINK(""https://developer.huawei.com/consumer/cn/doc/harmonyos-releases/changelogs-for-all-apps-7001/#ch2026010615012"",""ArkUI接口新增仅支持Stage模型的约束"")",entry\src\main\ets\pages\ngf\HdsNavigationOfficialShowcasePage.ets:1312,未修复,接口定义变更
declare class CommonMethod<T>,ArkTS,7.0.0(26) Beta1,ALL,"=HYPERLINK(""https://developer.huawei.com/consumer/cn/doc/harmonyos-releases/changelogs-for-all-apps-7001/#ch2026010615012"",""ArkUI接口新增仅支持Stage模型的约束"")",entry\src\main\ets\pages\ngf\HdsNavigationOfficialShowcasePage.ets:1313,未修复,接口定义变更
declare class CommonMethod<T>,ArkTS,7.0.0(26) Beta1,ALL,"=HYPERLINK(""https://developer.huawei.com/consumer/cn/doc/harmonyos-releases/changelogs-for-all-apps-7001/#ch2026010615012"",""ArkUI接口新增仅支持Stage模型的约束"")",entry\src\main\ets\pages\ngf\HdsNavigationOfficialShowcasePage.ets:1319,未修复,接口定义变更
declare class CommonMethod<T>,ArkTS,7.0.0(26) Beta1,ALL,"=HYPERLINK(""https://developer.huawei.com/consumer/cn/doc/harmonyos-releases/changelogs-for-all-apps-7001/#ch2026010615012"",""ArkUI接口新增仅支持Stage模型的约束"")",entry\src\main\ets\pages\ngf\HdsNavigationOfficialShowcasePage.ets:1320,未修复,接口定义变更
declare class CommonMethod<T>,ArkTS,7.0.0(26) Beta1,ALL,"=HYPERLINK(""https://developer.huawei.com/consumer/cn/doc/harmonyos-releases/changelogs-for-all-apps-7001/#ch2026010615012"",""ArkUI接口新增仅支持Stage模型的约束"")",entry\src\main\ets\pages\ngf\HdsNavigationOfficialShowcasePage.ets:1321,未修复,接口定义变更
declare class CommonMethod<T>,ArkTS,7.0.0(26) Beta1,ALL,"=HYPERLINK(""https://developer.huawei.com/consumer/cn/doc/harmonyos-releases/changelogs-for-all-apps-7001/#ch2026010615012"",""ArkUI接口新增仅支持Stage模型的约束"")",entry\src\main\ets\pages\ngf\HdsNavigationOfficialShowcasePage.ets:1322,未修复,接口定义变更
declare class CommonMethod<T>,ArkTS,7.0.0(26) Beta1,ALL,"=HYPERLINK(""https://developer.huawei.com/consumer/cn/doc/harmonyos-releases/changelogs-for-all-apps-7001/#ch2026010615012"",""ArkUI接口新增仅支持Stage模型的约束"")",entry\src\main\ets\pages\ngf\HdsNavigationOfficialShowcasePage.ets:1326,未修复,接口定义变更
declare class CommonMethod<T>,ArkTS,7.0.0(26) Beta1,ALL,"=HYPERLINK(""https://developer.huawei.com/consumer/cn/doc/harmonyos-releases/changelogs-for-all-apps-7001/#ch2026010615012"",""ArkUI接口新增仅支持Stage模型的约束"")",entry\src\main\ets\pages\ngf\HdsNavigationOfficialShowcasePage.ets:1327,未修复,接口定义变更
declare class CommonMethod<T>,ArkTS,7.0.0(26) Beta1,ALL,"=HYPERLINK(""https://developer.huawei.com/consumer/cn/doc/harmonyos-releases/changelogs-for-all-apps-7001/#ch2026010615012"",""ArkUI接口新增仅支持Stage模型的约束"")",entry\src\main\ets\pages\ngf\HdsNavigationOfficialShowcasePage.ets:1332,未修复,接口定义变更
declare class CommonMethod<T>,ArkTS,7.0.0(26) Beta1,ALL,"=HYPERLINK(""https://developer.huawei.com/consumer/cn/doc/harmonyos-releases/changelogs-for-all-apps-7001/#ch2026010615012"",""ArkUI接口新增仅支持Stage模型的约束"")",entry\src\main\ets\pages\ngf\HdsNavigationOfficialShowcasePage.ets:1333,未修复,接口定义变更
declare class CommonMethod<T>,ArkTS,7.0.0(26) Beta1,ALL,"=HYPERLINK(""https://developer.huawei.com/consumer/cn/doc/harmonyos-releases/changelogs-for-all-apps-7001/#ch2026010615012"",""ArkUI接口新增仅支持Stage模型的约束"")",entry\src\main\ets\pages\ngf\HdsNavigationOfficialShowcasePage.ets:1334,未修复,接口定义变更
declare class CommonMethod<T>,ArkTS,7.0.0(26) Beta1,ALL,"=HYPERLINK(""https://developer.huawei.com/consumer/cn/doc/harmonyos-releases/changelogs-for-all-apps-7001/#ch2026010615012"",""ArkUI接口新增仅支持Stage模型的约束"")",entry\src\main\ets\pages\ngf\HdsNavigationOfficialShowcasePage.ets:1340,未修复,接口定义变更
declare class CommonMethod<T>,ArkTS,7.0.0(26) Beta1,ALL,"=HYPERLINK(""https://developer.huawei.com/consumer/cn/doc/harmonyos-releases/changelogs-for-all-apps-7001/#ch2026010615012"",""ArkUI接口新增仅支持Stage模型的约束"")",entry\src\main\ets\pages\ngf\HdsNavigationOfficialShowcasePage.ets:1341,未修复,接口定义变更
declare class CommonMethod<T>,ArkTS,7.0.0(26) Beta1,ALL,"=HYPERLINK(""https://developer.huawei.com/consumer/cn/doc/harmonyos-releases/changelogs-for-all-apps-7001/#ch2026010615012"",""ArkUI接口新增仅支持Stage模型的约束"")",entry\src\main\ets\pages\ngf\HdsNavigationOfficialShowcasePage.ets:1342,未修复,接口定义变更
declare class CommonMethod<T>,ArkTS,7.0.0(26) Beta1,ALL,"=HYPERLINK(""https://developer.huawei.com/consumer/cn/doc/harmonyos-releases/changelogs-for-all-apps-7001/#ch2026010615012"",""ArkUI接口新增仅支持Stage模型的约束"")",entry\src\main\ets\pages\ngf\HdsNavigationOfficialShowcasePage.ets:1351,未修复,接口定义变更
declare class CommonMethod<T>,ArkTS,7.0.0(26) Beta1,ALL,"=HYPERLINK(""https://developer.huawei.com/consumer/cn/doc/harmonyos-releases/changelogs-for-all-apps-7001/#ch2026010615012"",""ArkUI接口新增仅支持Stage模型的约束"")",entry\src\main\ets\pages\ngf\HdsNavigationOfficialShowcasePage.ets:1352,未修复,接口定义变更
declare class CommonMethod<T>,ArkTS,7.0.0(26) Beta1,ALL,"=HYPERLINK(""https://developer.huawei.com/consumer/cn/doc/harmonyos-releases/changelogs-for-all-apps-7001/#ch2026010615012"",""ArkUI接口新增仅支持Stage模型的约束"")",entry\src\main\ets\pages\ngf\HdsNavigationOfficialShowcasePage.ets:1358,未修复,接口定义变更
declare class CommonMethod<T>,ArkTS,7.0.0(26) Beta1,ALL,"=HYPERLINK(""https://developer.huawei.com/consumer/cn/doc/harmonyos-releases/changelogs-for-all-apps-7001/#ch2026010615012"",""ArkUI接口新增仅支持Stage模型的约束"")",entry\src\main\ets\pages\ngf\HdsNavigationOfficialShowcasePage.ets:1359,未修复,接口定义变更
declare class CommonMethod<T>,ArkTS,7.0.0(26) Beta1,ALL,"=HYPERLINK(""https://developer.huawei.com/consumer/cn/doc/harmonyos-releases/changelogs-for-all-apps-7001/#ch2026010615012"",""ArkUI接口新增仅支持Stage模型的约束"")",entry\src\main\ets\pages\ngf\HdsNavigationOfficialShowcasePage.ets:1360,未修复,接口定义变更
declare class CommonMethod<T>,ArkTS,7.0.0(26) Beta1,ALL,"=HYPERLINK(""https://developer.huawei.com/consumer/cn/doc/harmonyos-releases/changelogs-for-all-apps-7001/#ch2026010615012"",""ArkUI接口新增仅支持Stage模型的约束"")",entry\src\main\ets\pages\ngf\HdsNavigationOfficialShowcasePage.ets:1369,未修复,接口定义变更
declare class CommonMethod<T>,ArkTS,7.0.0(26) Beta1,ALL,"=HYPERLINK(""https://developer.huawei.com/consumer/cn/doc/harmonyos-releases/changelogs-for-all-apps-7001/#ch2026010615012"",""ArkUI接口新增仅支持Stage模型的约束"")",entry\src\main\ets\pages\ngf\HdsNavigationOfficialShowcasePage.ets:1370,未修复,接口定义变更
declare class CommonMethod<T>,ArkTS,7.0.0(26) Beta1,ALL,"=HYPERLINK(""https://developer.huawei.com/consumer/cn/doc/harmonyos-releases/changelogs-for-all-apps-7001/#ch2026010615012"",""ArkUI接口新增仅支持Stage模型的约束"")",entry\src\main\ets\pages\ngf\HdsNavigationOfficialShowcasePage.ets:1395,未修复,接口定义变更
declare class CommonMethod<T>,ArkTS,7.0.0(26) Beta1,ALL,"=HYPERLINK(""https://developer.huawei.com/consumer/cn/doc/harmonyos-releases/changelogs-for-all-apps-7001/#ch2026010615012"",""ArkUI接口新增仅支持Stage模型的约束"")",entry\src\main\ets\pages\ngf\HdsNavigationOfficialShowcasePage.ets:1396,未修复,接口定义变更
declare class CommonMethod<T>,ArkTS,7.0.0(26) Beta1,ALL,"=HYPERLINK(""https://developer.huawei.com/consumer/cn/doc/harmonyos-releases/changelogs-for-all-apps-7001/#ch2026010615012"",""ArkUI接口新增仅支持Stage模型的约束"")",entry\src\main\ets\pages\ngf\HdsNavigationOfficialShowcasePage.ets:1397,未修复,接口定义变更
declare class CommonMethod<T>,ArkTS,7.0.0(26) Beta1,ALL,"=HYPERLINK(""https://developer.huawei.com/consumer/cn/doc/harmonyos-releases/changelogs-for-all-apps-7001/#ch2026010615012"",""ArkUI接口新增仅支持Stage模型的约束"")",entry\src\main\ets\pages\ngf\HdsNavigationOfficialShowcasePage.ets:1400,未修复,接口定义变更
declare class CommonMethod<T>,ArkTS,7.0.0(26) Beta1,ALL,"=HYPERLINK(""https://developer.huawei.com/consumer/cn/doc/harmonyos-releases/changelogs-for-all-apps-7001/#ch2026010615012"",""ArkUI接口新增仅支持Stage模型的约束"")",entry\src\main\ets\pages\ngf\HdsNavigationOfficialShowcasePage.ets:1406,未修复,接口定义变更
declare class CommonMethod<T>,ArkTS,7.0.0(26) Beta1,ALL,"=HYPERLINK(""https://developer.huawei.com/consumer/cn/doc/harmonyos-releases/changelogs-for-all-apps-7001/#ch2026010615012"",""ArkUI接口新增仅支持Stage模型的约束"")",entry\src\main\ets\pages\ngf\HdsNavigationOfficialShowcasePage.ets:1415,未修复,接口定义变更
declare class CommonMethod<T>,ArkTS,7.0.0(26) Beta1,ALL,"=HYPERLINK(""https://developer.huawei.com/consumer/cn/doc/harmonyos-releases/changelogs-for-all-apps-7001/#ch2026010615012"",""ArkUI接口新增仅支持Stage模型的约束"")",entry\src\main\ets\pages\ngf\HdsNavigationOfficialShowcasePage.ets:1422,未修复,接口定义变更
declare class CommonMethod<T>,ArkTS,7.0.0(26) Beta1,ALL,"=HYPERLINK(""https://developer.huawei.com/consumer/cn/doc/harmonyos-releases/changelogs-for-all-apps-7001/#ch2026010615012"",""ArkUI接口新增仅支持Stage模型的约束"")",entry\src\main\ets\pages\ngf\HdsNavigationOfficialShowcasePage.ets:1429,未修复,接口定义变更
declare class CommonMethod<T>,ArkTS,7.0.0(26) Beta1,ALL,"=HYPERLINK(""https://developer.huawei.com/consumer/cn/doc/harmonyos-releases/changelogs-for-all-apps-7001/#ch2026010615012"",""ArkUI接口新增仅支持Stage模型的约束"")",entry\src\main\ets\pages\ngf\HdsNavigationOfficialShowcasePage.ets:1444,未修复,接口定义变更
declare class CommonMethod<T>,ArkTS,7.0.0(26) Beta1,ALL,"=HYPERLINK(""https://developer.huawei.com/consumer/cn/doc/harmonyos-releases/changelogs-for-all-apps-7001/#ch2026010615012"",""ArkUI接口新增仅支持Stage模型的约束"")",entry\src\main\ets\pages\ngf\HdsNavigationOfficialShowcasePage.ets:1445,未修复,接口定义变更
declare class CommonMethod<T>,ArkTS,7.0.0(26) Beta1,ALL,"=HYPERLINK(""https://developer.huawei.com/consumer/cn/doc/harmonyos-releases/changelogs-for-all-apps-7001/#ch2026010615012"",""ArkUI接口新增仅支持Stage模型的约束"")",entry\src\main\ets\pages\ngf\HdsNavigationOfficialShowcasePage.ets:1447,未修复,接口定义变更
declare class CommonMethod<T>,ArkTS,7.0.0(26) Beta1,ALL,"=HYPERLINK(""https://developer.huawei.com/consumer/cn/doc/harmonyos-releases/changelogs-for-all-apps-7001/#ch2026010615012"",""ArkUI接口新增仅支持Stage模型的约束"")",entry\src\main\ets\pages\ngf\HdsNavigationOfficialShowcasePage.ets:1449,未修复,接口定义变更
declare class CommonMethod<T>,ArkTS,7.0.0(26) Beta1,ALL,"=HYPERLINK(""https://developer.huawei.com/consumer/cn/doc/harmonyos-releases/changelogs-for-all-apps-7001/#ch2026010615012"",""ArkUI接口新增仅支持Stage模型的约束"")",entry\src\main\ets\pages\ngf\HdsNavigationOfficialShowcasePage.ets:1450,未修复,接口定义变更
declare class CommonMethod<T>,ArkTS,7.0.0(26) Beta1,ALL,"=HYPERLINK(""https://developer.huawei.com/consumer/cn/doc/harmonyos-releases/changelogs-for-all-apps-7001/#ch2026010615012"",""ArkUI接口新增仅支持Stage模型的约束"")",entry\src\main\ets\pages\ngf\HdsNavigationOfficialShowcasePage.ets:1451,未修复,接口定义变更
declare class CommonMethod<T>,ArkTS,7.0.0(26) Beta1,ALL,"=HYPERLINK(""https://developer.huawei.com/consumer/cn/doc/harmonyos-releases/changelogs-for-all-apps-7001/#ch2026010615012"",""ArkUI接口新增仅支持Stage模型的约束"")",entry\src\main\ets\pages\ngf\HdsNavigationOfficialShowcasePage.ets:1452,未修复,接口定义变更
declare class CommonMethod<T>,ArkTS,7.0.0(26) Beta1,ALL,"=HYPERLINK(""https://developer.huawei.com/consumer/cn/doc/harmonyos-releases/changelogs-for-all-apps-7001/#ch2026010615012"",""ArkUI接口新增仅支持Stage模型的约束"")",entry\src\main\ets\pages\ngf\HdsNavigationOfficialShowcasePage.ets:1453,未修复,接口定义变更
declare class CommonMethod<T>,ArkTS,7.0.0(26) Beta1,ALL,"=HYPERLINK(""https://developer.huawei.com/consumer/cn/doc/harmonyos-releases/changelogs-for-all-apps-7001/#ch2026010615012"",""ArkUI接口新增仅支持Stage模型的约束"")",entry\src\main\ets\pages\ngf\HdsNavigationOfficialShowcasePage.ets:1455,未修复,接口定义变更
declare class CommonMethod<T>,ArkTS,7.0.0(26) Beta1,ALL,"=HYPERLINK(""https://developer.huawei.com/consumer/cn/doc/harmonyos-releases/changelogs-for-all-apps-7001/#ch2026010615012"",""ArkUI接口新增仅支持Stage模型的约束"")",entry\src\main\ets\pages\ngf\HdsNavigationOfficialShowcasePage.ets:1456,未修复,接口定义变更
declare class CommonMethod<T>,ArkTS,7.0.0(26) Beta1,ALL,"=HYPERLINK(""https://developer.huawei.com/consumer/cn/doc/harmonyos-releases/changelogs-for-all-apps-7001/#ch2026010615012"",""ArkUI接口新增仅支持Stage模型的约束"")",entry\src\main\ets\pages\ngf\HdsNavigationOfficialShowcasePage.ets:1457,未修复,接口定义变更
declare class CommonMethod<T>,ArkTS,7.0.0(26) Beta1,ALL,"=HYPERLINK(""https://developer.huawei.com/consumer/cn/doc/harmonyos-releases/changelogs-for-all-apps-7001/#ch2026010615012"",""ArkUI接口新增仅支持Stage模型的约束"")",entry\src\main\ets\pages\ngf\HdsNavigationOfficialShowcasePage.ets:1458,未修复,接口定义变更
declare class CommonMethod<T>,ArkTS,7.0.0(26) Beta1,ALL,"=HYPERLINK(""https://developer.huawei.com/consumer/cn/doc/harmonyos-releases/changelogs-for-all-apps-7001/#ch2026010615012"",""ArkUI接口新增仅支持Stage模型的约束"")",entry\src\main\ets\pages\ngf\HdsNavigationOfficialShowcasePage.ets:1465,未修复,接口定义变更
declare class CommonMethod<T>,ArkTS,7.0.0(26) Beta1,ALL,"=HYPERLINK(""https://developer.huawei.com/consumer/cn/doc/harmonyos-releases/changelogs-for-all-apps-7001/#ch2026010615012"",""ArkUI接口新增仅支持Stage模型的约束"")",entry\src\main\ets\pages\ngf\HdsNavigationOfficialShowcasePage.ets:1466,未修复,接口定义变更
declare class CommonMethod<T>,ArkTS,7.0.0(26) Beta1,ALL,"=HYPERLINK(""https://developer.huawei.com/consumer/cn/doc/harmonyos-releases/changelogs-for-all-apps-7001/#ch2026010615012"",""ArkUI接口新增仅支持Stage模型的约束"")",entry\src\main\ets\pages\ngf\HdsNavigationOfficialShowcasePage.ets:1467,未修复,接口定义变更
declare class CommonMethod<T>,ArkTS,7.0.0(26) Beta1,ALL,"=HYPERLINK(""https://developer.huawei.com/consumer/cn/doc/harmonyos-releases/changelogs-for-all-apps-7001/#ch2026010615012"",""ArkUI接口新增仅支持Stage模型的约束"")",entry\src\main\ets\pages\ngf\HdsNavigationOfficialShowcasePage.ets:1468,未修复,接口定义变更
declare class CommonMethod<T>,ArkTS,7.0.0(26) Beta1,ALL,"=HYPERLINK(""https://developer.huawei.com/consumer/cn/doc/harmonyos-releases/changelogs-for-all-apps-7001/#ch2026010615012"",""ArkUI接口新增仅支持Stage模型的约束"")",entry\src\main\ets\pages\ngf\HdsNavigationOfficialShowcasePage.ets:1469,未修复,接口定义变更
declare class CommonMethod<T>,ArkTS,7.0.0(26) Beta1,ALL,"=HYPERLINK(""https://developer.huawei.com/consumer/cn/doc/harmonyos-releases/changelogs-for-all-apps-7001/#ch2026010615012"",""ArkUI接口新增仅支持Stage模型的约束"")",entry\src\main\ets\pages\ngf\HdsNavigationOfficialShowcasePage.ets:1470,未修复,接口定义变更
declare class CommonMethod<T>,ArkTS,7.0.0(26) Beta1,ALL,"=HYPERLINK(""https://developer.huawei.com/consumer/cn/doc/harmonyos-releases/changelogs-for-all-apps-7001/#ch2026010615012"",""ArkUI接口新增仅支持Stage模型的约束"")",entry\src\main\ets\pages\ngf\HdsNavigationOfficialShowcasePage.ets:1471,未修复,接口定义变更
declare class CommonMethod<T>,ArkTS,7.0.0(26) Beta1,ALL,"=HYPERLINK(""https://developer.huawei.com/consumer/cn/doc/harmonyos-releases/changelogs-for-all-apps-7001/#ch2026010615012"",""ArkUI接口新增仅支持Stage模型的约束"")",entry\src\main\ets\pages\ngf\HdsNavigationOfficialShowcasePage.ets:1475,未修复,接口定义变更
declare class CommonMethod<T>,ArkTS,7.0.0(26) Beta1,ALL,"=HYPERLINK(""https://developer.huawei.com/consumer/cn/doc/harmonyos-releases/changelogs-for-all-apps-7001/#ch2026010615012"",""ArkUI接口新增仅支持Stage模型的约束"")",entry\src\main\ets\pages\ngf\HdsNavigationOfficialShowcasePage.ets:1476,未修复,接口定义变更
declare class CommonMethod<T>,ArkTS,7.0.0(26) Beta1,ALL,"=HYPERLINK(""https://developer.huawei.com/consumer/cn/doc/harmonyos-releases/changelogs-for-all-apps-7001/#ch2026010615012"",""ArkUI接口新增仅支持Stage模型的约束"")",entry\src\main\ets\pages\ngf\HdsNavigationOfficialShowcasePage.ets:1479,未修复,接口定义变更
declare class CommonMethod<T>,ArkTS,7.0.0(26) Beta1,ALL,"=HYPERLINK(""https://developer.huawei.com/consumer/cn/doc/harmonyos-releases/changelogs-for-all-apps-7001/#ch2026010615012"",""ArkUI接口新增仅支持Stage模型的约束"")",entry\src\main\ets\pages\ngf\HdsNavigationOfficialShowcasePage.ets:1506,未修复,接口定义变更
declare class CommonMethod<T>,ArkTS,7.0.0(26) Beta1,ALL,"=HYPERLINK(""https://developer.huawei.com/consumer/cn/doc/harmonyos-releases/changelogs-for-all-apps-7001/#ch2026010615012"",""ArkUI接口新增仅支持Stage模型的约束"")",entry\src\main\ets\pages\ngf\HdsNavigationOfficialShowcasePage.ets:1507,未修复,接口定义变更
declare class CommonMethod<T>,ArkTS,7.0.0(26) Beta1,ALL,"=HYPERLINK(""https://developer.huawei.com/consumer/cn/doc/harmonyos-releases/changelogs-for-all-apps-7001/#ch2026010615012"",""ArkUI接口新增仅支持Stage模型的约束"")",entry\src\main\ets\pages\ngf\HdsNavigationOfficialShowcasePage.ets:1518,未修复,接口定义变更
declare class CommonMethod<T>,ArkTS,7.0.0(26) Beta1,ALL,"=HYPERLINK(""https://developer.huawei.com/consumer/cn/doc/harmonyos-releases/changelogs-for-all-apps-7001/#ch2026010615012"",""ArkUI接口新增仅支持Stage模型的约束"")",entry\src\main\ets\pages\ngf\HdsNavigationOfficialShowcasePage.ets:1527,未修复,接口定义变更
declare class CommonMethod<T>,ArkTS,7.0.0(26) Beta1,ALL,"=HYPERLINK(""https://developer.huawei.com/consumer/cn/doc/harmonyos-releases/changelogs-for-all-apps-7001/#ch2026010615012"",""ArkUI接口新增仅支持Stage模型的约束"")",entry\src\main\ets\pages\ngf\HdsNavigationOfficialShowcasePage.ets:1534,未修复,接口定义变更
declare class CommonMethod<T>,ArkTS,7.0.0(26) Beta1,ALL,"=HYPERLINK(""https://developer.huawei.com/consumer/cn/doc/harmonyos-releases/changelogs-for-all-apps-7001/#ch2026010615012"",""ArkUI接口新增仅支持Stage模型的约束"")",entry\src\main\ets\pages\ngf\HdsNavigationOfficialShowcasePage.ets:1541,未修复,接口定义变更
declare class CommonMethod<T>,ArkTS,7.0.0(26) Beta1,ALL,"=HYPERLINK(""https://developer.huawei.com/consumer/cn/doc/harmonyos-releases/changelogs-for-all-apps-7001/#ch2026010615012"",""ArkUI接口新增仅支持Stage模型的约束"")",entry\src\main\ets\pages\ngf\HdsNavigationOfficialShowcasePage.ets:1548,未修复,接口定义变更
declare class CommonMethod<T>,ArkTS,7.0.0(26) Beta1,ALL,"=HYPERLINK(""https://developer.huawei.com/consumer/cn/doc/harmonyos-releases/changelogs-for-all-apps-7001/#ch2026010615012"",""ArkUI接口新增仅支持Stage模型的约束"")",entry\src\main\ets\pages\ngf\HdsNavigationOfficialShowcasePage.ets:1553,未修复,接口定义变更
declare class CommonMethod<T>,ArkTS,7.0.0(26) Beta1,ALL,"=HYPERLINK(""https://developer.huawei.com/consumer/cn/doc/harmonyos-releases/changelogs-for-all-apps-7001/#ch2026010615012"",""ArkUI接口新增仅支持Stage模型的约束"")",entry\src\main\ets\pages\ngf\HdsNavigationOfficialShowcasePage.ets:1555,未修复,接口定义变更
declare class CommonMethod<T>,ArkTS,7.0.0(26) Beta1,ALL,"=HYPERLINK(""https://developer.huawei.com/consumer/cn/doc/harmonyos-releases/changelogs-for-all-apps-7001/#ch2026010615012"",""ArkUI接口新增仅支持Stage模型的约束"")",entry\src\main\ets\pages\ngf\HdsNavigationOfficialShowcasePage.ets:1556,未修复,接口定义变更
declare class CommonMethod<T>,ArkTS,7.0.0(26) Beta1,ALL,"=HYPERLINK(""https://developer.huawei.com/consumer/cn/doc/harmonyos-releases/changelogs-for-all-apps-7001/#ch2026010615012"",""ArkUI接口新增仅支持Stage模型的约束"")",entry\src\main\ets\pages\ngf\HdsNavigationOfficialShowcasePage.ets:1557,未修复,接口定义变更
declare class CommonMethod<T>,ArkTS,7.0.0(26) Beta1,ALL,"=HYPERLINK(""https://developer.huawei.com/consumer/cn/doc/harmonyos-releases/changelogs-for-all-apps-7001/#ch2026010615012"",""ArkUI接口新增仅支持Stage模型的约束"")",entry\src\main\ets\pages\ngf\HdsNavigationOfficialShowcasePage.ets:1558,未修复,接口定义变更
declare class CommonMethod<T>,ArkTS,7.0.0(26) Beta1,ALL,"=HYPERLINK(""https://developer.huawei.com/consumer/cn/doc/harmonyos-releases/changelogs-for-all-apps-7001/#ch2026010615012"",""ArkUI接口新增仅支持Stage模型的约束"")",entry\src\main\ets\pages\ngf\HdsNavigationOfficialShowcasePage.ets:1562,未修复,接口定义变更
declare class CommonMethod<T>,ArkTS,7.0.0(26) Beta1,ALL,"=HYPERLINK(""https://developer.huawei.com/consumer/cn/doc/harmonyos-releases/changelogs-for-all-apps-7001/#ch2026010615012"",""ArkUI接口新增仅支持Stage模型的约束"")",entry\src\main\ets\pages\ngf\HdsNavigationOfficialShowcasePage.ets:1564,未修复,接口定义变更
declare class CommonMethod<T>,ArkTS,7.0.0(26) Beta1,ALL,"=HYPERLINK(""https://developer.huawei.com/consumer/cn/doc/harmonyos-releases/changelogs-for-all-apps-7001/#ch2026010615012"",""ArkUI接口新增仅支持Stage模型的约束"")",entry\src\main\ets\pages\ngf\HdsNavigationOfficialShowcasePage.ets:1565,未修复,接口定义变更
declare class CommonMethod<T>,ArkTS,7.0.0(26) Beta1,ALL,"=HYPERLINK(""https://developer.huawei.com/consumer/cn/doc/harmonyos-releases/changelogs-for-all-apps-7001/#ch2026010615012"",""ArkUI接口新增仅支持Stage模型的约束"")",entry\src\main\ets\pages\ngf\HdsNavigationOfficialShowcasePage.ets:1566,未修复,接口定义变更
declare class CommonMethod<T>,ArkTS,7.0.0(26) Beta1,ALL,"=HYPERLINK(""https://developer.huawei.com/consumer/cn/doc/harmonyos-releases/changelogs-for-all-apps-7001/#ch2026010615012"",""ArkUI接口新增仅支持Stage模型的约束"")",entry\src\main\ets\pages\ngf\HdsNavigationOfficialShowcasePage.ets:1567,未修复,接口定义变更
declare class CommonMethod<T>,ArkTS,7.0.0(26) Beta1,ALL,"=HYPERLINK(""https://developer.huawei.com/consumer/cn/doc/harmonyos-releases/changelogs-for-all-apps-7001/#ch2026010615012"",""ArkUI接口新增仅支持Stage模型的约束"")",entry\src\main\ets\pages\ngf\HdsNavigationOfficialShowcasePage.ets:1574,未修复,接口定义变更
declare class CommonMethod<T>,ArkTS,7.0.0(26) Beta1,ALL,"=HYPERLINK(""https://developer.huawei.com/consumer/cn/doc/harmonyos-releases/changelogs-for-all-apps-7001/#ch2026010615012"",""ArkUI接口新增仅支持Stage模型的约束"")",entry\src\main\ets\pages\ngf\HdsNavigationOfficialShowcasePage.ets:1575,未修复,接口定义变更
declare class CommonMethod<T>,ArkTS,7.0.0(26) Beta1,ALL,"=HYPERLINK(""https://developer.huawei.com/consumer/cn/doc/harmonyos-releases/changelogs-for-all-apps-7001/#ch2026010615012"",""ArkUI接口新增仅支持Stage模型的约束"")",entry\src\main\ets\pages\ngf\HdsNavigationOfficialShowcasePage.ets:1576,未修复,接口定义变更
declare class CommonMethod<T>,ArkTS,7.0.0(26) Beta1,ALL,"=HYPERLINK(""https://developer.huawei.com/consumer/cn/doc/harmonyos-releases/changelogs-for-all-apps-7001/#ch2026010615012"",""ArkUI接口新增仅支持Stage模型的约束"")",entry\src\main\ets\pages\ngf\HdsNavigationOfficialShowcasePage.ets:1577,未修复,接口定义变更
declare class CommonMethod<T>,ArkTS,7.0.0(26) Beta1,ALL,"=HYPERLINK(""https://developer.huawei.com/consumer/cn/doc/harmonyos-releases/changelogs-for-all-apps-7001/#ch2026010615012"",""ArkUI接口新增仅支持Stage模型的约束"")",entry\src\main\ets\pages\ngf\HdsNavigationOfficialShowcasePage.ets:1578,未修复,接口定义变更
declare class CommonMethod<T>,ArkTS,7.0.0(26) Beta1,ALL,"=HYPERLINK(""https://developer.huawei.com/consumer/cn/doc/harmonyos-releases/changelogs-for-all-apps-7001/#ch2026010615012"",""ArkUI接口新增仅支持Stage模型的约束"")",entry\src\main\ets\pages\ngf\HdsNavigationOfficialShowcasePage.ets:1579,未修复,接口定义变更
declare class CommonMethod<T>,ArkTS,7.0.0(26) Beta1,ALL,"=HYPERLINK(""https://developer.huawei.com/consumer/cn/doc/harmonyos-releases/changelogs-for-all-apps-7001/#ch2026010615012"",""ArkUI接口新增仅支持Stage模型的约束"")",entry\src\main\ets\pages\ngf\HdsNavigationOfficialShowcasePage.ets:1580,未修复,接口定义变更
declare class CommonMethod<T>,ArkTS,7.0.0(26) Beta1,ALL,"=HYPERLINK(""https://developer.huawei.com/consumer/cn/doc/harmonyos-releases/changelogs-for-all-apps-7001/#ch2026010615012"",""ArkUI接口新增仅支持Stage模型的约束"")",entry\src\main\ets\pages\ngf\HdsNavigationOfficialShowcasePage.ets:1584,未修复,接口定义变更
declare class CommonMethod<T>,ArkTS,7.0.0(26) Beta1,ALL,"=HYPERLINK(""https://developer.huawei.com/consumer/cn/doc/harmonyos-releases/changelogs-for-all-apps-7001/#ch2026010615012"",""ArkUI接口新增仅支持Stage模型的约束"")",entry\src\main\ets\pages\ngf\HdsNavigationOfficialShowcasePage.ets:1585,未修复,接口定义变更
declare class CommonMethod<T>,ArkTS,7.0.0(26) Beta1,ALL,"=HYPERLINK(""https://developer.huawei.com/consumer/cn/doc/harmonyos-releases/changelogs-for-all-apps-7001/#ch2026010615012"",""ArkUI接口新增仅支持Stage模型的约束"")",entry\src\main\ets\pages\ngf\HdsNavigationOfficialShowcasePage.ets:1588,未修复,接口定义变更
declare class CommonMethod<T>,ArkTS,7.0.0(26) Beta1,ALL,"=HYPERLINK(""https://developer.huawei.com/consumer/cn/doc/harmonyos-releases/changelogs-for-all-apps-7001/#ch2026010615012"",""ArkUI接口新增仅支持Stage模型的约束"")",entry\src\main\ets\pages\ngf\HdsNavigationOfficialShowcasePage.ets:1615,未修复,接口定义变更
declare class CommonMethod<T>,ArkTS,7.0.0(26) Beta1,ALL,"=HYPERLINK(""https://developer.huawei.com/consumer/cn/doc/harmonyos-releases/changelogs-for-all-apps-7001/#ch2026010615012"",""ArkUI接口新增仅支持Stage模型的约束"")",entry\src\main\ets\pages\ngf\HdsNavigationOfficialShowcasePage.ets:1616,未修复,接口定义变更
declare class CommonMethod<T>,ArkTS,7.0.0(26) Beta1,ALL,"=HYPERLINK(""https://developer.huawei.com/consumer/cn/doc/harmonyos-releases/changelogs-for-all-apps-7001/#ch2026010615012"",""ArkUI接口新增仅支持Stage模型的约束"")",entry\src\main\ets\pages\ngf\HdsNavigationOfficialShowcasePage.ets:1617,未修复,接口定义变更
declare class CommonMethod<T>,ArkTS,7.0.0(26) Beta1,ALL,"=HYPERLINK(""https://developer.huawei.com/consumer/cn/doc/harmonyos-releases/changelogs-for-all-apps-7001/#ch2026010615012"",""ArkUI接口新增仅支持Stage模型的约束"")",entry\src\main\ets\pages\ngf\HdsNavigationOfficialShowcasePage.ets:1625,未修复,接口定义变更
declare class CommonMethod<T>,ArkTS,7.0.0(26) Beta1,ALL,"=HYPERLINK(""https://developer.huawei.com/consumer/cn/doc/harmonyos-releases/changelogs-for-all-apps-7001/#ch2026010615012"",""ArkUI接口新增仅支持Stage模型的约束"")",entry\src\main\ets\pages\ngf\HdsNavigationOfficialShowcasePage.ets:1627,未修复,接口定义变更
declare class CommonMethod<T>,ArkTS,7.0.0(26) Beta1,ALL,"=HYPERLINK(""https://developer.huawei.com/consumer/cn/doc/harmonyos-releases/changelogs-for-all-apps-7001/#ch2026010615012"",""ArkUI接口新增仅支持Stage模型的约束"")",entry\src\main\ets\pages\ngf\HdsNavigationOfficialShowcasePage.ets:1644,未修复,接口定义变更
declare class CommonMethod<T>,ArkTS,7.0.0(26) Beta1,ALL,"=HYPERLINK(""https://developer.huawei.com/consumer/cn/doc/harmonyos-releases/changelogs-for-all-apps-7001/#ch2026010615012"",""ArkUI接口新增仅支持Stage模型的约束"")",entry\src\main\ets\pages\ngf\HdsNavigationOfficialShowcasePage.ets:1645,未修复,接口定义变更
declare class CommonMethod<T>,ArkTS,7.0.0(26) Beta1,ALL,"=HYPERLINK(""https://developer.huawei.com/consumer/cn/doc/harmonyos-releases/changelogs-for-all-apps-7001/#ch2026010615012"",""ArkUI接口新增仅支持Stage模型的约束"")",entry\src\main\ets\pages\ngf\HdsNavigationOfficialShowcasePage.ets:1646,未修复,接口定义变更
declare class CommonMethod<T>,ArkTS,7.0.0(26) Beta1,ALL,"=HYPERLINK(""https://developer.huawei.com/consumer/cn/doc/harmonyos-releases/changelogs-for-all-apps-7001/#ch2026010615012"",""ArkUI接口新增仅支持Stage模型的约束"")",entry\src\main\ets\pages\ngf\HdsNavigationOfficialShowcasePage.ets:1655,未修复,接口定义变更
declare class CommonMethod<T>,ArkTS,7.0.0(26) Beta1,ALL,"=HYPERLINK(""https://developer.huawei.com/consumer/cn/doc/harmonyos-releases/changelogs-for-all-apps-7001/#ch2026010615012"",""ArkUI接口新增仅支持Stage模型的约束"")",entry\src\main\ets\pages\ngf\HdsNavigationOfficialShowcasePage.ets:1656,未修复,接口定义变更
declare class CommonMethod<T>,ArkTS,7.0.0(26) Beta1,ALL,"=HYPERLINK(""https://developer.huawei.com/consumer/cn/doc/harmonyos-releases/changelogs-for-all-apps-7001/#ch2026010615012"",""ArkUI接口新增仅支持Stage模型的约束"")",entry\src\main\ets\pages\ngf\HdsNavigationOfficialShowcasePage.ets:1666,未修复,接口定义变更
declare class CommonMethod<T>,ArkTS,7.0.0(26) Beta1,ALL,"=HYPERLINK(""https://developer.huawei.com/consumer/cn/doc/harmonyos-releases/changelogs-for-all-apps-7001/#ch2026010615012"",""ArkUI接口新增仅支持Stage模型的约束"")",entry\src\main\ets\pages\ngf\HdsNavigationOfficialShowcasePage.ets:1667,未修复,接口定义变更
declare class CommonMethod<T>,ArkTS,7.0.0(26) Beta1,ALL,"=HYPERLINK(""https://developer.huawei.com/consumer/cn/doc/harmonyos-releases/changelogs-for-all-apps-7001/#ch2026010615012"",""ArkUI接口新增仅支持Stage模型的约束"")",entry\src\main\ets\pages\ngf\HdsNavigationOfficialShowcasePage.ets:1668,未修复,接口定义变更
declare class CommonMethod<T>,ArkTS,7.0.0(26) Beta1,ALL,"=HYPERLINK(""https://developer.huawei.com/consumer/cn/doc/harmonyos-releases/changelogs-for-all-apps-7001/#ch2026010615012"",""ArkUI接口新增仅支持Stage模型的约束"")",entry\src\main\ets\pages\ngf\HdsNavigationOfficialShowcasePage.ets:1669,未修复,接口定义变更
declare class CommonMethod<T>,ArkTS,7.0.0(26) Beta1,ALL,"=HYPERLINK(""https://developer.huawei.com/consumer/cn/doc/harmonyos-releases/changelogs-for-all-apps-7001/#ch2026010615012"",""ArkUI接口新增仅支持Stage模型的约束"")",entry\src\main\ets\pages\ngf\HdsNavigationOfficialShowcasePage.ets:1670,未修复,接口定义变更
declare class CommonMethod<T>,ArkTS,7.0.0(26) Beta1,ALL,"=HYPERLINK(""https://developer.huawei.com/consumer/cn/doc/harmonyos-releases/changelogs-for-all-apps-7001/#ch2026010615012"",""ArkUI接口新增仅支持Stage模型的约束"")",entry\src\main\ets\pages\ngf\HdsNavigationOfficialShowcasePage.ets:1677,未修复,接口定义变更
declare class CommonMethod<T>,ArkTS,7.0.0(26) Beta1,ALL,"=HYPERLINK(""https://developer.huawei.com/consumer/cn/doc/harmonyos-releases/changelogs-for-all-apps-7001/#ch2026010615012"",""ArkUI接口新增仅支持Stage模型的约束"")",entry\src\main\ets\pages\ngf\HdsNavigationOfficialShowcasePage.ets:1686,未修复,接口定义变更
declare class CommonMethod<T>,ArkTS,7.0.0(26) Beta1,ALL,"=HYPERLINK(""https://developer.huawei.com/consumer/cn/doc/harmonyos-releases/changelogs-for-all-apps-7001/#ch2026010615012"",""ArkUI接口新增仅支持Stage模型的约束"")",entry\src\main\ets\pages\ngf\HdsNavigationOfficialShowcasePage.ets:1693,未修复,接口定义变更
declare class CommonMethod<T>,ArkTS,7.0.0(26) Beta1,ALL,"=HYPERLINK(""https://developer.huawei.com/consumer/cn/doc/harmonyos-releases/changelogs-for-all-apps-7001/#ch2026010615012"",""ArkUI接口新增仅支持Stage模型的约束"")",entry\src\main\ets\pages\ngf\HdsNavigationOfficialShowcasePage.ets:1700,未修复,接口定义变更
declare class CommonMethod<T>,ArkTS,7.0.0(26) Beta1,ALL,"=HYPERLINK(""https://developer.huawei.com/consumer/cn/doc/harmonyos-releases/changelogs-for-all-apps-7001/#ch2026010615012"",""ArkUI接口新增仅支持Stage模型的约束"")",entry\src\main\ets\pages\ngf\HdsNavigationOfficialShowcasePage.ets:1707,未修复,接口定义变更
declare class CommonMethod<T>,ArkTS,7.0.0(26) Beta1,ALL,"=HYPERLINK(""https://developer.huawei.com/consumer/cn/doc/harmonyos-releases/changelogs-for-all-apps-7001/#ch2026010615012"",""ArkUI接口新增仅支持Stage模型的约束"")",entry\src\main\ets\pages\ngf\HdsNavigationOfficialShowcasePage.ets:1712,未修复,接口定义变更
declare class CommonMethod<T>,ArkTS,7.0.0(26) Beta1,ALL,"=HYPERLINK(""https://developer.huawei.com/consumer/cn/doc/harmonyos-releases/changelogs-for-all-apps-7001/#ch2026010615012"",""ArkUI接口新增仅支持Stage模型的约束"")",entry\src\main\ets\pages\ngf\HdsNavigationOfficialShowcasePage.ets:1714,未修复,接口定义变更
declare class CommonMethod<T>,ArkTS,7.0.0(26) Beta1,ALL,"=HYPERLINK(""https://developer.huawei.com/consumer/cn/doc/harmonyos-releases/changelogs-for-all-apps-7001/#ch2026010615012"",""ArkUI接口新增仅支持Stage模型的约束"")",entry\src\main\ets\pages\ngf\HdsNavigationOfficialShowcasePage.ets:1715,未修复,接口定义变更
declare class CommonMethod<T>,ArkTS,7.0.0(26) Beta1,ALL,"=HYPERLINK(""https://developer.huawei.com/consumer/cn/doc/harmonyos-releases/changelogs-for-all-apps-7001/#ch2026010615012"",""ArkUI接口新增仅支持Stage模型的约束"")",entry\src\main\ets\pages\ngf\HdsNavigationOfficialShowcasePage.ets:1716,未修复,接口定义变更
declare class CommonMethod<T>,ArkTS,7.0.0(26) Beta1,ALL,"=HYPERLINK(""https://developer.huawei.com/consumer/cn/doc/harmonyos-releases/changelogs-for-all-apps-7001/#ch2026010615012"",""ArkUI接口新增仅支持Stage模型的约束"")",entry\src\main\ets\pages\ngf\HdsNavigationOfficialShowcasePage.ets:1717,未修复,接口定义变更
declare class CommonMethod<T>,ArkTS,7.0.0(26) Beta1,ALL,"=HYPERLINK(""https://developer.huawei.com/consumer/cn/doc/harmonyos-releases/changelogs-for-all-apps-7001/#ch2026010615012"",""ArkUI接口新增仅支持Stage模型的约束"")",entry\src\main\ets\pages\ngf\HdsNavigationOfficialShowcasePage.ets:1718,未修复,接口定义变更
declare class CommonMethod<T>,ArkTS,7.0.0(26) Beta1,ALL,"=HYPERLINK(""https://developer.huawei.com/consumer/cn/doc/harmonyos-releases/changelogs-for-all-apps-7001/#ch2026010615012"",""ArkUI接口新增仅支持Stage模型的约束"")",entry\src\main\ets\pages\ngf\HdsNavigationOfficialShowcasePage.ets:1720,未修复,接口定义变更
declare class CommonMethod<T>,ArkTS,7.0.0(26) Beta1,ALL,"=HYPERLINK(""https://developer.huawei.com/consumer/cn/doc/harmonyos-releases/changelogs-for-all-apps-7001/#ch2026010615012"",""ArkUI接口新增仅支持Stage模型的约束"")",entry\src\main\ets\pages\ngf\HdsNavigationOfficialShowcasePage.ets:1721,未修复,接口定义变更
declare class CommonMethod<T>,ArkTS,7.0.0(26) Beta1,ALL,"=HYPERLINK(""https://developer.huawei.com/consumer/cn/doc/harmonyos-releases/changelogs-for-all-apps-7001/#ch2026010615012"",""ArkUI接口新增仅支持Stage模型的约束"")",entry\src\main\ets\pages\ngf\HdsNavigationOfficialShowcasePage.ets:1722,未修复,接口定义变更
declare class CommonMethod<T>,ArkTS,7.0.0(26) Beta1,ALL,"=HYPERLINK(""https://developer.huawei.com/consumer/cn/doc/harmonyos-releases/changelogs-for-all-apps-7001/#ch2026010615012"",""ArkUI接口新增仅支持Stage模型的约束"")",entry\src\main\ets\pages\ngf\HdsNavigationOfficialShowcasePage.ets:1723,未修复,接口定义变更
declare class CommonMethod<T>,ArkTS,7.0.0(26) Beta1,ALL,"=HYPERLINK(""https://developer.huawei.com/consumer/cn/doc/harmonyos-releases/changelogs-for-all-apps-7001/#ch2026010615012"",""ArkUI接口新增仅支持Stage模型的约束"")",entry\src\main\ets\pages\ngf\HdsNavigationOfficialShowcasePage.ets:1724,未修复,接口定义变更
declare class CommonMethod<T>,ArkTS,7.0.0(26) Beta1,ALL,"=HYPERLINK(""https://developer.huawei.com/consumer/cn/doc/harmonyos-releases/changelogs-for-all-apps-7001/#ch2026010615012"",""ArkUI接口新增仅支持Stage模型的约束"")",entry\src\main\ets\pages\ngf\HdsNavigationOfficialShowcasePage.ets:1725,未修复,接口定义变更
declare class CommonMethod<T>,ArkTS,7.0.0(26) Beta1,ALL,"=HYPERLINK(""https://developer.huawei.com/consumer/cn/doc/harmonyos-releases/changelogs-for-all-apps-7001/#ch2026010615012"",""ArkUI接口新增仅支持Stage模型的约束"")",entry\src\main\ets\pages\ngf\HdsNavigationOfficialShowcasePage.ets:1726,未修复,接口定义变更
declare class CommonMethod<T>,ArkTS,7.0.0(26) Beta1,ALL,"=HYPERLINK(""https://developer.huawei.com/consumer/cn/doc/harmonyos-releases/changelogs-for-all-apps-7001/#ch2026010615012"",""ArkUI接口新增仅支持Stage模型的约束"")",entry\src\main\ets\pages\ngf\HdsNavigationOfficialShowcasePage.ets:1727,未修复,接口定义变更
declare class CommonMethod<T>,ArkTS,7.0.0(26) Beta1,ALL,"=HYPERLINK(""https://developer.huawei.com/consumer/cn/doc/harmonyos-releases/changelogs-for-all-apps-7001/#ch2026010615012"",""ArkUI接口新增仅支持Stage模型的约束"")",entry\src\main\ets\pages\ngf\HdsNavigationOfficialShowcasePage.ets:1728,未修复,接口定义变更
declare class CommonMethod<T>,ArkTS,7.0.0(26) Beta1,ALL,"=HYPERLINK(""https://developer.huawei.com/consumer/cn/doc/harmonyos-releases/changelogs-for-all-apps-7001/#ch2026010615012"",""ArkUI接口新增仅支持Stage模型的约束"")",entry\src\main\ets\pages\ngf\HdsNavigationOfficialShowcasePage.ets:1729,未修复,接口定义变更
declare class CommonMethod<T>,ArkTS,7.0.0(26) Beta1,ALL,"=HYPERLINK(""https://developer.huawei.com/consumer/cn/doc/harmonyos-releases/changelogs-for-all-apps-7001/#ch2026010615012"",""ArkUI接口新增仅支持Stage模型的约束"")",entry\src\main\ets\pages\ngf\HdsNavigationOfficialShowcasePage.ets:1733,未修复,接口定义变更
declare class CommonMethod<T>,ArkTS,7.0.0(26) Beta1,ALL,"=HYPERLINK(""https://developer.huawei.com/consumer/cn/doc/harmonyos-releases/changelogs-for-all-apps-7001/#ch2026010615012"",""ArkUI接口新增仅支持Stage模型的约束"")",entry\src\main\ets\pages\ngf\HdsNavigationOfficialShowcasePage.ets:1734,未修复,接口定义变更
declare class CommonMethod<T>,ArkTS,7.0.0(26) Beta1,ALL,"=HYPERLINK(""https://developer.huawei.com/consumer/cn/doc/harmonyos-releases/changelogs-for-all-apps-7001/#ch2026010615012"",""ArkUI接口新增仅支持Stage模型的约束"")",entry\src\main\ets\pages\ngf\HdsNavigationOfficialShowcasePage.ets:1737,未修复,接口定义变更
declare class CommonMethod<T>,ArkTS,7.0.0(26) Beta1,ALL,"=HYPERLINK(""https://developer.huawei.com/consumer/cn/doc/harmonyos-releases/changelogs-for-all-apps-7001/#ch2026010615012"",""ArkUI接口新增仅支持Stage模型的约束"")",entry\src\main\ets\pages\ngf\HdsNavigationOfficialShowcasePage.ets:266,未修复,接口定义变更
declare class CommonMethod<T>,ArkTS,7.0.0(26) Beta1,ALL,"=HYPERLINK(""https://developer.huawei.com/consumer/cn/doc/harmonyos-releases/changelogs-for-all-apps-7001/#ch2026010615012"",""ArkUI接口新增仅支持Stage模型的约束"")",entry\src\main\ets\pages\ngf\HdsNavigationOfficialShowcasePage.ets:267,未修复,接口定义变更
declare class CommonMethod<T>,ArkTS,7.0.0(26) Beta1,ALL,"=HYPERLINK(""https://developer.huawei.com/consumer/cn/doc/harmonyos-releases/changelogs-for-all-apps-7001/#ch2026010615012"",""ArkUI接口新增仅支持Stage模型的约束"")",entry\src\main\ets\pages\ngf\HdsNavigationOfficialShowcasePage.ets:274,未修复,接口定义变更
declare class CommonMethod<T>,ArkTS,7.0.0(26) Beta1,ALL,"=HYPERLINK(""https://developer.huawei.com/consumer/cn/doc/harmonyos-releases/changelogs-for-all-apps-7001/#ch2026010615012"",""ArkUI接口新增仅支持Stage模型的约束"")",entry\src\main\ets\pages\ngf\HdsNavigationOfficialShowcasePage.ets:275,未修复,接口定义变更
declare class CommonMethod<T>,ArkTS,7.0.0(26) Beta1,ALL,"=HYPERLINK(""https://developer.huawei.com/consumer/cn/doc/harmonyos-releases/changelogs-for-all-apps-7001/#ch2026010615012"",""ArkUI接口新增仅支持Stage模型的约束"")",entry\src\main\ets\pages\ngf\HdsNavigationOfficialShowcasePage.ets:277,未修复,接口定义变更
declare class CommonMethod<T>,ArkTS,7.0.0(26) Beta1,ALL,"=HYPERLINK(""https://developer.huawei.com/consumer/cn/doc/harmonyos-releases/changelogs-for-all-apps-7001/#ch2026010615012"",""ArkUI接口新增仅支持Stage模型的约束"")",entry\src\main\ets\pages\ngf\HdsNavigationOfficialShowcasePage.ets:280,未修复,接口定义变更
declare class CommonMethod<T>,ArkTS,7.0.0(26) Beta1,ALL,"=HYPERLINK(""https://developer.huawei.com/consumer/cn/doc/harmonyos-releases/changelogs-for-all-apps-7001/#ch2026010615012"",""ArkUI接口新增仅支持Stage模型的约束"")",entry\src\main\ets\pages\ngf\HdsNavigationOfficialShowcasePage.ets:282,未修复,接口定义变更
declare class CommonMethod<T>,ArkTS,7.0.0(26) Beta1,ALL,"=HYPERLINK(""https://developer.huawei.com/consumer/cn/doc/harmonyos-releases/changelogs-for-all-apps-7001/#ch2026010615012"",""ArkUI接口新增仅支持Stage模型的约束"")",entry\src\main\ets\pages\ngf\HdsNavigationOfficialShowcasePage.ets:283,未修复,接口定义变更
declare class CommonMethod<T>,ArkTS,7.0.0(26) Beta1,ALL,"=HYPERLINK(""https://developer.huawei.com/consumer/cn/doc/harmonyos-releases/changelogs-for-all-apps-7001/#ch2026010615012"",""ArkUI接口新增仅支持Stage模型的约束"")",entry\src\main\ets\pages\ngf\HdsNavigationOfficialShowcasePage.ets:284,未修复,接口定义变更
declare class CommonMethod<T>,ArkTS,7.0.0(26) Beta1,ALL,"=HYPERLINK(""https://developer.huawei.com/consumer/cn/doc/harmonyos-releases/changelogs-for-all-apps-7001/#ch2026010615012"",""ArkUI接口新增仅支持Stage模型的约束"")",entry\src\main\ets\pages\ngf\HdsNavigationOfficialShowcasePage.ets:333,未修复,接口定义变更
declare class CommonMethod<T>,ArkTS,7.0.0(26) Beta1,ALL,"=HYPERLINK(""https://developer.huawei.com/consumer/cn/doc/harmonyos-releases/changelogs-for-all-apps-7001/#ch2026010615012"",""ArkUI接口新增仅支持Stage模型的约束"")",entry\src\main\ets\pages\ngf\HdsNavigationOfficialShowcasePage.ets:334,未修复,接口定义变更
declare class CommonMethod<T>,ArkTS,7.0.0(26) Beta1,ALL,"=HYPERLINK(""https://developer.huawei.com/consumer/cn/doc/harmonyos-releases/changelogs-for-all-apps-7001/#ch2026010615012"",""ArkUI接口新增仅支持Stage模型的约束"")",entry\src\main\ets\pages\ngf\HdsNavigationOfficialShowcasePage.ets:335,未修复,接口定义变更
declare class CommonMethod<T>,ArkTS,7.0.0(26) Beta1,ALL,"=HYPERLINK(""https://developer.huawei.com/consumer/cn/doc/harmonyos-releases/changelogs-for-all-apps-7001/#ch2026010615012"",""ArkUI接口新增仅支持Stage模型的约束"")",entry\src\main\ets\pages\ngf\HdsNavigationOfficialShowcasePage.ets:343,未修复,接口定义变更
declare class CommonMethod<T>,ArkTS,7.0.0(26) Beta1,ALL,"=HYPERLINK(""https://developer.huawei.com/consumer/cn/doc/harmonyos-releases/changelogs-for-all-apps-7001/#ch2026010615012"",""ArkUI接口新增仅支持Stage模型的约束"")",entry\src\main\ets\pages\ngf\HdsNavigationOfficialShowcasePage.ets:344,未修复,接口定义变更
declare class CommonMethod<T>,ArkTS,7.0.0(26) Beta1,ALL,"=HYPERLINK(""https://developer.huawei.com/consumer/cn/doc/harmonyos-releases/changelogs-for-all-apps-7001/#ch2026010615012"",""ArkUI接口新增仅支持Stage模型的约束"")",entry\src\main\ets\pages\ngf\HdsNavigationOfficialShowcasePage.ets:345,未修复,接口定义变更
declare class CommonMethod<T>,ArkTS,7.0.0(26) Beta1,ALL,"=HYPERLINK(""https://developer.huawei.com/consumer/cn/doc/harmonyos-releases/changelogs-for-all-apps-7001/#ch2026010615012"",""ArkUI接口新增仅支持Stage模型的约束"")",entry\src\main\ets\pages\ngf\HdsNavigationOfficialShowcasePage.ets:346,未修复,接口定义变更
declare class CommonMethod<T>,ArkTS,7.0.0(26) Beta1,ALL,"=HYPERLINK(""https://developer.huawei.com/consumer/cn/doc/harmonyos-releases/changelogs-for-all-apps-7001/#ch2026010615012"",""ArkUI接口新增仅支持Stage模型的约束"")",entry\src\main\ets\pages\ngf\HdsNavigationOfficialShowcasePage.ets:347,未修复,接口定义变更
declare class CommonMethod<T>,ArkTS,7.0.0(26) Beta1,ALL,"=HYPERLINK(""https://developer.huawei.com/consumer/cn/doc/harmonyos-releases/changelogs-for-all-apps-7001/#ch2026010615012"",""ArkUI接口新增仅支持Stage模型的约束"")",entry\src\main\ets\pages\ngf\HdsNavigationOfficialShowcasePage.ets:362,未修复,接口定义变更
declare class CommonMethod<T>,ArkTS,7.0.0(26) Beta1,ALL,"=HYPERLINK(""https://developer.huawei.com/consumer/cn/doc/harmonyos-releases/changelogs-for-all-apps-7001/#ch2026010615012"",""ArkUI接口新增仅支持Stage模型的约束"")",entry\src\main\ets\pages\ngf\HdsNavigationOfficialShowcasePage.ets:377,未修复,接口定义变更
declare class CommonMethod<T>,ArkTS,7.0.0(26) Beta1,ALL,"=HYPERLINK(""https://developer.huawei.com/consumer/cn/doc/harmonyos-releases/changelogs-for-all-apps-7001/#ch2026010615012"",""ArkUI接口新增仅支持Stage模型的约束"")",entry\src\main\ets\pages\ngf\HdsNavigationOfficialShowcasePage.ets:384,未修复,接口定义变更
declare class CommonMethod<T>,ArkTS,7.0.0(26) Beta1,ALL,"=HYPERLINK(""https://developer.huawei.com/consumer/cn/doc/harmonyos-releases/changelogs-for-all-apps-7001/#ch2026010615012"",""ArkUI接口新增仅支持Stage模型的约束"")",entry\src\main\ets\pages\ngf\HdsNavigationOfficialShowcasePage.ets:390,未修复,接口定义变更
declare class CommonMethod<T>,ArkTS,7.0.0(26) Beta1,ALL,"=HYPERLINK(""https://developer.huawei.com/consumer/cn/doc/harmonyos-releases/changelogs-for-all-apps-7001/#ch2026010615012"",""ArkUI接口新增仅支持Stage模型的约束"")",entry\src\main\ets\pages\ngf\HdsNavigationOfficialShowcasePage.ets:398,未修复,接口定义变更
declare class CommonMethod<T>,ArkTS,7.0.0(26) Beta1,ALL,"=HYPERLINK(""https://developer.huawei.com/consumer/cn/doc/harmonyos-releases/changelogs-for-all-apps-7001/#ch2026010615012"",""ArkUI接口新增仅支持Stage模型的约束"")",entry\src\main\ets\pages\ngf\HdsNavigationOfficialShowcasePage.ets:400,未修复,接口定义变更
declare class CommonMethod<T>,ArkTS,7.0.0(26) Beta1,ALL,"=HYPERLINK(""https://developer.huawei.com/consumer/cn/doc/harmonyos-releases/changelogs-for-all-apps-7001/#ch2026010615012"",""ArkUI接口新增仅支持Stage模型的约束"")",entry\src\main\ets\pages\ngf\HdsNavigationOfficialShowcasePage.ets:401,未修复,接口定义变更
declare class CommonMethod<T>,ArkTS,7.0.0(26) Beta1,ALL,"=HYPERLINK(""https://developer.huawei.com/consumer/cn/doc/harmonyos-releases/changelogs-for-all-apps-7001/#ch2026010615012"",""ArkUI接口新增仅支持Stage模型的约束"")",entry\src\main\ets\pages\ngf\HdsNavigationOfficialShowcasePage.ets:402,未修复,接口定义变更
declare class CommonMethod<T>,ArkTS,7.0.0(26) Beta1,ALL,"=HYPERLINK(""https://developer.huawei.com/consumer/cn/doc/harmonyos-releases/changelogs-for-all-apps-7001/#ch2026010615012"",""ArkUI接口新增仅支持Stage模型的约束"")",entry\src\main\ets\pages\ngf\HdsNavigationOfficialShowcasePage.ets:403,未修复,接口定义变更
declare class CommonMethod<T>,ArkTS,7.0.0(26) Beta1,ALL,"=HYPERLINK(""https://developer.huawei.com/consumer/cn/doc/harmonyos-releases/changelogs-for-all-apps-7001/#ch2026010615012"",""ArkUI接口新增仅支持Stage模型的约束"")",entry\src\main\ets\pages\ngf\HdsNavigationOfficialShowcasePage.ets:406,未修复,接口定义变更
declare class CommonMethod<T>,ArkTS,7.0.0(26) Beta1,ALL,"=HYPERLINK(""https://developer.huawei.com/consumer/cn/doc/harmonyos-releases/changelogs-for-all-apps-7001/#ch2026010615012"",""ArkUI接口新增仅支持Stage模型的约束"")",entry\src\main\ets\pages\ngf\HdsNavigationOfficialShowcasePage.ets:409,未修复,接口定义变更
declare class CommonMethod<T>,ArkTS,7.0.0(26) Beta1,ALL,"=HYPERLINK(""https://developer.huawei.com/consumer/cn/doc/harmonyos-releases/changelogs-for-all-apps-7001/#ch2026010615012"",""ArkUI接口新增仅支持Stage模型的约束"")",entry\src\main\ets\pages\ngf\HdsNavigationOfficialShowcasePage.ets:410,未修复,接口定义变更
declare class CommonMethod<T>,ArkTS,7.0.0(26) Beta1,ALL,"=HYPERLINK(""https://developer.huawei.com/consumer/cn/doc/harmonyos-releases/changelogs-for-all-apps-7001/#ch2026010615012"",""ArkUI接口新增仅支持Stage模型的约束"")",entry\src\main\ets\pages\ngf\HdsNavigationOfficialShowcasePage.ets:411,未修复,接口定义变更
declare class CommonMethod<T>,ArkTS,7.0.0(26) Beta1,ALL,"=HYPERLINK(""https://developer.huawei.com/consumer/cn/doc/harmonyos-releases/changelogs-for-all-apps-7001/#ch2026010615012"",""ArkUI接口新增仅支持Stage模型的约束"")",entry\src\main\ets\pages\ngf\HdsNavigationOfficialShowcasePage.ets:418,未修复,接口定义变更
declare class CommonMethod<T>,ArkTS,7.0.0(26) Beta1,ALL,"=HYPERLINK(""https://developer.huawei.com/consumer/cn/doc/harmonyos-releases/changelogs-for-all-apps-7001/#ch2026010615012"",""ArkUI接口新增仅支持Stage模型的约束"")",entry\src\main\ets\pages\ngf\HdsNavigationOfficialShowcasePage.ets:419,未修复,接口定义变更
declare class CommonMethod<T>,ArkTS,7.0.0(26) Beta1,ALL,"=HYPERLINK(""https://developer.huawei.com/consumer/cn/doc/harmonyos-releases/changelogs-for-all-apps-7001/#ch2026010615012"",""ArkUI接口新增仅支持Stage模型的约束"")",entry\src\main\ets\pages\ngf\HdsNavigationOfficialShowcasePage.ets:420,未修复,接口定义变更
declare class CommonMethod<T>,ArkTS,7.0.0(26) Beta1,ALL,"=HYPERLINK(""https://developer.huawei.com/consumer/cn/doc/harmonyos-releases/changelogs-for-all-apps-7001/#ch2026010615012"",""ArkUI接口新增仅支持Stage模型的约束"")",entry\src\main\ets\pages\ngf\HdsNavigationOfficialShowcasePage.ets:421,未修复,接口定义变更
declare class CommonMethod<T>,ArkTS,7.0.0(26) Beta1,ALL,"=HYPERLINK(""https://developer.huawei.com/consumer/cn/doc/harmonyos-releases/changelogs-for-all-apps-7001/#ch2026010615012"",""ArkUI接口新增仅支持Stage模型的约束"")",entry\src\main\ets\pages\ngf\HdsNavigationOfficialShowcasePage.ets:422,未修复,接口定义变更
declare class CommonMethod<T>,ArkTS,7.0.0(26) Beta1,ALL,"=HYPERLINK(""https://developer.huawei.com/consumer/cn/doc/harmonyos-releases/changelogs-for-all-apps-7001/#ch2026010615012"",""ArkUI接口新增仅支持Stage模型的约束"")",entry\src\main\ets\pages\ngf\HdsNavigationOfficialShowcasePage.ets:424,未修复,接口定义变更
declare class CommonMethod<T>,ArkTS,7.0.0(26) Beta1,ALL,"=HYPERLINK(""https://developer.huawei.com/consumer/cn/doc/harmonyos-releases/changelogs-for-all-apps-7001/#ch2026010615012"",""ArkUI接口新增仅支持Stage模型的约束"")",entry\src\main\ets\pages\ngf\HdsNavigationOfficialShowcasePage.ets:425,未修复,接口定义变更
declare class CommonMethod<T>,ArkTS,7.0.0(26) Beta1,ALL,"=HYPERLINK(""https://developer.huawei.com/consumer/cn/doc/harmonyos-releases/changelogs-for-all-apps-7001/#ch2026010615012"",""ArkUI接口新增仅支持Stage模型的约束"")",entry\src\main\ets\pages\ngf\HdsNavigationOfficialShowcasePage.ets:426,未修复,接口定义变更
declare class CommonMethod<T>,ArkTS,7.0.0(26) Beta1,ALL,"=HYPERLINK(""https://developer.huawei.com/consumer/cn/doc/harmonyos-releases/changelogs-for-all-apps-7001/#ch2026010615012"",""ArkUI接口新增仅支持Stage模型的约束"")",entry\src\main\ets\pages\ngf\HdsNavigationOfficialShowcasePage.ets:428,未修复,接口定义变更
declare class CommonMethod<T>,ArkTS,7.0.0(26) Beta1,ALL,"=HYPERLINK(""https://developer.huawei.com/consumer/cn/doc/harmonyos-releases/changelogs-for-all-apps-7001/#ch2026010615012"",""ArkUI接口新增仅支持Stage模型的约束"")",entry\src\main\ets\pages\ngf\HdsNavigationOfficialShowcasePage.ets:442,未修复,接口定义变更
declare class CommonMethod<T>,ArkTS,7.0.0(26) Beta1,ALL,"=HYPERLINK(""https://developer.huawei.com/consumer/cn/doc/harmonyos-releases/changelogs-for-all-apps-7001/#ch2026010615012"",""ArkUI接口新增仅支持Stage模型的约束"")",entry\src\main\ets\pages\ngf\HdsNavigationOfficialShowcasePage.ets:447,未修复,接口定义变更
declare class CommonMethod<T>,ArkTS,7.0.0(26) Beta1,ALL,"=HYPERLINK(""https://developer.huawei.com/consumer/cn/doc/harmonyos-releases/changelogs-for-all-apps-7001/#ch2026010615012"",""ArkUI接口新增仅支持Stage模型的约束"")",entry\src\main\ets\pages\ngf\HdsNavigationOfficialShowcasePage.ets:452,未修复,接口定义变更
declare class CommonMethod<T>,ArkTS,7.0.0(26) Beta1,ALL,"=HYPERLINK(""https://developer.huawei.com/consumer/cn/doc/harmonyos-releases/changelogs-for-all-apps-7001/#ch2026010615012"",""ArkUI接口新增仅支持Stage模型的约束"")",entry\src\main\ets\pages\ngf\HdsNavigationOfficialShowcasePage.ets:456,未修复,接口定义变更
declare class CommonMethod<T>,ArkTS,7.0.0(26) Beta1,ALL,"=HYPERLINK(""https://developer.huawei.com/consumer/cn/doc/harmonyos-releases/changelogs-for-all-apps-7001/#ch2026010615012"",""ArkUI接口新增仅支持Stage模型的约束"")",entry\src\main\ets\pages\ngf\HdsNavigationOfficialShowcasePage.ets:457,未修复,接口定义变更
declare class CommonMethod<T>,ArkTS,7.0.0(26) Beta1,ALL,"=HYPERLINK(""https://developer.huawei.com/consumer/cn/doc/harmonyos-releases/changelogs-for-all-apps-7001/#ch2026010615012"",""ArkUI接口新增仅支持Stage模型的约束"")",entry\src\main\ets\pages\ngf\HdsNavigationOfficialShowcasePage.ets:458,未修复,接口定义变更
declare class CommonMethod<T>,ArkTS,7.0.0(26) Beta1,ALL,"=HYPERLINK(""https://developer.huawei.com/consumer/cn/doc/harmonyos-releases/changelogs-for-all-apps-7001/#ch2026010615012"",""ArkUI接口新增仅支持Stage模型的约束"")",entry\src\main\ets\pages\ngf\HdsNavigationOfficialShowcasePage.ets:466,未修复,接口定义变更
declare class CommonMethod<T>,ArkTS,7.0.0(26) Beta1,ALL,"=HYPERLINK(""https://developer.huawei.com/consumer/cn/doc/harmonyos-releases/changelogs-for-all-apps-7001/#ch2026010615012"",""ArkUI接口新增仅支持Stage模型的约束"")",entry\src\main\ets\pages\ngf\HdsNavigationOfficialShowcasePage.ets:467,未修复,接口定义变更
declare class CommonMethod<T>,ArkTS,7.0.0(26) Beta1,ALL,"=HYPERLINK(""https://developer.huawei.com/consumer/cn/doc/harmonyos-releases/changelogs-for-all-apps-7001/#ch2026010615012"",""ArkUI接口新增仅支持Stage模型的约束"")",entry\src\main\ets\pages\ngf\HdsNavigationOfficialShowcasePage.ets:468,未修复,接口定义变更
declare class CommonMethod<T>,ArkTS,7.0.0(26) Beta1,ALL,"=HYPERLINK(""https://developer.huawei.com/consumer/cn/doc/harmonyos-releases/changelogs-for-all-apps-7001/#ch2026010615012"",""ArkUI接口新增仅支持Stage模型的约束"")",entry\src\main\ets\pages\ngf\HdsNavigationOfficialShowcasePage.ets:469,未修复,接口定义变更
declare class CommonMethod<T>,ArkTS,7.0.0(26) Beta1,ALL,"=HYPERLINK(""https://developer.huawei.com/consumer/cn/doc/harmonyos-releases/changelogs-for-all-apps-7001/#ch2026010615012"",""ArkUI接口新增仅支持Stage模型的约束"")",entry\src\main\ets\pages\ngf\HdsNavigationOfficialShowcasePage.ets:470,未修复,接口定义变更
declare class CommonMethod<T>,ArkTS,7.0.0(26) Beta1,ALL,"=HYPERLINK(""https://developer.huawei.com/consumer/cn/doc/harmonyos-releases/changelogs-for-all-apps-7001/#ch2026010615012"",""ArkUI接口新增仅支持Stage模型的约束"")",entry\src\main\ets\pages\ngf\HdsNavigationOfficialShowcasePage.ets:482,未修复,接口定义变更
declare class CommonMethod<T>,ArkTS,7.0.0(26) Beta1,ALL,"=HYPERLINK(""https://developer.huawei.com/consumer/cn/doc/harmonyos-releases/changelogs-for-all-apps-7001/#ch2026010615012"",""ArkUI接口新增仅支持Stage模型的约束"")",entry\src\main\ets\pages\ngf\HdsNavigationOfficialShowcasePage.ets:487,未修复,接口定义变更
declare class CommonMethod<T>,ArkTS,7.0.0(26) Beta1,ALL,"=HYPERLINK(""https://developer.huawei.com/consumer/cn/doc/harmonyos-releases/changelogs-for-all-apps-7001/#ch2026010615012"",""ArkUI接口新增仅支持Stage模型的约束"")",entry\src\main\ets\pages\ngf\HdsNavigationOfficialShowcasePage.ets:488,未修复,接口定义变更
declare class CommonMethod<T>,ArkTS,7.0.0(26) Beta1,ALL,"=HYPERLINK(""https://developer.huawei.com/consumer/cn/doc/harmonyos-releases/changelogs-for-all-apps-7001/#ch2026010615012"",""ArkUI接口新增仅支持Stage模型的约束"")",entry\src\main\ets\pages\ngf\HdsNavigationOfficialShowcasePage.ets:489,未修复,接口定义变更
declare class CommonMethod<T>,ArkTS,7.0.0(26) Beta1,ALL,"=HYPERLINK(""https://developer.huawei.com/consumer/cn/doc/harmonyos-releases/changelogs-for-all-apps-7001/#ch2026010615012"",""ArkUI接口新增仅支持Stage模型的约束"")",entry\src\main\ets\pages\ngf\HdsNavigationOfficialShowcasePage.ets:497,未修复,接口定义变更
declare class CommonMethod<T>,ArkTS,7.0.0(26) Beta1,ALL,"=HYPERLINK(""https://developer.huawei.com/consumer/cn/doc/harmonyos-releases/changelogs-for-all-apps-7001/#ch2026010615012"",""ArkUI接口新增仅支持Stage模型的约束"")",entry\src\main\ets\pages\ngf\HdsNavigationOfficialShowcasePage.ets:498,未修复,接口定义变更
declare class CommonMethod<T>,ArkTS,7.0.0(26) Beta1,ALL,"=HYPERLINK(""https://developer.huawei.com/consumer/cn/doc/harmonyos-releases/changelogs-for-all-apps-7001/#ch2026010615012"",""ArkUI接口新增仅支持Stage模型的约束"")",entry\src\main\ets\pages\ngf\HdsNavigationOfficialShowcasePage.ets:499,未修复,接口定义变更
declare class CommonMethod<T>,ArkTS,7.0.0(26) Beta1,ALL,"=HYPERLINK(""https://developer.huawei.com/consumer/cn/doc/harmonyos-releases/changelogs-for-all-apps-7001/#ch2026010615012"",""ArkUI接口新增仅支持Stage模型的约束"")",entry\src\main\ets\pages\ngf\HdsNavigationOfficialShowcasePage.ets:500,未修复,接口定义变更
declare class CommonMethod<T>,ArkTS,7.0.0(26) Beta1,ALL,"=HYPERLINK(""https://developer.huawei.com/consumer/cn/doc/harmonyos-releases/changelogs-for-all-apps-7001/#ch2026010615012"",""ArkUI接口新增仅支持Stage模型的约束"")",entry\src\main\ets\pages\ngf\HdsNavigationOfficialShowcasePage.ets:501,未修复,接口定义变更
declare class CommonMethod<T>,ArkTS,7.0.0(26) Beta1,ALL,"=HYPERLINK(""https://developer.huawei.com/consumer/cn/doc/harmonyos-releases/changelogs-for-all-apps-7001/#ch2026010615012"",""ArkUI接口新增仅支持Stage模型的约束"")",entry\src\main\ets\pages\ngf\HdsNavigationOfficialShowcasePage.ets:564,未修复,接口定义变更
declare class CommonMethod<T>,ArkTS,7.0.0(26) Beta1,ALL,"=HYPERLINK(""https://developer.huawei.com/consumer/cn/doc/harmonyos-releases/changelogs-for-all-apps-7001/#ch2026010615012"",""ArkUI接口新增仅支持Stage模型的约束"")",entry\src\main\ets\pages\ngf\HdsNavigationOfficialShowcasePage.ets:570,未修复,接口定义变更
declare class CommonMethod<T>,ArkTS,7.0.0(26) Beta1,ALL,"=HYPERLINK(""https://developer.huawei.com/consumer/cn/doc/harmonyos-releases/changelogs-for-all-apps-7001/#ch2026010615012"",""ArkUI接口新增仅支持Stage模型的约束"")",entry\src\main\ets\pages\ngf\HdsNavigationOfficialShowcasePage.ets:579,未修复,接口定义变更
declare class CommonMethod<T>,ArkTS,7.0.0(26) Beta1,ALL,"=HYPERLINK(""https://developer.huawei.com/consumer/cn/doc/harmonyos-releases/changelogs-for-all-apps-7001/#ch2026010615012"",""ArkUI接口新增仅支持Stage模型的约束"")",entry\src\main\ets\pages\ngf\HdsNavigationOfficialShowcasePage.ets:580,未修复,接口定义变更
declare class CommonMethod<T>,ArkTS,7.0.0(26) Beta1,ALL,"=HYPERLINK(""https://developer.huawei.com/consumer/cn/doc/harmonyos-releases/changelogs-for-all-apps-7001/#ch2026010615012"",""ArkUI接口新增仅支持Stage模型的约束"")",entry\src\main\ets\pages\ngf\HdsNavigationOfficialShowcasePage.ets:587,未修复,接口定义变更
declare class CommonMethod<T>,ArkTS,7.0.0(26) Beta1,ALL,"=HYPERLINK(""https://developer.huawei.com/consumer/cn/doc/harmonyos-releases/changelogs-for-all-apps-7001/#ch2026010615012"",""ArkUI接口新增仅支持Stage模型的约束"")",entry\src\main\ets\pages\ngf\HdsNavigationOfficialShowcasePage.ets:588,未修复,接口定义变更
declare class CommonMethod<T>,ArkTS,7.0.0(26) Beta1,ALL,"=HYPERLINK(""https://developer.huawei.com/consumer/cn/doc/harmonyos-releases/changelogs-for-all-apps-7001/#ch2026010615012"",""ArkUI接口新增仅支持Stage模型的约束"")",entry\src\main\ets\pages\ngf\HdsNavigationOfficialShowcasePage.ets:589,未修复,接口定义变更
declare class CommonMethod<T>,ArkTS,7.0.0(26) Beta1,ALL,"=HYPERLINK(""https://developer.huawei.com/consumer/cn/doc/harmonyos-releases/changelogs-for-all-apps-7001/#ch2026010615012"",""ArkUI接口新增仅支持Stage模型的约束"")",entry\src\main\ets\pages\ngf\HdsNavigationOfficialShowcasePage.ets:592,未修复,接口定义变更
declare class CommonMethod<T>,ArkTS,7.0.0(26) Beta1,ALL,"=HYPERLINK(""https://developer.huawei.com/consumer/cn/doc/harmonyos-releases/changelogs-for-all-apps-7001/#ch2026010615012"",""ArkUI接口新增仅支持Stage模型的约束"")",entry\src\main\ets\pages\ngf\HdsNavigationOfficialShowcasePage.ets:594,未修复,接口定义变更
declare class CommonMethod<T>,ArkTS,7.0.0(26) Beta1,ALL,"=HYPERLINK(""https://developer.huawei.com/consumer/cn/doc/harmonyos-releases/changelogs-for-all-apps-7001/#ch2026010615012"",""ArkUI接口新增仅支持Stage模型的约束"")",entry\src\main\ets\pages\ngf\HdsNavigationOfficialShowcasePage.ets:595,未修复,接口定义变更
declare class CommonMethod<T>,ArkTS,7.0.0(26) Beta1,ALL,"=HYPERLINK(""https://developer.huawei.com/consumer/cn/doc/harmonyos-releases/changelogs-for-all-apps-7001/#ch2026010615012"",""ArkUI接口新增仅支持Stage模型的约束"")",entry\src\main\ets\pages\ngf\HdsNavigationOfficialShowcasePage.ets:596,未修复,接口定义变更
declare class CommonMethod<T>,ArkTS,7.0.0(26) Beta1,ALL,"=HYPERLINK(""https://developer.huawei.com/consumer/cn/doc/harmonyos-releases/changelogs-for-all-apps-7001/#ch2026010615012"",""ArkUI接口新增仅支持Stage模型的约束"")",entry\src\main\ets\pages\ngf\HdsNavigationOfficialShowcasePage.ets:634,未修复,接口定义变更
declare class CommonMethod<T>,ArkTS,7.0.0(26) Beta1,ALL,"=HYPERLINK(""https://developer.huawei.com/consumer/cn/doc/harmonyos-releases/changelogs-for-all-apps-7001/#ch2026010615012"",""ArkUI接口新增仅支持Stage模型的约束"")",entry\src\main\ets\pages\ngf\HdsNavigationOfficialShowcasePage.ets:639,未修复,接口定义变更
declare class CommonMethod<T>,ArkTS,7.0.0(26) Beta1,ALL,"=HYPERLINK(""https://developer.huawei.com/consumer/cn/doc/harmonyos-releases/changelogs-for-all-apps-7001/#ch2026010615012"",""ArkUI接口新增仅支持Stage模型的约束"")",entry\src\main\ets\pages\ngf\HdsNavigationOfficialShowcasePage.ets:640,未修复,接口定义变更
declare class CommonMethod<T>,ArkTS,7.0.0(26) Beta1,ALL,"=HYPERLINK(""https://developer.huawei.com/consumer/cn/doc/harmonyos-releases/changelogs-for-all-apps-7001/#ch2026010615012"",""ArkUI接口新增仅支持Stage模型的约束"")",entry\src\main\ets\pages\ngf\HdsNavigationOfficialShowcasePage.ets:641,未修复,接口定义变更
declare class CommonMethod<T>,ArkTS,7.0.0(26) Beta1,ALL,"=HYPERLINK(""https://developer.huawei.com/consumer/cn/doc/harmonyos-releases/changelogs-for-all-apps-7001/#ch2026010615012"",""ArkUI接口新增仅支持Stage模型的约束"")",entry\src\main\ets\pages\ngf\HdsNavigationOfficialShowcasePage.ets:649,未修复,接口定义变更
declare class CommonMethod<T>,ArkTS,7.0.0(26) Beta1,ALL,"=HYPERLINK(""https://developer.huawei.com/consumer/cn/doc/harmonyos-releases/changelogs-for-all-apps-7001/#ch2026010615012"",""ArkUI接口新增仅支持Stage模型的约束"")",entry\src\main\ets\pages\ngf\HdsNavigationOfficialShowcasePage.ets:650,未修复,接口定义变更
declare class CommonMethod<T>,ArkTS,7.0.0(26) Beta1,ALL,"=HYPERLINK(""https://developer.huawei.com/consumer/cn/doc/harmonyos-releases/changelogs-for-all-apps-7001/#ch2026010615012"",""ArkUI接口新增仅支持Stage模型的约束"")",entry\src\main\ets\pages\ngf\HdsNavigationOfficialShowcasePage.ets:651,未修复,接口定义变更
declare class CommonMethod<T>,ArkTS,7.0.0(26) Beta1,ALL,"=HYPERLINK(""https://developer.huawei.com/consumer/cn/doc/harmonyos-releases/changelogs-for-all-apps-7001/#ch2026010615012"",""ArkUI接口新增仅支持Stage模型的约束"")",entry\src\main\ets\pages\ngf\HdsNavigationOfficialShowcasePage.ets:652,未修复,接口定义变更
declare class CommonMethod<T>,ArkTS,7.0.0(26) Beta1,ALL,"=HYPERLINK(""https://developer.huawei.com/consumer/cn/doc/harmonyos-releases/changelogs-for-all-apps-7001/#ch2026010615012"",""ArkUI接口新增仅支持Stage模型的约束"")",entry\src\main\ets\pages\ngf\HdsNavigationOfficialShowcasePage.ets:653,未修复,接口定义变更
declare class CommonMethod<T>,ArkTS,7.0.0(26) Beta1,ALL,"=HYPERLINK(""https://developer.huawei.com/consumer/cn/doc/harmonyos-releases/changelogs-for-all-apps-7001/#ch2026010615012"",""ArkUI接口新增仅支持Stage模型的约束"")",entry\src\main\ets\pages\ngf\HdsNavigationOfficialShowcasePage.ets:760,未修复,接口定义变更
declare class CommonMethod<T>,ArkTS,7.0.0(26) Beta1,ALL,"=HYPERLINK(""https://developer.huawei.com/consumer/cn/doc/harmonyos-releases/changelogs-for-all-apps-7001/#ch2026010615012"",""ArkUI接口新增仅支持Stage模型的约束"")",entry\src\main\ets\pages\ngf\HdsNavigationOfficialShowcasePage.ets:766,未修复,接口定义变更
declare class CommonMethod<T>,ArkTS,7.0.0(26) Beta1,ALL,"=HYPERLINK(""https://developer.huawei.com/consumer/cn/doc/harmonyos-releases/changelogs-for-all-apps-7001/#ch2026010615012"",""ArkUI接口新增仅支持Stage模型的约束"")",entry\src\main\ets\pages\ngf\HdsNavigationOfficialShowcasePage.ets:775,未修复,接口定义变更
declare class CommonMethod<T>,ArkTS,7.0.0(26) Beta1,ALL,"=HYPERLINK(""https://developer.huawei.com/consumer/cn/doc/harmonyos-releases/changelogs-for-all-apps-7001/#ch2026010615012"",""ArkUI接口新增仅支持Stage模型的约束"")",entry\src\main\ets\pages\ngf\HdsNavigationOfficialShowcasePage.ets:776,未修复,接口定义变更
declare class CommonMethod<T>,ArkTS,7.0.0(26) Beta1,ALL,"=HYPERLINK(""https://developer.huawei.com/consumer/cn/doc/harmonyos-releases/changelogs-for-all-apps-7001/#ch2026010615012"",""ArkUI接口新增仅支持Stage模型的约束"")",entry\src\main\ets\pages\ngf\HdsNavigationOfficialShowcasePage.ets:783,未修复,接口定义变更
declare class CommonMethod<T>,ArkTS,7.0.0(26) Beta1,ALL,"=HYPERLINK(""https://developer.huawei.com/consumer/cn/doc/harmonyos-releases/changelogs-for-all-apps-7001/#ch2026010615012"",""ArkUI接口新增仅支持Stage模型的约束"")",entry\src\main\ets\pages\ngf\HdsNavigationOfficialShowcasePage.ets:784,未修复,接口定义变更
declare class CommonMethod<T>,ArkTS,7.0.0(26) Beta1,ALL,"=HYPERLINK(""https://developer.huawei.com/consumer/cn/doc/harmonyos-releases/changelogs-for-all-apps-7001/#ch2026010615012"",""ArkUI接口新增仅支持Stage模型的约束"")",entry\src\main\ets\pages\ngf\HdsNavigationOfficialShowcasePage.ets:785,未修复,接口定义变更
declare class CommonMethod<T>,ArkTS,7.0.0(26) Beta1,ALL,"=HYPERLINK(""https://developer.huawei.com/consumer/cn/doc/harmonyos-releases/changelogs-for-all-apps-7001/#ch2026010615012"",""ArkUI接口新增仅支持Stage模型的约束"")",entry\src\main\ets\pages\ngf\HdsNavigationOfficialShowcasePage.ets:788,未修复,接口定义变更
declare class CommonMethod<T>,ArkTS,7.0.0(26) Beta1,ALL,"=HYPERLINK(""https://developer.huawei.com/consumer/cn/doc/harmonyos-releases/changelogs-for-all-apps-7001/#ch2026010615012"",""ArkUI接口新增仅支持Stage模型的约束"")",entry\src\main\ets\pages\ngf\HdsNavigationOfficialShowcasePage.ets:790,未修复,接口定义变更
declare class CommonMethod<T>,ArkTS,7.0.0(26) Beta1,ALL,"=HYPERLINK(""https://developer.huawei.com/consumer/cn/doc/harmonyos-releases/changelogs-for-all-apps-7001/#ch2026010615012"",""ArkUI接口新增仅支持Stage模型的约束"")",entry\src\main\ets\pages\ngf\HdsNavigationOfficialShowcasePage.ets:791,未修复,接口定义变更
declare class CommonMethod<T>,ArkTS,7.0.0(26) Beta1,ALL,"=HYPERLINK(""https://developer.huawei.com/consumer/cn/doc/harmonyos-releases/changelogs-for-all-apps-7001/#ch2026010615012"",""ArkUI接口新增仅支持Stage模型的约束"")",entry\src\main\ets\pages\ngf\HdsNavigationOfficialShowcasePage.ets:792,未修复,接口定义变更
declare class CommonMethod<T>,ArkTS,7.0.0(26) Beta1,ALL,"=HYPERLINK(""https://developer.huawei.com/consumer/cn/doc/harmonyos-releases/changelogs-for-all-apps-7001/#ch2026010615012"",""ArkUI接口新增仅支持Stage模型的约束"")",entry\src\main\ets\pages\ngf\HdsNavigationOfficialShowcasePage.ets:829,未修复,接口定义变更
declare class CommonMethod<T>,ArkTS,7.0.0(26) Beta1,ALL,"=HYPERLINK(""https://developer.huawei.com/consumer/cn/doc/harmonyos-releases/changelogs-for-all-apps-7001/#ch2026010615012"",""ArkUI接口新增仅支持Stage模型的约束"")",entry\src\main\ets\pages\ngf\HdsNavigationOfficialShowcasePage.ets:830,未修复,接口定义变更
declare class CommonMethod<T>,ArkTS,7.0.0(26) Beta1,ALL,"=HYPERLINK(""https://developer.huawei.com/consumer/cn/doc/harmonyos-releases/changelogs-for-all-apps-7001/#ch2026010615012"",""ArkUI接口新增仅支持Stage模型的约束"")",entry\src\main\ets\pages\ngf\HdsNavigationOfficialShowcasePage.ets:843,未修复,接口定义变更
declare class CommonMethod<T>,ArkTS,7.0.0(26) Beta1,ALL,"=HYPERLINK(""https://developer.huawei.com/consumer/cn/doc/harmonyos-releases/changelogs-for-all-apps-7001/#ch2026010615012"",""ArkUI接口新增仅支持Stage模型的约束"")",entry\src\main\ets\pages\ngf\HdsNavigationOfficialShowcasePage.ets:849,未修复,接口定义变更
declare class CommonMethod<T>,ArkTS,7.0.0(26) Beta1,ALL,"=HYPERLINK(""https://developer.huawei.com/consumer/cn/doc/harmonyos-releases/changelogs-for-all-apps-7001/#ch2026010615012"",""ArkUI接口新增仅支持Stage模型的约束"")",entry\src\main\ets\pages\ngf\HdsNavigationOfficialShowcasePage.ets:850,未修复,接口定义变更
declare class CommonMethod<T>,ArkTS,7.0.0(26) Beta1,ALL,"=HYPERLINK(""https://developer.huawei.com/consumer/cn/doc/harmonyos-releases/changelogs-for-all-apps-7001/#ch2026010615012"",""ArkUI接口新增仅支持Stage模型的约束"")",entry\src\main\ets\pages\ngf\HdsNavigationOfficialShowcasePage.ets:851,未修复,接口定义变更
declare class CommonMethod<T>,ArkTS,7.0.0(26) Beta1,ALL,"=HYPERLINK(""https://developer.huawei.com/consumer/cn/doc/harmonyos-releases/changelogs-for-all-apps-7001/#ch2026010615012"",""ArkUI接口新增仅支持Stage模型的约束"")",entry\src\main\ets\pages\ngf\HdsNavigationOfficialShowcasePage.ets:852,未修复,接口定义变更
declare class CommonMethod<T>,ArkTS,7.0.0(26) Beta1,ALL,"=HYPERLINK(""https://developer.huawei.com/consumer/cn/doc/harmonyos-releases/changelogs-for-all-apps-7001/#ch2026010615012"",""ArkUI接口新增仅支持Stage模型的约束"")",entry\src\main\ets\pages\ngf\HdsNavigationOfficialShowcasePage.ets:855,未修复,接口定义变更
declare class CommonMethod<T>,ArkTS,7.0.0(26) Beta1,ALL,"=HYPERLINK(""https://developer.huawei.com/consumer/cn/doc/harmonyos-releases/changelogs-for-all-apps-7001/#ch2026010615012"",""ArkUI接口新增仅支持Stage模型的约束"")",entry\src\main\ets\pages\ngf\HdsNavigationOfficialShowcasePage.ets:856,未修复,接口定义变更
declare class CommonMethod<T>,ArkTS,7.0.0(26) Beta1,ALL,"=HYPERLINK(""https://developer.huawei.com/consumer/cn/doc/harmonyos-releases/changelogs-for-all-apps-7001/#ch2026010615012"",""ArkUI接口新增仅支持Stage模型的约束"")",entry\src\main\ets\pages\ngf\HdsNavigationOfficialShowcasePage.ets:857,未修复,接口定义变更
declare class CommonMethod<T>,ArkTS,7.0.0(26) Beta1,ALL,"=HYPERLINK(""https://developer.huawei.com/consumer/cn/doc/harmonyos-releases/changelogs-for-all-apps-7001/#ch2026010615012"",""ArkUI接口新增仅支持Stage模型的约束"")",entry\src\main\ets\pages\ngf\HdsNavigationOfficialShowcasePage.ets:864,未修复,接口定义变更
declare class CommonMethod<T>,ArkTS,7.0.0(26) Beta1,ALL,"=HYPERLINK(""https://developer.huawei.com/consumer/cn/doc/harmonyos-releases/changelogs-for-all-apps-7001/#ch2026010615012"",""ArkUI接口新增仅支持Stage模型的约束"")",entry\src\main\ets\pages\ngf\HdsNavigationOfficialShowcasePage.ets:865,未修复,接口定义变更
declare class CommonMethod<T>,ArkTS,7.0.0(26) Beta1,ALL,"=HYPERLINK(""https://developer.huawei.com/consumer/cn/doc/harmonyos-releases/changelogs-for-all-apps-7001/#ch2026010615012"",""ArkUI接口新增仅支持Stage模型的约束"")",entry\src\main\ets\pages\ngf\HdsNavigationOfficialShowcasePage.ets:872,未修复,接口定义变更
declare class CommonMethod<T>,ArkTS,7.0.0(26) Beta1,ALL,"=HYPERLINK(""https://developer.huawei.com/consumer/cn/doc/harmonyos-releases/changelogs-for-all-apps-7001/#ch2026010615012"",""ArkUI接口新增仅支持Stage模型的约束"")",entry\src\main\ets\pages\ngf\HdsNavigationOfficialShowcasePage.ets:879,未修复,接口定义变更
declare class CommonMethod<T>,ArkTS,7.0.0(26) Beta1,ALL,"=HYPERLINK(""https://developer.huawei.com/consumer/cn/doc/harmonyos-releases/changelogs-for-all-apps-7001/#ch2026010615012"",""ArkUI接口新增仅支持Stage模型的约束"")",entry\src\main\ets\pages\ngf\HdsNavigationOfficialShowcasePage.ets:880,未修复,接口定义变更
declare class CommonMethod<T>,ArkTS,7.0.0(26) Beta1,ALL,"=HYPERLINK(""https://developer.huawei.com/consumer/cn/doc/harmonyos-releases/changelogs-for-all-apps-7001/#ch2026010615012"",""ArkUI接口新增仅支持Stage模型的约束"")",entry\src\main\ets\pages\ngf\HdsNavigationOfficialShowcasePage.ets:881,未修复,接口定义变更
declare class CommonMethod<T>,ArkTS,7.0.0(26) Beta1,ALL,"=HYPERLINK(""https://developer.huawei.com/consumer/cn/doc/harmonyos-releases/changelogs-for-all-apps-7001/#ch2026010615012"",""ArkUI接口新增仅支持Stage模型的约束"")",entry\src\main\ets\pages\ngf\HdsNavigationOfficialShowcasePage.ets:882,未修复,接口定义变更
declare class CommonMethod<T>,ArkTS,7.0.0(26) Beta1,ALL,"=HYPERLINK(""https://developer.huawei.com/consumer/cn/doc/harmonyos-releases/changelogs-for-all-apps-7001/#ch2026010615012"",""ArkUI接口新增仅支持Stage模型的约束"")",entry\src\main\ets\pages\ngf\HdsNavigationOfficialShowcasePage.ets:883,未修复,接口定义变更
declare class CommonMethod<T>,ArkTS,7.0.0(26) Beta1,ALL,"=HYPERLINK(""https://developer.huawei.com/consumer/cn/doc/harmonyos-releases/changelogs-for-all-apps-7001/#ch2026010615012"",""ArkUI接口新增仅支持Stage模型的约束"")",entry\src\main\ets\pages\ngf\HdsNavigationOfficialShowcasePage.ets:886,未修复,接口定义变更
declare class CommonMethod<T>,ArkTS,7.0.0(26) Beta1,ALL,"=HYPERLINK(""https://developer.huawei.com/consumer/cn/doc/harmonyos-releases/changelogs-for-all-apps-7001/#ch2026010615012"",""ArkUI接口新增仅支持Stage模型的约束"")",entry\src\main\ets\pages\ngf\HdsNavigationOfficialShowcasePage.ets:892,未修复,接口定义变更
declare class CommonMethod<T>,ArkTS,7.0.0(26) Beta1,ALL,"=HYPERLINK(""https://developer.huawei.com/consumer/cn/doc/harmonyos-releases/changelogs-for-all-apps-7001/#ch2026010615012"",""ArkUI接口新增仅支持Stage模型的约束"")",entry\src\main\ets\pages\ngf\HdsNavigationOfficialShowcasePage.ets:897,未修复,接口定义变更
declare class CommonMethod<T>,ArkTS,7.0.0(26) Beta1,ALL,"=HYPERLINK(""https://developer.huawei.com/consumer/cn/doc/harmonyos-releases/changelogs-for-all-apps-7001/#ch2026010615012"",""ArkUI接口新增仅支持Stage模型的约束"")",entry\src\main\ets\pages\ngf\HdsNavigationOfficialShowcasePage.ets:898,未修复,接口定义变更
declare class CommonMethod<T>,ArkTS,7.0.0(26) Beta1,ALL,"=HYPERLINK(""https://developer.huawei.com/consumer/cn/doc/harmonyos-releases/changelogs-for-all-apps-7001/#ch2026010615012"",""ArkUI接口新增仅支持Stage模型的约束"")",entry\src\main\ets\pages\ngf\HdsNavigationOfficialShowcasePage.ets:899,未修复,接口定义变更
declare class CommonMethod<T>,ArkTS,7.0.0(26) Beta1,ALL,"=HYPERLINK(""https://developer.huawei.com/consumer/cn/doc/harmonyos-releases/changelogs-for-all-apps-7001/#ch2026010615012"",""ArkUI接口新增仅支持Stage模型的约束"")",entry\src\main\ets\pages\ngf\HdsNavigationOfficialShowcasePage.ets:906,未修复,接口定义变更
declare class CommonMethod<T>,ArkTS,7.0.0(26) Beta1,ALL,"=HYPERLINK(""https://developer.huawei.com/consumer/cn/doc/harmonyos-releases/changelogs-for-all-apps-7001/#ch2026010615012"",""ArkUI接口新增仅支持Stage模型的约束"")",entry\src\main\ets\pages\ngf\HdsNavigationOfficialShowcasePage.ets:907,未修复,接口定义变更
declare class CommonMethod<T>,ArkTS,7.0.0(26) Beta1,ALL,"=HYPERLINK(""https://developer.huawei.com/consumer/cn/doc/harmonyos-releases/changelogs-for-all-apps-7001/#ch2026010615012"",""ArkUI接口新增仅支持Stage模型的约束"")",entry\src\main\ets\pages\ngf\HdsNavigationOfficialShowcasePage.ets:908,未修复,接口定义变更
declare class CommonMethod<T>,ArkTS,7.0.0(26) Beta1,ALL,"=HYPERLINK(""https://developer.huawei.com/consumer/cn/doc/harmonyos-releases/changelogs-for-all-apps-7001/#ch2026010615012"",""ArkUI接口新增仅支持Stage模型的约束"")",entry\src\main\ets\pages\ngf\HdsNavigationOfficialShowcasePage.ets:909,未修复,接口定义变更
declare class CommonMethod<T>,ArkTS,7.0.0(26) Beta1,ALL,"=HYPERLINK(""https://developer.huawei.com/consumer/cn/doc/harmonyos-releases/changelogs-for-all-apps-7001/#ch2026010615012"",""ArkUI接口新增仅支持Stage模型的约束"")",entry\src\main\ets\pages\ngf\HdsNavigationOfficialShowcasePage.ets:910,未修复,接口定义变更
declare class CommonMethod<T>,ArkTS,7.0.0(26) Beta1,ALL,"=HYPERLINK(""https://developer.huawei.com/consumer/cn/doc/harmonyos-releases/changelogs-for-all-apps-7001/#ch2026010615012"",""ArkUI接口新增仅支持Stage模型的约束"")",entry\src\main\ets\pages\ngf\HdsNavigationOfficialShowcasePage.ets:911,未修复,接口定义变更
declare class CommonMethod<T>,ArkTS,7.0.0(26) Beta1,ALL,"=HYPERLINK(""https://developer.huawei.com/consumer/cn/doc/harmonyos-releases/changelogs-for-all-apps-7001/#ch2026010615012"",""ArkUI接口新增仅支持Stage模型的约束"")",entry\src\main\ets\pages\ngf\HdsNavigationOfficialShowcasePage.ets:912,未修复,接口定义变更
declare class CommonMethod<T>,ArkTS,7.0.0(26) Beta1,ALL,"=HYPERLINK(""https://developer.huawei.com/consumer/cn/doc/harmonyos-releases/changelogs-for-all-apps-7001/#ch2026010615012"",""ArkUI接口新增仅支持Stage模型的约束"")",entry\src\main\ets\pages\ngf\HdsNavigationOfficialShowcasePage.ets:913,未修复,接口定义变更
declare class CommonMethod<T>,ArkTS,7.0.0(26) Beta1,ALL,"=HYPERLINK(""https://developer.huawei.com/consumer/cn/doc/harmonyos-releases/changelogs-for-all-apps-7001/#ch2026010615012"",""ArkUI接口新增仅支持Stage模型的约束"")",entry\src\main\ets\pages\ngf\HdsNavigationOfficialShowcasePage.ets:917,未修复,接口定义变更
declare class CommonMethod<T>,ArkTS,7.0.0(26) Beta1,ALL,"=HYPERLINK(""https://developer.huawei.com/consumer/cn/doc/harmonyos-releases/changelogs-for-all-apps-7001/#ch2026010615012"",""ArkUI接口新增仅支持Stage模型的约束"")",entry\src\main\ets\pages\ngf\HdsNavigationOfficialShowcasePage.ets:936,未修复,接口定义变更
declare class CommonMethod<T>,ArkTS,7.0.0(26) Beta1,ALL,"=HYPERLINK(""https://developer.huawei.com/consumer/cn/doc/harmonyos-releases/changelogs-for-all-apps-7001/#ch2026010615012"",""ArkUI接口新增仅支持Stage模型的约束"")",entry\src\main\ets\pages\ngf\HdsNavigationOfficialShowcasePage.ets:943,未修复,接口定义变更
declare class CommonMethod<T>,ArkTS,7.0.0(26) Beta1,ALL,"=HYPERLINK(""https://developer.huawei.com/consumer/cn/doc/harmonyos-releases/changelogs-for-all-apps-7001/#ch2026010615012"",""ArkUI接口新增仅支持Stage模型的约束"")",entry\src\main\ets\pages\ngf\HdsNavigationOfficialShowcasePage.ets:948,未修复,接口定义变更
declare class CommonMethod<T>,ArkTS,7.0.0(26) Beta1,ALL,"=HYPERLINK(""https://developer.huawei.com/consumer/cn/doc/harmonyos-releases/changelogs-for-all-apps-7001/#ch2026010615012"",""ArkUI接口新增仅支持Stage模型的约束"")",entry\src\main\ets\pages\ngf\HdsNavigationOfficialShowcasePage.ets:954,未修复,接口定义变更
declare class CommonMethod<T>,ArkTS,7.0.0(26) Beta1,ALL,"=HYPERLINK(""https://developer.huawei.com/consumer/cn/doc/harmonyos-releases/changelogs-for-all-apps-7001/#ch2026010615012"",""ArkUI接口新增仅支持Stage模型的约束"")",entry\src\main\ets\pages\ngf\MainMenuPage.ets:1024,未修复,接口定义变更
declare class CommonMethod<T>,ArkTS,7.0.0(26) Beta1,ALL,"=HYPERLINK(""https://developer.huawei.com/consumer/cn/doc/harmonyos-releases/changelogs-for-all-apps-7001/#ch2026010615012"",""ArkUI接口新增仅支持Stage模型的约束"")",entry\src\main\ets\pages\ngf\MainMenuPage.ets:1025,未修复,接口定义变更
declare class CommonMethod<T>,ArkTS,7.0.0(26) Beta1,ALL,"=HYPERLINK(""https://developer.huawei.com/consumer/cn/doc/harmonyos-releases/changelogs-for-all-apps-7001/#ch2026010615012"",""ArkUI接口新增仅支持Stage模型的约束"")",entry\src\main\ets\pages\ngf\MainMenuPage.ets:1027,未修复,接口定义变更
declare class CommonMethod<T>,ArkTS,7.0.0(26) Beta1,ALL,"=HYPERLINK(""https://developer.huawei.com/consumer/cn/doc/harmonyos-releases/changelogs-for-all-apps-7001/#ch2026010615012"",""ArkUI接口新增仅支持Stage模型的约束"")",entry\src\main\ets\pages\ngf\MainMenuPage.ets:1030,未修复,接口定义变更
declare class CommonMethod<T>,ArkTS,7.0.0(26) Beta1,ALL,"=HYPERLINK(""https://developer.huawei.com/consumer/cn/doc/harmonyos-releases/changelogs-for-all-apps-7001/#ch2026010615012"",""ArkUI接口新增仅支持Stage模型的约束"")",entry\src\main\ets\pages\ngf\MainMenuPage.ets:1031,未修复,接口定义变更
declare class CommonMethod<T>,ArkTS,7.0.0(26) Beta1,ALL,"=HYPERLINK(""https://developer.huawei.com/consumer/cn/doc/harmonyos-releases/changelogs-for-all-apps-7001/#ch2026010615012"",""ArkUI接口新增仅支持Stage模型的约束"")",entry\src\main\ets\pages\ngf\MainMenuPage.ets:1032,未修复,接口定义变更
declare class CommonMethod<T>,ArkTS,7.0.0(26) Beta1,ALL,"=HYPERLINK(""https://developer.huawei.com/consumer/cn/doc/harmonyos-releases/changelogs-for-all-apps-7001/#ch2026010615012"",""ArkUI接口新增仅支持Stage模型的约束"")",entry\src\main\ets\pages\ngf\MainMenuPage.ets:1049,未修复,接口定义变更
declare class CommonMethod<T>,ArkTS,7.0.0(26) Beta1,ALL,"=HYPERLINK(""https://developer.huawei.com/consumer/cn/doc/harmonyos-releases/changelogs-for-all-apps-7001/#ch2026010615012"",""ArkUI接口新增仅支持Stage模型的约束"")",entry\src\main\ets\pages\ngf\MainMenuPage.ets:1050,未修复,接口定义变更
declare class CommonMethod<T>,ArkTS,7.0.0(26) Beta1,ALL,"=HYPERLINK(""https://developer.huawei.com/consumer/cn/doc/harmonyos-releases/changelogs-for-all-apps-7001/#ch2026010615012"",""ArkUI接口新增仅支持Stage模型的约束"")",entry\src\main\ets\pages\ngf\MainMenuPage.ets:1051,未修复,接口定义变更
declare class CommonMethod<T>,ArkTS,7.0.0(26) Beta1,ALL,"=HYPERLINK(""https://developer.huawei.com/consumer/cn/doc/harmonyos-releases/changelogs-for-all-apps-7001/#ch2026010615012"",""ArkUI接口新增仅支持Stage模型的约束"")",entry\src\main\ets\pages\ngf\MainMenuPage.ets:1062,未修复,接口定义变更
declare class CommonMethod<T>,ArkTS,7.0.0(26) Beta1,ALL,"=HYPERLINK(""https://developer.huawei.com/consumer/cn/doc/harmonyos-releases/changelogs-for-all-apps-7001/#ch2026010615012"",""ArkUI接口新增仅支持Stage模型的约束"")",entry\src\main\ets\pages\ngf\MainMenuPage.ets:1063,未修复,接口定义变更
declare class CommonMethod<T>,ArkTS,7.0.0(26) Beta1,ALL,"=HYPERLINK(""https://developer.huawei.com/consumer/cn/doc/harmonyos-releases/changelogs-for-all-apps-7001/#ch2026010615012"",""ArkUI接口新增仅支持Stage模型的约束"")",entry\src\main\ets\pages\ngf\MainMenuPage.ets:1064,未修复,接口定义变更
declare class CommonMethod<T>,ArkTS,7.0.0(26) Beta1,ALL,"=HYPERLINK(""https://developer.huawei.com/consumer/cn/doc/harmonyos-releases/changelogs-for-all-apps-7001/#ch2026010615012"",""ArkUI接口新增仅支持Stage模型的约束"")",entry\src\main\ets\pages\ngf\MainMenuPage.ets:1065,未修复,接口定义变更
declare class CommonMethod<T>,ArkTS,7.0.0(26) Beta1,ALL,"=HYPERLINK(""https://developer.huawei.com/consumer/cn/doc/harmonyos-releases/changelogs-for-all-apps-7001/#ch2026010615012"",""ArkUI接口新增仅支持Stage模型的约束"")",entry\src\main\ets\pages\ngf\MainMenuPage.ets:1066,未修复,接口定义变更
declare class CommonMethod<T>,ArkTS,7.0.0(26) Beta1,ALL,"=HYPERLINK(""https://developer.huawei.com/consumer/cn/doc/harmonyos-releases/changelogs-for-all-apps-7001/#ch2026010615012"",""ArkUI接口新增仅支持Stage模型的约束"")",entry\src\main\ets\pages\ngf\MainMenuPage.ets:1067,未修复,接口定义变更
declare class CommonMethod<T>,ArkTS,7.0.0(26) Beta1,ALL,"=HYPERLINK(""https://developer.huawei.com/consumer/cn/doc/harmonyos-releases/changelogs-for-all-apps-7001/#ch2026010615012"",""ArkUI接口新增仅支持Stage模型的约束"")",entry\src\main\ets\pages\ngf\MainMenuPage.ets:1068,未修复,接口定义变更
declare class CommonMethod<T>,ArkTS,7.0.0(26) Beta1,ALL,"=HYPERLINK(""https://developer.huawei.com/consumer/cn/doc/harmonyos-releases/changelogs-for-all-apps-7001/#ch2026010615012"",""ArkUI接口新增仅支持Stage模型的约束"")",entry\src\main\ets\pages\ngf\MainMenuPage.ets:1071,未修复,接口定义变更
declare class CommonMethod<T>,ArkTS,7.0.0(26) Beta1,ALL,"=HYPERLINK(""https://developer.huawei.com/consumer/cn/doc/harmonyos-releases/changelogs-for-all-apps-7001/#ch2026010615012"",""ArkUI接口新增仅支持Stage模型的约束"")",entry\src\main\ets\pages\ngf\MainMenuPage.ets:1072,未修复,接口定义变更
declare class CommonMethod<T>,ArkTS,7.0.0(26) Beta1,ALL,"=HYPERLINK(""https://developer.huawei.com/consumer/cn/doc/harmonyos-releases/changelogs-for-all-apps-7001/#ch2026010615012"",""ArkUI接口新增仅支持Stage模型的约束"")",entry\src\main\ets\pages\ngf\MainMenuPage.ets:1073,未修复,接口定义变更
declare class CommonMethod<T>,ArkTS,7.0.0(26) Beta1,ALL,"=HYPERLINK(""https://developer.huawei.com/consumer/cn/doc/harmonyos-releases/changelogs-for-all-apps-7001/#ch2026010615012"",""ArkUI接口新增仅支持Stage模型的约束"")",entry\src\main\ets\pages\ngf\MainMenuPage.ets:1074,未修复,接口定义变更
declare class CommonMethod<T>,ArkTS,7.0.0(26) Beta1,ALL,"=HYPERLINK(""https://developer.huawei.com/consumer/cn/doc/harmonyos-releases/changelogs-for-all-apps-7001/#ch2026010615012"",""ArkUI接口新增仅支持Stage模型的约束"")",entry\src\main\ets\pages\ngf\MainMenuPage.ets:1075,未修复,接口定义变更
declare class CommonMethod<T>,ArkTS,7.0.0(26) Beta1,ALL,"=HYPERLINK(""https://developer.huawei.com/consumer/cn/doc/harmonyos-releases/changelogs-for-all-apps-7001/#ch2026010615012"",""ArkUI接口新增仅支持Stage模型的约束"")",entry\src\main\ets\pages\ngf\MainMenuPage.ets:1076,未修复,接口定义变更
declare class CommonMethod<T>,ArkTS,7.0.0(26) Beta1,ALL,"=HYPERLINK(""https://developer.huawei.com/consumer/cn/doc/harmonyos-releases/changelogs-for-all-apps-7001/#ch2026010615012"",""ArkUI接口新增仅支持Stage模型的约束"")",entry\src\main\ets\pages\ngf\MainMenuPage.ets:1077,未修复,接口定义变更
declare class CommonMethod<T>,ArkTS,7.0.0(26) Beta1,ALL,"=HYPERLINK(""https://developer.huawei.com/consumer/cn/doc/harmonyos-releases/changelogs-for-all-apps-7001/#ch2026010615012"",""ArkUI接口新增仅支持Stage模型的约束"")",entry\src\main\ets\pages\ngf\MainMenuPage.ets:1080,未修复,接口定义变更
declare class CommonMethod<T>,ArkTS,7.0.0(26) Beta1,ALL,"=HYPERLINK(""https://developer.huawei.com/consumer/cn/doc/harmonyos-releases/changelogs-for-all-apps-7001/#ch2026010615012"",""ArkUI接口新增仅支持Stage模型的约束"")",entry\src\main\ets\pages\ngf\MainMenuPage.ets:1081,未修复,接口定义变更
declare class CommonMethod<T>,ArkTS,7.0.0(26) Beta1,ALL,"=HYPERLINK(""https://developer.huawei.com/consumer/cn/doc/harmonyos-releases/changelogs-for-all-apps-7001/#ch2026010615012"",""ArkUI接口新增仅支持Stage模型的约束"")",entry\src\main\ets\pages\ngf\MainMenuPage.ets:1082,未修复,接口定义变更
declare class CommonMethod<T>,ArkTS,7.0.0(26) Beta1,ALL,"=HYPERLINK(""https://developer.huawei.com/consumer/cn/doc/harmonyos-releases/changelogs-for-all-apps-7001/#ch2026010615012"",""ArkUI接口新增仅支持Stage模型的约束"")",entry\src\main\ets\pages\ngf\MainMenuPage.ets:1083,未修复,接口定义变更
declare class CommonMethod<T>,ArkTS,7.0.0(26) Beta1,ALL,"=HYPERLINK(""https://developer.huawei.com/consumer/cn/doc/harmonyos-releases/changelogs-for-all-apps-7001/#ch2026010615012"",""ArkUI接口新增仅支持Stage模型的约束"")",entry\src\main\ets\pages\ngf\MainMenuPage.ets:1084,未修复,接口定义变更
declare class CommonMethod<T>,ArkTS,7.0.0(26) Beta1,ALL,"=HYPERLINK(""https://developer.huawei.com/consumer/cn/doc/harmonyos-releases/changelogs-for-all-apps-7001/#ch2026010615012"",""ArkUI接口新增仅支持Stage模型的约束"")",entry\src\main\ets\pages\ngf\MainMenuPage.ets:1087,未修复,接口定义变更
declare class CommonMethod<T>,ArkTS,7.0.0(26) Beta1,ALL,"=HYPERLINK(""https://developer.huawei.com/consumer/cn/doc/harmonyos-releases/changelogs-for-all-apps-7001/#ch2026010615012"",""ArkUI接口新增仅支持Stage模型的约束"")",entry\src\main\ets\pages\ngf\MainMenuPage.ets:1088,未修复,接口定义变更
declare class CommonMethod<T>,ArkTS,7.0.0(26) Beta1,ALL,"=HYPERLINK(""https://developer.huawei.com/consumer/cn/doc/harmonyos-releases/changelogs-for-all-apps-7001/#ch2026010615012"",""ArkUI接口新增仅支持Stage模型的约束"")",entry\src\main\ets\pages\ngf\MainMenuPage.ets:1089,未修复,接口定义变更
declare class CommonMethod<T>,ArkTS,7.0.0(26) Beta1,ALL,"=HYPERLINK(""https://developer.huawei.com/consumer/cn/doc/harmonyos-releases/changelogs-for-all-apps-7001/#ch2026010615012"",""ArkUI接口新增仅支持Stage模型的约束"")",entry\src\main\ets\pages\ngf\MainMenuPage.ets:1090,未修复,接口定义变更
declare class CommonMethod<T>,ArkTS,7.0.0(26) Beta1,ALL,"=HYPERLINK(""https://developer.huawei.com/consumer/cn/doc/harmonyos-releases/changelogs-for-all-apps-7001/#ch2026010615012"",""ArkUI接口新增仅支持Stage模型的约束"")",entry\src\main\ets\pages\ngf\MainMenuPage.ets:1092,未修复,接口定义变更
declare class CommonMethod<T>,ArkTS,7.0.0(26) Beta1,ALL,"=HYPERLINK(""https://developer.huawei.com/consumer/cn/doc/harmonyos-releases/changelogs-for-all-apps-7001/#ch2026010615012"",""ArkUI接口新增仅支持Stage模型的约束"")",entry\src\main\ets\pages\ngf\MainMenuPage.ets:1093,未修复,接口定义变更
declare class CommonMethod<T>,ArkTS,7.0.0(26) Beta1,ALL,"=HYPERLINK(""https://developer.huawei.com/consumer/cn/doc/harmonyos-releases/changelogs-for-all-apps-7001/#ch2026010615012"",""ArkUI接口新增仅支持Stage模型的约束"")",entry\src\main\ets\pages\ngf\MainMenuPage.ets:1094,未修复,接口定义变更
declare class CommonMethod<T>,ArkTS,7.0.0(26) Beta1,ALL,"=HYPERLINK(""https://developer.huawei.com/consumer/cn/doc/harmonyos-releases/changelogs-for-all-apps-7001/#ch2026010615012"",""ArkUI接口新增仅支持Stage模型的约束"")",entry\src\main\ets\pages\ngf\MainMenuPage.ets:1146,未修复,接口定义变更
declare class CommonMethod<T>,ArkTS,7.0.0(26) Beta1,ALL,"=HYPERLINK(""https://developer.huawei.com/consumer/cn/doc/harmonyos-releases/changelogs-for-all-apps-7001/#ch2026010615012"",""ArkUI接口新增仅支持Stage模型的约束"")",entry\src\main\ets\pages\ngf\MainMenuPage.ets:1147,未修复,接口定义变更
declare class CommonMethod<T>,ArkTS,7.0.0(26) Beta1,ALL,"=HYPERLINK(""https://developer.huawei.com/consumer/cn/doc/harmonyos-releases/changelogs-for-all-apps-7001/#ch2026010615012"",""ArkUI接口新增仅支持Stage模型的约束"")",entry\src\main\ets\pages\ngf\MainMenuPage.ets:1169,未修复,接口定义变更
declare class CommonMethod<T>,ArkTS,7.0.0(26) Beta1,ALL,"=HYPERLINK(""https://developer.huawei.com/consumer/cn/doc/harmonyos-releases/changelogs-for-all-apps-7001/#ch2026010615012"",""ArkUI接口新增仅支持Stage模型的约束"")",entry\src\main\ets\pages\ngf\MainMenuPage.ets:1170,未修复,接口定义变更
declare class CommonMethod<T>,ArkTS,7.0.0(26) Beta1,ALL,"=HYPERLINK(""https://developer.huawei.com/consumer/cn/doc/harmonyos-releases/changelogs-for-all-apps-7001/#ch2026010615012"",""ArkUI接口新增仅支持Stage模型的约束"")",entry\src\main\ets\pages\ngf\MainMenuPage.ets:1171,未修复,接口定义变更
declare class CommonMethod<T>,ArkTS,7.0.0(26) Beta1,ALL,"=HYPERLINK(""https://developer.huawei.com/consumer/cn/doc/harmonyos-releases/changelogs-for-all-apps-7001/#ch2026010615012"",""ArkUI接口新增仅支持Stage模型的约束"")",entry\src\main\ets\pages\ngf\MainMenuPage.ets:1180,未修复,接口定义变更
declare class CommonMethod<T>,ArkTS,7.0.0(26) Beta1,ALL,"=HYPERLINK(""https://developer.huawei.com/consumer/cn/doc/harmonyos-releases/changelogs-for-all-apps-7001/#ch2026010615012"",""ArkUI接口新增仅支持Stage模型的约束"")",entry\src\main\ets\pages\ngf\MainMenuPage.ets:1181,未修复,接口定义变更
declare class CommonMethod<T>,ArkTS,7.0.0(26) Beta1,ALL,"=HYPERLINK(""https://developer.huawei.com/consumer/cn/doc/harmonyos-releases/changelogs-for-all-apps-7001/#ch2026010615012"",""ArkUI接口新增仅支持Stage模型的约束"")",entry\src\main\ets\pages\ngf\MainMenuPage.ets:1184,未修复,接口定义变更
declare class CommonMethod<T>,ArkTS,7.0.0(26) Beta1,ALL,"=HYPERLINK(""https://developer.huawei.com/consumer/cn/doc/harmonyos-releases/changelogs-for-all-apps-7001/#ch2026010615012"",""ArkUI接口新增仅支持Stage模型的约束"")",entry\src\main\ets\pages\ngf\MainMenuPage.ets:1185,未修复,接口定义变更
declare class CommonMethod<T>,ArkTS,7.0.0(26) Beta1,ALL,"=HYPERLINK(""https://developer.huawei.com/consumer/cn/doc/harmonyos-releases/changelogs-for-all-apps-7001/#ch2026010615012"",""ArkUI接口新增仅支持Stage模型的约束"")",entry\src\main\ets\pages\ngf\MainMenuPage.ets:1186,未修复,接口定义变更
declare class CommonMethod<T>,ArkTS,7.0.0(26) Beta1,ALL,"=HYPERLINK(""https://developer.huawei.com/consumer/cn/doc/harmonyos-releases/changelogs-for-all-apps-7001/#ch2026010615012"",""ArkUI接口新增仅支持Stage模型的约束"")",entry\src\main\ets\pages\ngf\MainMenuPage.ets:1187,未修复,接口定义变更
declare class CommonMethod<T>,ArkTS,7.0.0(26) Beta1,ALL,"=HYPERLINK(""https://developer.huawei.com/consumer/cn/doc/harmonyos-releases/changelogs-for-all-apps-7001/#ch2026010615012"",""ArkUI接口新增仅支持Stage模型的约束"")",entry\src\main\ets\pages\ngf\MainMenuPage.ets:1188,未修复,接口定义变更
declare class CommonMethod<T>,ArkTS,7.0.0(26) Beta1,ALL,"=HYPERLINK(""https://developer.huawei.com/consumer/cn/doc/harmonyos-releases/changelogs-for-all-apps-7001/#ch2026010615012"",""ArkUI接口新增仅支持Stage模型的约束"")",entry\src\main\ets\pages\ngf\MainMenuPage.ets:1189,未修复,接口定义变更
declare class CommonMethod<T>,ArkTS,7.0.0(26) Beta1,ALL,"=HYPERLINK(""https://developer.huawei.com/consumer/cn/doc/harmonyos-releases/changelogs-for-all-apps-7001/#ch2026010615012"",""ArkUI接口新增仅支持Stage模型的约束"")",entry\src\main\ets\pages\ngf\MainMenuPage.ets:1190,未修复,接口定义变更
declare class CommonMethod<T>,ArkTS,7.0.0(26) Beta1,ALL,"=HYPERLINK(""https://developer.huawei.com/consumer/cn/doc/harmonyos-releases/changelogs-for-all-apps-7001/#ch2026010615012"",""ArkUI接口新增仅支持Stage模型的约束"")",entry\src\main\ets\pages\ngf\MainMenuPage.ets:1193,未修复,接口定义变更
declare class CommonMethod<T>,ArkTS,7.0.0(26) Beta1,ALL,"=HYPERLINK(""https://developer.huawei.com/consumer/cn/doc/harmonyos-releases/changelogs-for-all-apps-7001/#ch2026010615012"",""ArkUI接口新增仅支持Stage模型的约束"")",entry\src\main\ets\pages\ngf\MainMenuPage.ets:1194,未修复,接口定义变更
declare class CommonMethod<T>,ArkTS,7.0.0(26) Beta1,ALL,"=HYPERLINK(""https://developer.huawei.com/consumer/cn/doc/harmonyos-releases/changelogs-for-all-apps-7001/#ch2026010615012"",""ArkUI接口新增仅支持Stage模型的约束"")",entry\src\main\ets\pages\ngf\MainMenuPage.ets:1195,未修复,接口定义变更
declare class CommonMethod<T>,ArkTS,7.0.0(26) Beta1,ALL,"=HYPERLINK(""https://developer.huawei.com/consumer/cn/doc/harmonyos-releases/changelogs-for-all-apps-7001/#ch2026010615012"",""ArkUI接口新增仅支持Stage模型的约束"")",entry\src\main\ets\pages\ngf\MainMenuPage.ets:1196,未修复,接口定义变更
declare class CommonMethod<T>,ArkTS,7.0.0(26) Beta1,ALL,"=HYPERLINK(""https://developer.huawei.com/consumer/cn/doc/harmonyos-releases/changelogs-for-all-apps-7001/#ch2026010615012"",""ArkUI接口新增仅支持Stage模型的约束"")",entry\src\main\ets\pages\ngf\MainMenuPage.ets:1197,未修复,接口定义变更
declare class CommonMethod<T>,ArkTS,7.0.0(26) Beta1,ALL,"=HYPERLINK(""https://developer.huawei.com/consumer/cn/doc/harmonyos-releases/changelogs-for-all-apps-7001/#ch2026010615012"",""ArkUI接口新增仅支持Stage模型的约束"")",entry\src\main\ets\pages\ngf\MainMenuPage.ets:1198,未修复,接口定义变更
declare class CommonMethod<T>,ArkTS,7.0.0(26) Beta1,ALL,"=HYPERLINK(""https://developer.huawei.com/consumer/cn/doc/harmonyos-releases/changelogs-for-all-apps-7001/#ch2026010615012"",""ArkUI接口新增仅支持Stage模型的约束"")",entry\src\main\ets\pages\ngf\MainMenuPage.ets:1199,未修复,接口定义变更
declare class CommonMethod<T>,ArkTS,7.0.0(26) Beta1,ALL,"=HYPERLINK(""https://developer.huawei.com/consumer/cn/doc/harmonyos-releases/changelogs-for-all-apps-7001/#ch2026010615012"",""ArkUI接口新增仅支持Stage模型的约束"")",entry\src\main\ets\pages\ngf\MainMenuPage.ets:1202,未修复,接口定义变更
declare class CommonMethod<T>,ArkTS,7.0.0(26) Beta1,ALL,"=HYPERLINK(""https://developer.huawei.com/consumer/cn/doc/harmonyos-releases/changelogs-for-all-apps-7001/#ch2026010615012"",""ArkUI接口新增仅支持Stage模型的约束"")",entry\src\main\ets\pages\ngf\MainMenuPage.ets:1203,未修复,接口定义变更
declare class CommonMethod<T>,ArkTS,7.0.0(26) Beta1,ALL,"=HYPERLINK(""https://developer.huawei.com/consumer/cn/doc/harmonyos-releases/changelogs-for-all-apps-7001/#ch2026010615012"",""ArkUI接口新增仅支持Stage模型的约束"")",entry\src\main\ets\pages\ngf\MainMenuPage.ets:1204,未修复,接口定义变更
declare class CommonMethod<T>,ArkTS,7.0.0(26) Beta1,ALL,"=HYPERLINK(""https://developer.huawei.com/consumer/cn/doc/harmonyos-releases/changelogs-for-all-apps-7001/#ch2026010615012"",""ArkUI接口新增仅支持Stage模型的约束"")",entry\src\main\ets\pages\ngf\MainMenuPage.ets:1205,未修复,接口定义变更
declare class CommonMethod<T>,ArkTS,7.0.0(26) Beta1,ALL,"=HYPERLINK(""https://developer.huawei.com/consumer/cn/doc/harmonyos-releases/changelogs-for-all-apps-7001/#ch2026010615012"",""ArkUI接口新增仅支持Stage模型的约束"")",entry\src\main\ets\pages\ngf\MainMenuPage.ets:1206,未修复,接口定义变更
declare class CommonMethod<T>,ArkTS,7.0.0(26) Beta1,ALL,"=HYPERLINK(""https://developer.huawei.com/consumer/cn/doc/harmonyos-releases/changelogs-for-all-apps-7001/#ch2026010615012"",""ArkUI接口新增仅支持Stage模型的约束"")",entry\src\main\ets\pages\ngf\MainMenuPage.ets:1226,未修复,接口定义变更
declare class CommonMethod<T>,ArkTS,7.0.0(26) Beta1,ALL,"=HYPERLINK(""https://developer.huawei.com/consumer/cn/doc/harmonyos-releases/changelogs-for-all-apps-7001/#ch2026010615012"",""ArkUI接口新增仅支持Stage模型的约束"")",entry\src\main\ets\pages\ngf\MainMenuPage.ets:1232,未修复,接口定义变更
declare class CommonMethod<T>,ArkTS,7.0.0(26) Beta1,ALL,"=HYPERLINK(""https://developer.huawei.com/consumer/cn/doc/harmonyos-releases/changelogs-for-all-apps-7001/#ch2026010615012"",""ArkUI接口新增仅支持Stage模型的约束"")",entry\src\main\ets\pages\ngf\MainMenuPage.ets:1234,未修复,接口定义变更
declare class CommonMethod<T>,ArkTS,7.0.0(26) Beta1,ALL,"=HYPERLINK(""https://developer.huawei.com/consumer/cn/doc/harmonyos-releases/changelogs-for-all-apps-7001/#ch2026010615012"",""ArkUI接口新增仅支持Stage模型的约束"")",entry\src\main\ets\pages\ngf\MainMenuPage.ets:1236,未修复,接口定义变更
declare class CommonMethod<T>,ArkTS,7.0.0(26) Beta1,ALL,"=HYPERLINK(""https://developer.huawei.com/consumer/cn/doc/harmonyos-releases/changelogs-for-all-apps-7001/#ch2026010615012"",""ArkUI接口新增仅支持Stage模型的约束"")",entry\src\main\ets\pages\ngf\MainMenuPage.ets:1237,未修复,接口定义变更
declare class CommonMethod<T>,ArkTS,7.0.0(26) Beta1,ALL,"=HYPERLINK(""https://developer.huawei.com/consumer/cn/doc/harmonyos-releases/changelogs-for-all-apps-7001/#ch2026010615012"",""ArkUI接口新增仅支持Stage模型的约束"")",entry\src\main\ets\pages\ngf\MainMenuPage.ets:1239,未修复,接口定义变更
declare class CommonMethod<T>,ArkTS,7.0.0(26) Beta1,ALL,"=HYPERLINK(""https://developer.huawei.com/consumer/cn/doc/harmonyos-releases/changelogs-for-all-apps-7001/#ch2026010615012"",""ArkUI接口新增仅支持Stage模型的约束"")",entry\src\main\ets\pages\ngf\MainMenuPage.ets:1240,未修复,接口定义变更
declare class CommonMethod<T>,ArkTS,7.0.0(26) Beta1,ALL,"=HYPERLINK(""https://developer.huawei.com/consumer/cn/doc/harmonyos-releases/changelogs-for-all-apps-7001/#ch2026010615012"",""ArkUI接口新增仅支持Stage模型的约束"")",entry\src\main\ets\pages\ngf\MainMenuPage.ets:1241,未修复,接口定义变更
declare class CommonMethod<T>,ArkTS,7.0.0(26) Beta1,ALL,"=HYPERLINK(""https://developer.huawei.com/consumer/cn/doc/harmonyos-releases/changelogs-for-all-apps-7001/#ch2026010615012"",""ArkUI接口新增仅支持Stage模型的约束"")",entry\src\main\ets\pages\ngf\MainMenuPage.ets:1242,未修复,接口定义变更
declare class CommonMethod<T>,ArkTS,7.0.0(26) Beta1,ALL,"=HYPERLINK(""https://developer.huawei.com/consumer/cn/doc/harmonyos-releases/changelogs-for-all-apps-7001/#ch2026010615012"",""ArkUI接口新增仅支持Stage模型的约束"")",entry\src\main\ets\pages\ngf\MainMenuPage.ets:1243,未修复,接口定义变更
declare class CommonMethod<T>,ArkTS,7.0.0(26) Beta1,ALL,"=HYPERLINK(""https://developer.huawei.com/consumer/cn/doc/harmonyos-releases/changelogs-for-all-apps-7001/#ch2026010615012"",""ArkUI接口新增仅支持Stage模型的约束"")",entry\src\main\ets\pages\ngf\MainMenuPage.ets:1245,未修复,接口定义变更
declare class CommonMethod<T>,ArkTS,7.0.0(26) Beta1,ALL,"=HYPERLINK(""https://developer.huawei.com/consumer/cn/doc/harmonyos-releases/changelogs-for-all-apps-7001/#ch2026010615012"",""ArkUI接口新增仅支持Stage模型的约束"")",entry\src\main\ets\pages\ngf\MainMenuPage.ets:1246,未修复,接口定义变更
declare class CommonMethod<T>,ArkTS,7.0.0(26) Beta1,ALL,"=HYPERLINK(""https://developer.huawei.com/consumer/cn/doc/harmonyos-releases/changelogs-for-all-apps-7001/#ch2026010615012"",""ArkUI接口新增仅支持Stage模型的约束"")",entry\src\main\ets\pages\ngf\MainMenuPage.ets:1262,未修复,接口定义变更
declare class CommonMethod<T>,ArkTS,7.0.0(26) Beta1,ALL,"=HYPERLINK(""https://developer.huawei.com/consumer/cn/doc/harmonyos-releases/changelogs-for-all-apps-7001/#ch2026010615012"",""ArkUI接口新增仅支持Stage模型的约束"")",entry\src\main\ets\pages\ngf\MainMenuPage.ets:1263,未修复,接口定义变更
declare class CommonMethod<T>,ArkTS,7.0.0(26) Beta1,ALL,"=HYPERLINK(""https://developer.huawei.com/consumer/cn/doc/harmonyos-releases/changelogs-for-all-apps-7001/#ch2026010615012"",""ArkUI接口新增仅支持Stage模型的约束"")",entry\src\main\ets\pages\ngf\MainMenuPage.ets:1269,未修复,接口定义变更
declare class CommonMethod<T>,ArkTS,7.0.0(26) Beta1,ALL,"=HYPERLINK(""https://developer.huawei.com/consumer/cn/doc/harmonyos-releases/changelogs-for-all-apps-7001/#ch2026010615012"",""ArkUI接口新增仅支持Stage模型的约束"")",entry\src\main\ets\pages\ngf\MainMenuPage.ets:1270,未修复,接口定义变更
declare class CommonMethod<T>,ArkTS,7.0.0(26) Beta1,ALL,"=HYPERLINK(""https://developer.huawei.com/consumer/cn/doc/harmonyos-releases/changelogs-for-all-apps-7001/#ch2026010615012"",""ArkUI接口新增仅支持Stage模型的约束"")",entry\src\main\ets\pages\ngf\MainMenuPage.ets:1272,未修复,接口定义变更
declare class CommonMethod<T>,ArkTS,7.0.0(26) Beta1,ALL,"=HYPERLINK(""https://developer.huawei.com/consumer/cn/doc/harmonyos-releases/changelogs-for-all-apps-7001/#ch2026010615012"",""ArkUI接口新增仅支持Stage模型的约束"")",entry\src\main\ets\pages\ngf\MainMenuPage.ets:1273,未修复,接口定义变更
declare class CommonMethod<T>,ArkTS,7.0.0(26) Beta1,ALL,"=HYPERLINK(""https://developer.huawei.com/consumer/cn/doc/harmonyos-releases/changelogs-for-all-apps-7001/#ch2026010615012"",""ArkUI接口新增仅支持Stage模型的约束"")",entry\src\main\ets\pages\ngf\MainMenuPage.ets:1275,未修复,接口定义变更
declare class CommonMethod<T>,ArkTS,7.0.0(26) Beta1,ALL,"=HYPERLINK(""https://developer.huawei.com/consumer/cn/doc/harmonyos-releases/changelogs-for-all-apps-7001/#ch2026010615012"",""ArkUI接口新增仅支持Stage模型的约束"")",entry\src\main\ets\pages\ngf\MainMenuPage.ets:1277,未修复,接口定义变更
declare class CommonMethod<T>,ArkTS,7.0.0(26) Beta1,ALL,"=HYPERLINK(""https://developer.huawei.com/consumer/cn/doc/harmonyos-releases/changelogs-for-all-apps-7001/#ch2026010615012"",""ArkUI接口新增仅支持Stage模型的约束"")",entry\src\main\ets\pages\ngf\MainMenuPage.ets:1278,未修复,接口定义变更
declare class CommonMethod<T>,ArkTS,7.0.0(26) Beta1,ALL,"=HYPERLINK(""https://developer.huawei.com/consumer/cn/doc/harmonyos-releases/changelogs-for-all-apps-7001/#ch2026010615012"",""ArkUI接口新增仅支持Stage模型的约束"")",entry\src\main\ets\pages\ngf\MainMenuPage.ets:1279,未修复,接口定义变更
declare class CommonMethod<T>,ArkTS,7.0.0(26) Beta1,ALL,"=HYPERLINK(""https://developer.huawei.com/consumer/cn/doc/harmonyos-releases/changelogs-for-all-apps-7001/#ch2026010615012"",""ArkUI接口新增仅支持Stage模型的约束"")",entry\src\main\ets\pages\ngf\MainMenuPage.ets:1287,未修复,接口定义变更
declare class CommonMethod<T>,ArkTS,7.0.0(26) Beta1,ALL,"=HYPERLINK(""https://developer.huawei.com/consumer/cn/doc/harmonyos-releases/changelogs-for-all-apps-7001/#ch2026010615012"",""ArkUI接口新增仅支持Stage模型的约束"")",entry\src\main\ets\pages\ngf\MainMenuPage.ets:1288,未修复,接口定义变更
declare class CommonMethod<T>,ArkTS,7.0.0(26) Beta1,ALL,"=HYPERLINK(""https://developer.huawei.com/consumer/cn/doc/harmonyos-releases/changelogs-for-all-apps-7001/#ch2026010615012"",""ArkUI接口新增仅支持Stage模型的约束"")",entry\src\main\ets\pages\ngf\MainMenuPage.ets:1289,未修复,接口定义变更
declare class CommonMethod<T>,ArkTS,7.0.0(26) Beta1,ALL,"=HYPERLINK(""https://developer.huawei.com/consumer/cn/doc/harmonyos-releases/changelogs-for-all-apps-7001/#ch2026010615012"",""ArkUI接口新增仅支持Stage模型的约束"")",entry\src\main\ets\pages\ngf\MainMenuPage.ets:1290,未修复,接口定义变更
declare class CommonMethod<T>,ArkTS,7.0.0(26) Beta1,ALL,"=HYPERLINK(""https://developer.huawei.com/consumer/cn/doc/harmonyos-releases/changelogs-for-all-apps-7001/#ch2026010615012"",""ArkUI接口新增仅支持Stage模型的约束"")",entry\src\main\ets\pages\ngf\MainMenuPage.ets:1291,未修复,接口定义变更
declare class CommonMethod<T>,ArkTS,7.0.0(26) Beta1,ALL,"=HYPERLINK(""https://developer.huawei.com/consumer/cn/doc/harmonyos-releases/changelogs-for-all-apps-7001/#ch2026010615012"",""ArkUI接口新增仅支持Stage模型的约束"")",entry\src\main\ets\pages\ngf\MainMenuPage.ets:1308,未修复,接口定义变更
declare class CommonMethod<T>,ArkTS,7.0.0(26) Beta1,ALL,"=HYPERLINK(""https://developer.huawei.com/consumer/cn/doc/harmonyos-releases/changelogs-for-all-apps-7001/#ch2026010615012"",""ArkUI接口新增仅支持Stage模型的约束"")",entry\src\main\ets\pages\ngf\MainMenuPage.ets:1309,未修复,接口定义变更
declare class CommonMethod<T>,ArkTS,7.0.0(26) Beta1,ALL,"=HYPERLINK(""https://developer.huawei.com/consumer/cn/doc/harmonyos-releases/changelogs-for-all-apps-7001/#ch2026010615012"",""ArkUI接口新增仅支持Stage模型的约束"")",entry\src\main\ets\pages\ngf\MainMenuPage.ets:1310,未修复,接口定义变更
declare class CommonMethod<T>,ArkTS,7.0.0(26) Beta1,ALL,"=HYPERLINK(""https://developer.huawei.com/consumer/cn/doc/harmonyos-releases/changelogs-for-all-apps-7001/#ch2026010615012"",""ArkUI接口新增仅支持Stage模型的约束"")",entry\src\main\ets\pages\ngf\MainMenuPage.ets:1311,未修复,接口定义变更
declare class CommonMethod<T>,ArkTS,7.0.0(26) Beta1,ALL,"=HYPERLINK(""https://developer.huawei.com/consumer/cn/doc/harmonyos-releases/changelogs-for-all-apps-7001/#ch2026010615012"",""ArkUI接口新增仅支持Stage模型的约束"")",entry\src\main\ets\pages\ngf\MainMenuPage.ets:1312,未修复,接口定义变更
declare class CommonMethod<T>,ArkTS,7.0.0(26) Beta1,ALL,"=HYPERLINK(""https://developer.huawei.com/consumer/cn/doc/harmonyos-releases/changelogs-for-all-apps-7001/#ch2026010615012"",""ArkUI接口新增仅支持Stage模型的约束"")",entry\src\main\ets\pages\ngf\MainMenuPage.ets:1313,未修复,接口定义变更
declare class CommonMethod<T>,ArkTS,7.0.0(26) Beta1,ALL,"=HYPERLINK(""https://developer.huawei.com/consumer/cn/doc/harmonyos-releases/changelogs-for-all-apps-7001/#ch2026010615012"",""ArkUI接口新增仅支持Stage模型的约束"")",entry\src\main\ets\pages\ngf\MainMenuPage.ets:1314,未修复,接口定义变更
declare class CommonMethod<T>,ArkTS,7.0.0(26) Beta1,ALL,"=HYPERLINK(""https://developer.huawei.com/consumer/cn/doc/harmonyos-releases/changelogs-for-all-apps-7001/#ch2026010615012"",""ArkUI接口新增仅支持Stage模型的约束"")",entry\src\main\ets\pages\ngf\MainMenuPage.ets:1339,未修复,接口定义变更
declare class CommonMethod<T>,ArkTS,7.0.0(26) Beta1,ALL,"=HYPERLINK(""https://developer.huawei.com/consumer/cn/doc/harmonyos-releases/changelogs-for-all-apps-7001/#ch2026010615012"",""ArkUI接口新增仅支持Stage模型的约束"")",entry\src\main\ets\pages\ngf\MainMenuPage.ets:1346,未修复,接口定义变更
declare class CommonMethod<T>,ArkTS,7.0.0(26) Beta1,ALL,"=HYPERLINK(""https://developer.huawei.com/consumer/cn/doc/harmonyos-releases/changelogs-for-all-apps-7001/#ch2026010615012"",""ArkUI接口新增仅支持Stage模型的约束"")",entry\src\main\ets\pages\ngf\MainMenuPage.ets:1352,未修复,接口定义变更
declare class CommonMethod<T>,ArkTS,7.0.0(26) Beta1,ALL,"=HYPERLINK(""https://developer.huawei.com/consumer/cn/doc/harmonyos-releases/changelogs-for-all-apps-7001/#ch2026010615012"",""ArkUI接口新增仅支持Stage模型的约束"")",entry\src\main\ets\pages\ngf\MainMenuPage.ets:1360,未修复,接口定义变更
declare class CommonMethod<T>,ArkTS,7.0.0(26) Beta1,ALL,"=HYPERLINK(""https://developer.huawei.com/consumer/cn/doc/harmonyos-releases/changelogs-for-all-apps-7001/#ch2026010615012"",""ArkUI接口新增仅支持Stage模型的约束"")",entry\src\main\ets\pages\ngf\MainMenuPage.ets:1362,未修复,接口定义变更
declare class CommonMethod<T>,ArkTS,7.0.0(26) Beta1,ALL,"=HYPERLINK(""https://developer.huawei.com/consumer/cn/doc/harmonyos-releases/changelogs-for-all-apps-7001/#ch2026010615012"",""ArkUI接口新增仅支持Stage模型的约束"")",entry\src\main\ets\pages\ngf\MainMenuPage.ets:1363,未修复,接口定义变更
declare class CommonMethod<T>,ArkTS,7.0.0(26) Beta1,ALL,"=HYPERLINK(""https://developer.huawei.com/consumer/cn/doc/harmonyos-releases/changelogs-for-all-apps-7001/#ch2026010615012"",""ArkUI接口新增仅支持Stage模型的约束"")",entry\src\main\ets\pages\ngf\MainMenuPage.ets:1364,未修复,接口定义变更
declare class CommonMethod<T>,ArkTS,7.0.0(26) Beta1,ALL,"=HYPERLINK(""https://developer.huawei.com/consumer/cn/doc/harmonyos-releases/changelogs-for-all-apps-7001/#ch2026010615012"",""ArkUI接口新增仅支持Stage模型的约束"")",entry\src\main\ets\pages\ngf\MainMenuPage.ets:1365,未修复,接口定义变更
declare class CommonMethod<T>,ArkTS,7.0.0(26) Beta1,ALL,"=HYPERLINK(""https://developer.huawei.com/consumer/cn/doc/harmonyos-releases/changelogs-for-all-apps-7001/#ch2026010615012"",""ArkUI接口新增仅支持Stage模型的约束"")",entry\src\main\ets\pages\ngf\MainMenuPage.ets:1368,未修复,接口定义变更
declare class CommonMethod<T>,ArkTS,7.0.0(26) Beta1,ALL,"=HYPERLINK(""https://developer.huawei.com/consumer/cn/doc/harmonyos-releases/changelogs-for-all-apps-7001/#ch2026010615012"",""ArkUI接口新增仅支持Stage模型的约束"")",entry\src\main\ets\pages\ngf\MainMenuPage.ets:1371,未修复,接口定义变更
declare class CommonMethod<T>,ArkTS,7.0.0(26) Beta1,ALL,"=HYPERLINK(""https://developer.huawei.com/consumer/cn/doc/harmonyos-releases/changelogs-for-all-apps-7001/#ch2026010615012"",""ArkUI接口新增仅支持Stage模型的约束"")",entry\src\main\ets\pages\ngf\MainMenuPage.ets:1372,未修复,接口定义变更
declare class CommonMethod<T>,ArkTS,7.0.0(26) Beta1,ALL,"=HYPERLINK(""https://developer.huawei.com/consumer/cn/doc/harmonyos-releases/changelogs-for-all-apps-7001/#ch2026010615012"",""ArkUI接口新增仅支持Stage模型的约束"")",entry\src\main\ets\pages\ngf\MainMenuPage.ets:1373,未修复,接口定义变更
declare class CommonMethod<T>,ArkTS,7.0.0(26) Beta1,ALL,"=HYPERLINK(""https://developer.huawei.com/consumer/cn/doc/harmonyos-releases/changelogs-for-all-apps-7001/#ch2026010615012"",""ArkUI接口新增仅支持Stage模型的约束"")",entry\src\main\ets\pages\ngf\MainMenuPage.ets:1380,未修复,接口定义变更
declare class CommonMethod<T>,ArkTS,7.0.0(26) Beta1,ALL,"=HYPERLINK(""https://developer.huawei.com/consumer/cn/doc/harmonyos-releases/changelogs-for-all-apps-7001/#ch2026010615012"",""ArkUI接口新增仅支持Stage模型的约束"")",entry\src\main\ets\pages\ngf\MainMenuPage.ets:1381,未修复,接口定义变更
declare class CommonMethod<T>,ArkTS,7.0.0(26) Beta1,ALL,"=HYPERLINK(""https://developer.huawei.com/consumer/cn/doc/harmonyos-releases/changelogs-for-all-apps-7001/#ch2026010615012"",""ArkUI接口新增仅支持Stage模型的约束"")",entry\src\main\ets\pages\ngf\MainMenuPage.ets:1382,未修复,接口定义变更
declare class CommonMethod<T>,ArkTS,7.0.0(26) Beta1,ALL,"=HYPERLINK(""https://developer.huawei.com/consumer/cn/doc/harmonyos-releases/changelogs-for-all-apps-7001/#ch2026010615012"",""ArkUI接口新增仅支持Stage模型的约束"")",entry\src\main\ets\pages\ngf\MainMenuPage.ets:1383,未修复,接口定义变更
declare class CommonMethod<T>,ArkTS,7.0.0(26) Beta1,ALL,"=HYPERLINK(""https://developer.huawei.com/consumer/cn/doc/harmonyos-releases/changelogs-for-all-apps-7001/#ch2026010615012"",""ArkUI接口新增仅支持Stage模型的约束"")",entry\src\main\ets\pages\ngf\MainMenuPage.ets:1384,未修复,接口定义变更
declare class CommonMethod<T>,ArkTS,7.0.0(26) Beta1,ALL,"=HYPERLINK(""https://developer.huawei.com/consumer/cn/doc/harmonyos-releases/changelogs-for-all-apps-7001/#ch2026010615012"",""ArkUI接口新增仅支持Stage模型的约束"")",entry\src\main\ets\pages\ngf\MainMenuPage.ets:1386,未修复,接口定义变更
declare class CommonMethod<T>,ArkTS,7.0.0(26) Beta1,ALL,"=HYPERLINK(""https://developer.huawei.com/consumer/cn/doc/harmonyos-releases/changelogs-for-all-apps-7001/#ch2026010615012"",""ArkUI接口新增仅支持Stage模型的约束"")",entry\src\main\ets\pages\ngf\MainMenuPage.ets:1387,未修复,接口定义变更
declare class CommonMethod<T>,ArkTS,7.0.0(26) Beta1,ALL,"=HYPERLINK(""https://developer.huawei.com/consumer/cn/doc/harmonyos-releases/changelogs-for-all-apps-7001/#ch2026010615012"",""ArkUI接口新增仅支持Stage模型的约束"")",entry\src\main\ets\pages\ngf\MainMenuPage.ets:1388,未修复,接口定义变更
declare class CommonMethod<T>,ArkTS,7.0.0(26) Beta1,ALL,"=HYPERLINK(""https://developer.huawei.com/consumer/cn/doc/harmonyos-releases/changelogs-for-all-apps-7001/#ch2026010615012"",""ArkUI接口新增仅支持Stage模型的约束"")",entry\src\main\ets\pages\ngf\MainMenuPage.ets:1390,未修复,接口定义变更
declare class CommonMethod<T>,ArkTS,7.0.0(26) Beta1,ALL,"=HYPERLINK(""https://developer.huawei.com/consumer/cn/doc/harmonyos-releases/changelogs-for-all-apps-7001/#ch2026010615012"",""ArkUI接口新增仅支持Stage模型的约束"")",entry\src\main\ets\pages\ngf\MainMenuPage.ets:1416,未修复,接口定义变更
declare class CommonMethod<T>,ArkTS,7.0.0(26) Beta1,ALL,"=HYPERLINK(""https://developer.huawei.com/consumer/cn/doc/harmonyos-releases/changelogs-for-all-apps-7001/#ch2026010615012"",""ArkUI接口新增仅支持Stage模型的约束"")",entry\src\main\ets\pages\ngf\MainMenuPage.ets:1419,未修复,接口定义变更
declare class CommonMethod<T>,ArkTS,7.0.0(26) Beta1,ALL,"=HYPERLINK(""https://developer.huawei.com/consumer/cn/doc/harmonyos-releases/changelogs-for-all-apps-7001/#ch2026010615012"",""ArkUI接口新增仅支持Stage模型的约束"")",entry\src\main\ets\pages\ngf\MainMenuPage.ets:1420,未修复,接口定义变更
declare class CommonMethod<T>,ArkTS,7.0.0(26) Beta1,ALL,"=HYPERLINK(""https://developer.huawei.com/consumer/cn/doc/harmonyos-releases/changelogs-for-all-apps-7001/#ch2026010615012"",""ArkUI接口新增仅支持Stage模型的约束"")",entry\src\main\ets\pages\ngf\MainMenuPage.ets:1421,未修复,接口定义变更
declare class CommonMethod<T>,ArkTS,7.0.0(26) Beta1,ALL,"=HYPERLINK(""https://developer.huawei.com/consumer/cn/doc/harmonyos-releases/changelogs-for-all-apps-7001/#ch2026010615012"",""ArkUI接口新增仅支持Stage模型的约束"")",entry\src\main\ets\pages\ngf\MainMenuPage.ets:1422,未修复,接口定义变更
declare class CommonMethod<T>,ArkTS,7.0.0(26) Beta1,ALL,"=HYPERLINK(""https://developer.huawei.com/consumer/cn/doc/harmonyos-releases/changelogs-for-all-apps-7001/#ch2026010615012"",""ArkUI接口新增仅支持Stage模型的约束"")",entry\src\main\ets\pages\ngf\MainMenuPage.ets:1429,未修复,接口定义变更
declare class CommonMethod<T>,ArkTS,7.0.0(26) Beta1,ALL,"=HYPERLINK(""https://developer.huawei.com/consumer/cn/doc/harmonyos-releases/changelogs-for-all-apps-7001/#ch2026010615012"",""ArkUI接口新增仅支持Stage模型的约束"")",entry\src\main\ets\pages\ngf\MainMenuPage.ets:1430,未修复,接口定义变更
declare class CommonMethod<T>,ArkTS,7.0.0(26) Beta1,ALL,"=HYPERLINK(""https://developer.huawei.com/consumer/cn/doc/harmonyos-releases/changelogs-for-all-apps-7001/#ch2026010615012"",""ArkUI接口新增仅支持Stage模型的约束"")",entry\src\main\ets\pages\ngf\MainMenuPage.ets:1431,未修复,接口定义变更
declare class CommonMethod<T>,ArkTS,7.0.0(26) Beta1,ALL,"=HYPERLINK(""https://developer.huawei.com/consumer/cn/doc/harmonyos-releases/changelogs-for-all-apps-7001/#ch2026010615012"",""ArkUI接口新增仅支持Stage模型的约束"")",entry\src\main\ets\pages\ngf\MainMenuPage.ets:1432,未修复,接口定义变更
declare class CommonMethod<T>,ArkTS,7.0.0(26) Beta1,ALL,"=HYPERLINK(""https://developer.huawei.com/consumer/cn/doc/harmonyos-releases/changelogs-for-all-apps-7001/#ch2026010615012"",""ArkUI接口新增仅支持Stage模型的约束"")",entry\src\main\ets\pages\ngf\MainMenuPage.ets:1433,未修复,接口定义变更
declare class CommonMethod<T>,ArkTS,7.0.0(26) Beta1,ALL,"=HYPERLINK(""https://developer.huawei.com/consumer/cn/doc/harmonyos-releases/changelogs-for-all-apps-7001/#ch2026010615012"",""ArkUI接口新增仅支持Stage模型的约束"")",entry\src\main\ets\pages\ngf\MainMenuPage.ets:1435,未修复,接口定义变更
declare class CommonMethod<T>,ArkTS,7.0.0(26) Beta1,ALL,"=HYPERLINK(""https://developer.huawei.com/consumer/cn/doc/harmonyos-releases/changelogs-for-all-apps-7001/#ch2026010615012"",""ArkUI接口新增仅支持Stage模型的约束"")",entry\src\main\ets\pages\ngf\MainMenuPage.ets:1485,未修复,接口定义变更
declare class CommonMethod<T>,ArkTS,7.0.0(26) Beta1,ALL,"=HYPERLINK(""https://developer.huawei.com/consumer/cn/doc/harmonyos-releases/changelogs-for-all-apps-7001/#ch2026010615012"",""ArkUI接口新增仅支持Stage模型的约束"")",entry\src\main\ets\pages\ngf\MainMenuPage.ets:1487,未修复,接口定义变更
declare class CommonMethod<T>,ArkTS,7.0.0(26) Beta1,ALL,"=HYPERLINK(""https://developer.huawei.com/consumer/cn/doc/harmonyos-releases/changelogs-for-all-apps-7001/#ch2026010615012"",""ArkUI接口新增仅支持Stage模型的约束"")",entry\src\main\ets\pages\ngf\MainMenuPage.ets:1489,未修复,接口定义变更
declare class CommonMethod<T>,ArkTS,7.0.0(26) Beta1,ALL,"=HYPERLINK(""https://developer.huawei.com/consumer/cn/doc/harmonyos-releases/changelogs-for-all-apps-7001/#ch2026010615012"",""ArkUI接口新增仅支持Stage模型的约束"")",entry\src\main\ets\pages\ngf\MainMenuPage.ets:1490,未修复,接口定义变更
declare class CommonMethod<T>,ArkTS,7.0.0(26) Beta1,ALL,"=HYPERLINK(""https://developer.huawei.com/consumer/cn/doc/harmonyos-releases/changelogs-for-all-apps-7001/#ch2026010615012"",""ArkUI接口新增仅支持Stage模型的约束"")",entry\src\main\ets\pages\ngf\MainMenuPage.ets:1498,未修复,接口定义变更
declare class CommonMethod<T>,ArkTS,7.0.0(26) Beta1,ALL,"=HYPERLINK(""https://developer.huawei.com/consumer/cn/doc/harmonyos-releases/changelogs-for-all-apps-7001/#ch2026010615012"",""ArkUI接口新增仅支持Stage模型的约束"")",entry\src\main\ets\pages\ngf\MainMenuPage.ets:1499,未修复,接口定义变更
declare class CommonMethod<T>,ArkTS,7.0.0(26) Beta1,ALL,"=HYPERLINK(""https://developer.huawei.com/consumer/cn/doc/harmonyos-releases/changelogs-for-all-apps-7001/#ch2026010615012"",""ArkUI接口新增仅支持Stage模型的约束"")",entry\src\main\ets\pages\ngf\MainMenuPage.ets:1500,未修复,接口定义变更
declare class CommonMethod<T>,ArkTS,7.0.0(26) Beta1,ALL,"=HYPERLINK(""https://developer.huawei.com/consumer/cn/doc/harmonyos-releases/changelogs-for-all-apps-7001/#ch2026010615012"",""ArkUI接口新增仅支持Stage模型的约束"")",entry\src\main\ets\pages\ngf\MainMenuPage.ets:1501,未修复,接口定义变更
declare class CommonMethod<T>,ArkTS,7.0.0(26) Beta1,ALL,"=HYPERLINK(""https://developer.huawei.com/consumer/cn/doc/harmonyos-releases/changelogs-for-all-apps-7001/#ch2026010615012"",""ArkUI接口新增仅支持Stage模型的约束"")",entry\src\main\ets\pages\ngf\MainMenuPage.ets:1502,未修复,接口定义变更
declare class CommonMethod<T>,ArkTS,7.0.0(26) Beta1,ALL,"=HYPERLINK(""https://developer.huawei.com/consumer/cn/doc/harmonyos-releases/changelogs-for-all-apps-7001/#ch2026010615012"",""ArkUI接口新增仅支持Stage模型的约束"")",entry\src\main\ets\pages\ngf\MainMenuPage.ets:1688,未修复,接口定义变更
declare class CommonMethod<T>,ArkTS,7.0.0(26) Beta1,ALL,"=HYPERLINK(""https://developer.huawei.com/consumer/cn/doc/harmonyos-releases/changelogs-for-all-apps-7001/#ch2026010615012"",""ArkUI接口新增仅支持Stage模型的约束"")",entry\src\main\ets\pages\ngf\MainMenuPage.ets:1689,未修复,接口定义变更
declare class CommonMethod<T>,ArkTS,7.0.0(26) Beta1,ALL,"=HYPERLINK(""https://developer.huawei.com/consumer/cn/doc/harmonyos-releases/changelogs-for-all-apps-7001/#ch2026010615012"",""ArkUI接口新增仅支持Stage模型的约束"")",entry\src\main\ets\pages\ngf\MainMenuPage.ets:1690,未修复,接口定义变更
declare class CommonMethod<T>,ArkTS,7.0.0(26) Beta1,ALL,"=HYPERLINK(""https://developer.huawei.com/consumer/cn/doc/harmonyos-releases/changelogs-for-all-apps-7001/#ch2026010615012"",""ArkUI接口新增仅支持Stage模型的约束"")",entry\src\main\ets\pages\ngf\MainMenuPage.ets:1691,未修复,接口定义变更
declare class CommonMethod<T>,ArkTS,7.0.0(26) Beta1,ALL,"=HYPERLINK(""https://developer.huawei.com/consumer/cn/doc/harmonyos-releases/changelogs-for-all-apps-7001/#ch2026010615012"",""ArkUI接口新增仅支持Stage模型的约束"")",entry\src\main\ets\pages\ngf\MainMenuPage.ets:1692,未修复,接口定义变更
declare class CommonMethod<T>,ArkTS,7.0.0(26) Beta1,ALL,"=HYPERLINK(""https://developer.huawei.com/consumer/cn/doc/harmonyos-releases/changelogs-for-all-apps-7001/#ch2026010615012"",""ArkUI接口新增仅支持Stage模型的约束"")",entry\src\main\ets\pages\ngf\MainMenuPage.ets:1693,未修复,接口定义变更
declare class CommonMethod<T>,ArkTS,7.0.0(26) Beta1,ALL,"=HYPERLINK(""https://developer.huawei.com/consumer/cn/doc/harmonyos-releases/changelogs-for-all-apps-7001/#ch2026010615012"",""ArkUI接口新增仅支持Stage模型的约束"")",entry\src\main\ets\pages\ngf\MainMenuPage.ets:1696,未修复,接口定义变更
declare class CommonMethod<T>,ArkTS,7.0.0(26) Beta1,ALL,"=HYPERLINK(""https://developer.huawei.com/consumer/cn/doc/harmonyos-releases/changelogs-for-all-apps-7001/#ch2026010615012"",""ArkUI接口新增仅支持Stage模型的约束"")",entry\src\main\ets\pages\ngf\MainMenuPage.ets:1717,未修复,接口定义变更
declare class CommonMethod<T>,ArkTS,7.0.0(26) Beta1,ALL,"=HYPERLINK(""https://developer.huawei.com/consumer/cn/doc/harmonyos-releases/changelogs-for-all-apps-7001/#ch2026010615012"",""ArkUI接口新增仅支持Stage模型的约束"")",entry\src\main\ets\pages\ngf\MainMenuPage.ets:1718,未修复,接口定义变更
declare class CommonMethod<T>,ArkTS,7.0.0(26) Beta1,ALL,"=HYPERLINK(""https://developer.huawei.com/consumer/cn/doc/harmonyos-releases/changelogs-for-all-apps-7001/#ch2026010615012"",""ArkUI接口新增仅支持Stage模型的约束"")",entry\src\main\ets\pages\ngf\MainMenuPage.ets:1725,未修复,接口定义变更
declare class CommonMethod<T>,ArkTS,7.0.0(26) Beta1,ALL,"=HYPERLINK(""https://developer.huawei.com/consumer/cn/doc/harmonyos-releases/changelogs-for-all-apps-7001/#ch2026010615012"",""ArkUI接口新增仅支持Stage模型的约束"")",entry\src\main\ets\pages\ngf\MainMenuPage.ets:1726,未修复,接口定义变更
declare class CommonMethod<T>,ArkTS,7.0.0(26) Beta1,ALL,"=HYPERLINK(""https://developer.huawei.com/consumer/cn/doc/harmonyos-releases/changelogs-for-all-apps-7001/#ch2026010615012"",""ArkUI接口新增仅支持Stage模型的约束"")",entry\src\main\ets\pages\ngf\MainMenuPage.ets:1729,未修复,接口定义变更
declare class CommonMethod<T>,ArkTS,7.0.0(26) Beta1,ALL,"=HYPERLINK(""https://developer.huawei.com/consumer/cn/doc/harmonyos-releases/changelogs-for-all-apps-7001/#ch2026010615012"",""ArkUI接口新增仅支持Stage模型的约束"")",entry\src\main\ets\pages\ngf\MainMenuPage.ets:1731,未修复,接口定义变更
declare class CommonMethod<T>,ArkTS,7.0.0(26) Beta1,ALL,"=HYPERLINK(""https://developer.huawei.com/consumer/cn/doc/harmonyos-releases/changelogs-for-all-apps-7001/#ch2026010615012"",""ArkUI接口新增仅支持Stage模型的约束"")",entry\src\main\ets\pages\ngf\MainMenuPage.ets:1732,未修复,接口定义变更
declare class CommonMethod<T>,ArkTS,7.0.0(26) Beta1,ALL,"=HYPERLINK(""https://developer.huawei.com/consumer/cn/doc/harmonyos-releases/changelogs-for-all-apps-7001/#ch2026010615012"",""ArkUI接口新增仅支持Stage模型的约束"")",entry\src\main\ets\pages\ngf\MainMenuPage.ets:1733,未修复,接口定义变更
declare class CommonMethod<T>,ArkTS,7.0.0(26) Beta1,ALL,"=HYPERLINK(""https://developer.huawei.com/consumer/cn/doc/harmonyos-releases/changelogs-for-all-apps-7001/#ch2026010615012"",""ArkUI接口新增仅支持Stage模型的约束"")",entry\src\main\ets\pages\ngf\MainMenuPage.ets:1734,未修复,接口定义变更
declare class CommonMethod<T>,ArkTS,7.0.0(26) Beta1,ALL,"=HYPERLINK(""https://developer.huawei.com/consumer/cn/doc/harmonyos-releases/changelogs-for-all-apps-7001/#ch2026010615012"",""ArkUI接口新增仅支持Stage模型的约束"")",entry\src\main\ets\pages\ngf\MainMenuPage.ets:1735,未修复,接口定义变更
declare class CommonMethod<T>,ArkTS,7.0.0(26) Beta1,ALL,"=HYPERLINK(""https://developer.huawei.com/consumer/cn/doc/harmonyos-releases/changelogs-for-all-apps-7001/#ch2026010615012"",""ArkUI接口新增仅支持Stage模型的约束"")",entry\src\main\ets\pages\ngf\MainMenuPage.ets:1762,未修复,接口定义变更
declare class CommonMethod<T>,ArkTS,7.0.0(26) Beta1,ALL,"=HYPERLINK(""https://developer.huawei.com/consumer/cn/doc/harmonyos-releases/changelogs-for-all-apps-7001/#ch2026010615012"",""ArkUI接口新增仅支持Stage模型的约束"")",entry\src\main\ets\pages\ngf\MainMenuPage.ets:1767,未修复,接口定义变更
declare class CommonMethod<T>,ArkTS,7.0.0(26) Beta1,ALL,"=HYPERLINK(""https://developer.huawei.com/consumer/cn/doc/harmonyos-releases/changelogs-for-all-apps-7001/#ch2026010615012"",""ArkUI接口新增仅支持Stage模型的约束"")",entry\src\main\ets\pages\ngf\MainMenuPage.ets:1768,未修复,接口定义变更
declare class CommonMethod<T>,ArkTS,7.0.0(26) Beta1,ALL,"=HYPERLINK(""https://developer.huawei.com/consumer/cn/doc/harmonyos-releases/changelogs-for-all-apps-7001/#ch2026010615012"",""ArkUI接口新增仅支持Stage模型的约束"")",entry\src\main\ets\pages\ngf\MainMenuPage.ets:1769,未修复,接口定义变更
declare class CommonMethod<T>,ArkTS,7.0.0(26) Beta1,ALL,"=HYPERLINK(""https://developer.huawei.com/consumer/cn/doc/harmonyos-releases/changelogs-for-all-apps-7001/#ch2026010615012"",""ArkUI接口新增仅支持Stage模型的约束"")",entry\src\main\ets\pages\ngf\MainMenuPage.ets:1770,未修复,接口定义变更
declare class CommonMethod<T>,ArkTS,7.0.0(26) Beta1,ALL,"=HYPERLINK(""https://developer.huawei.com/consumer/cn/doc/harmonyos-releases/changelogs-for-all-apps-7001/#ch2026010615012"",""ArkUI接口新增仅支持Stage模型的约束"")",entry\src\main\ets\pages\ngf\MainMenuPage.ets:1771,未修复,接口定义变更
declare class CommonMethod<T>,ArkTS,7.0.0(26) Beta1,ALL,"=HYPERLINK(""https://developer.huawei.com/consumer/cn/doc/harmonyos-releases/changelogs-for-all-apps-7001/#ch2026010615012"",""ArkUI接口新增仅支持Stage模型的约束"")",entry\src\main\ets\pages\ngf\MainMenuPage.ets:1772,未修复,接口定义变更
declare class CommonMethod<T>,ArkTS,7.0.0(26) Beta1,ALL,"=HYPERLINK(""https://developer.huawei.com/consumer/cn/doc/harmonyos-releases/changelogs-for-all-apps-7001/#ch2026010615012"",""ArkUI接口新增仅支持Stage模型的约束"")",entry\src\main\ets\pages\ngf\MainMenuPage.ets:1776,未修复,接口定义变更
declare class CommonMethod<T>,ArkTS,7.0.0(26) Beta1,ALL,"=HYPERLINK(""https://developer.huawei.com/consumer/cn/doc/harmonyos-releases/changelogs-for-all-apps-7001/#ch2026010615012"",""ArkUI接口新增仅支持Stage模型的约束"")",entry\src\main\ets\pages\ngf\MainMenuPage.ets:1797,未修复,接口定义变更
declare class CommonMethod<T>,ArkTS,7.0.0(26) Beta1,ALL,"=HYPERLINK(""https://developer.huawei.com/consumer/cn/doc/harmonyos-releases/changelogs-for-all-apps-7001/#ch2026010615012"",""ArkUI接口新增仅支持Stage模型的约束"")",entry\src\main\ets\pages\ngf\MainMenuPage.ets:1798,未修复,接口定义变更
declare class CommonMethod<T>,ArkTS,7.0.0(26) Beta1,ALL,"=HYPERLINK(""https://developer.huawei.com/consumer/cn/doc/harmonyos-releases/changelogs-for-all-apps-7001/#ch2026010615012"",""ArkUI接口新增仅支持Stage模型的约束"")",entry\src\main\ets\pages\ngf\MainMenuPage.ets:1808,未修复,接口定义变更
declare class CommonMethod<T>,ArkTS,7.0.0(26) Beta1,ALL,"=HYPERLINK(""https://developer.huawei.com/consumer/cn/doc/harmonyos-releases/changelogs-for-all-apps-7001/#ch2026010615012"",""ArkUI接口新增仅支持Stage模型的约束"")",entry\src\main\ets\pages\ngf\MainMenuPage.ets:1809,未修复,接口定义变更
declare class CommonMethod<T>,ArkTS,7.0.0(26) Beta1,ALL,"=HYPERLINK(""https://developer.huawei.com/consumer/cn/doc/harmonyos-releases/changelogs-for-all-apps-7001/#ch2026010615012"",""ArkUI接口新增仅支持Stage模型的约束"")",entry\src\main\ets\pages\ngf\MainMenuPage.ets:1812,未修复,接口定义变更
declare class CommonMethod<T>,ArkTS,7.0.0(26) Beta1,ALL,"=HYPERLINK(""https://developer.huawei.com/consumer/cn/doc/harmonyos-releases/changelogs-for-all-apps-7001/#ch2026010615012"",""ArkUI接口新增仅支持Stage模型的约束"")",entry\src\main\ets\pages\ngf\MainMenuPage.ets:1814,未修复,接口定义变更
declare class CommonMethod<T>,ArkTS,7.0.0(26) Beta1,ALL,"=HYPERLINK(""https://developer.huawei.com/consumer/cn/doc/harmonyos-releases/changelogs-for-all-apps-7001/#ch2026010615012"",""ArkUI接口新增仅支持Stage模型的约束"")",entry\src\main\ets\pages\ngf\MainMenuPage.ets:1815,未修复,接口定义变更
declare class CommonMethod<T>,ArkTS,7.0.0(26) Beta1,ALL,"=HYPERLINK(""https://developer.huawei.com/consumer/cn/doc/harmonyos-releases/changelogs-for-all-apps-7001/#ch2026010615012"",""ArkUI接口新增仅支持Stage模型的约束"")",entry\src\main\ets\pages\ngf\MainMenuPage.ets:1816,未修复,接口定义变更
declare class CommonMethod<T>,ArkTS,7.0.0(26) Beta1,ALL,"=HYPERLINK(""https://developer.huawei.com/consumer/cn/doc/harmonyos-releases/changelogs-for-all-apps-7001/#ch2026010615012"",""ArkUI接口新增仅支持Stage模型的约束"")",entry\src\main\ets\pages\ngf\MainMenuPage.ets:1817,未修复,接口定义变更
declare class CommonMethod<T>,ArkTS,7.0.0(26) Beta1,ALL,"=HYPERLINK(""https://developer.huawei.com/consumer/cn/doc/harmonyos-releases/changelogs-for-all-apps-7001/#ch2026010615012"",""ArkUI接口新增仅支持Stage模型的约束"")",entry\src\main\ets\pages\ngf\MainMenuPage.ets:1818,未修复,接口定义变更
declare class CommonMethod<T>,ArkTS,7.0.0(26) Beta1,ALL,"=HYPERLINK(""https://developer.huawei.com/consumer/cn/doc/harmonyos-releases/changelogs-for-all-apps-7001/#ch2026010615012"",""ArkUI接口新增仅支持Stage模型的约束"")",entry\src\main\ets\pages\ngf\MainMenuPage.ets:1819,未修复,接口定义变更
declare class CommonMethod<T>,ArkTS,7.0.0(26) Beta1,ALL,"=HYPERLINK(""https://developer.huawei.com/consumer/cn/doc/harmonyos-releases/changelogs-for-all-apps-7001/#ch2026010615012"",""ArkUI接口新增仅支持Stage模型的约束"")",entry\src\main\ets\pages\ngf\MainMenuPage.ets:1855,未修复,接口定义变更
declare class CommonMethod<T>,ArkTS,7.0.0(26) Beta1,ALL,"=HYPERLINK(""https://developer.huawei.com/consumer/cn/doc/harmonyos-releases/changelogs-for-all-apps-7001/#ch2026010615012"",""ArkUI接口新增仅支持Stage模型的约束"")",entry\src\main\ets\pages\ngf\MainMenuPage.ets:1863,未修复,接口定义变更
declare class CommonMethod<T>,ArkTS,7.0.0(26) Beta1,ALL,"=HYPERLINK(""https://developer.huawei.com/consumer/cn/doc/harmonyos-releases/changelogs-for-all-apps-7001/#ch2026010615012"",""ArkUI接口新增仅支持Stage模型的约束"")",entry\src\main\ets\pages\ngf\MainMenuPage.ets:1864,未修复,接口定义变更
declare class CommonMethod<T>,ArkTS,7.0.0(26) Beta1,ALL,"=HYPERLINK(""https://developer.huawei.com/consumer/cn/doc/harmonyos-releases/changelogs-for-all-apps-7001/#ch2026010615012"",""ArkUI接口新增仅支持Stage模型的约束"")",entry\src\main\ets\pages\ngf\MainMenuPage.ets:1865,未修复,接口定义变更
declare class CommonMethod<T>,ArkTS,7.0.0(26) Beta1,ALL,"=HYPERLINK(""https://developer.huawei.com/consumer/cn/doc/harmonyos-releases/changelogs-for-all-apps-7001/#ch2026010615012"",""ArkUI接口新增仅支持Stage模型的约束"")",entry\src\main\ets\pages\ngf\MainMenuPage.ets:1866,未修复,接口定义变更
declare class CommonMethod<T>,ArkTS,7.0.0(26) Beta1,ALL,"=HYPERLINK(""https://developer.huawei.com/consumer/cn/doc/harmonyos-releases/changelogs-for-all-apps-7001/#ch2026010615012"",""ArkUI接口新增仅支持Stage模型的约束"")",entry\src\main\ets\pages\ngf\MainMenuPage.ets:1867,未修复,接口定义变更
declare class CommonMethod<T>,ArkTS,7.0.0(26) Beta1,ALL,"=HYPERLINK(""https://developer.huawei.com/consumer/cn/doc/harmonyos-releases/changelogs-for-all-apps-7001/#ch2026010615012"",""ArkUI接口新增仅支持Stage模型的约束"")",entry\src\main\ets\pages\ngf\MainMenuPage.ets:1877,未修复,接口定义变更
declare class CommonMethod<T>,ArkTS,7.0.0(26) Beta1,ALL,"=HYPERLINK(""https://developer.huawei.com/consumer/cn/doc/harmonyos-releases/changelogs-for-all-apps-7001/#ch2026010615012"",""ArkUI接口新增仅支持Stage模型的约束"")",entry\src\main\ets\pages\ngf\MainMenuPage.ets:1885,未修复,接口定义变更
declare class CommonMethod<T>,ArkTS,7.0.0(26) Beta1,ALL,"=HYPERLINK(""https://developer.huawei.com/consumer/cn/doc/harmonyos-releases/changelogs-for-all-apps-7001/#ch2026010615012"",""ArkUI接口新增仅支持Stage模型的约束"")",entry\src\main\ets\pages\ngf\MainMenuPage.ets:1895,未修复,接口定义变更
declare class CommonMethod<T>,ArkTS,7.0.0(26) Beta1,ALL,"=HYPERLINK(""https://developer.huawei.com/consumer/cn/doc/harmonyos-releases/changelogs-for-all-apps-7001/#ch2026010615012"",""ArkUI接口新增仅支持Stage模型的约束"")",entry\src\main\ets\pages\ngf\MainMenuPage.ets:1898,未修复,接口定义变更
declare class CommonMethod<T>,ArkTS,7.0.0(26) Beta1,ALL,"=HYPERLINK(""https://developer.huawei.com/consumer/cn/doc/harmonyos-releases/changelogs-for-all-apps-7001/#ch2026010615012"",""ArkUI接口新增仅支持Stage模型的约束"")",entry\src\main\ets\pages\ngf\MainMenuPage.ets:1899,未修复,接口定义变更
declare class CommonMethod<T>,ArkTS,7.0.0(26) Beta1,ALL,"=HYPERLINK(""https://developer.huawei.com/consumer/cn/doc/harmonyos-releases/changelogs-for-all-apps-7001/#ch2026010615012"",""ArkUI接口新增仅支持Stage模型的约束"")",entry\src\main\ets\pages\ngf\MainMenuPage.ets:1900,未修复,接口定义变更
declare class CommonMethod<T>,ArkTS,7.0.0(26) Beta1,ALL,"=HYPERLINK(""https://developer.huawei.com/consumer/cn/doc/harmonyos-releases/changelogs-for-all-apps-7001/#ch2026010615012"",""ArkUI接口新增仅支持Stage模型的约束"")",entry\src\main\ets\pages\ngf\MainMenuPage.ets:1901,未修复,接口定义变更
declare class CommonMethod<T>,ArkTS,7.0.0(26) Beta1,ALL,"=HYPERLINK(""https://developer.huawei.com/consumer/cn/doc/harmonyos-releases/changelogs-for-all-apps-7001/#ch2026010615012"",""ArkUI接口新增仅支持Stage模型的约束"")",entry\src\main\ets\pages\ngf\MainMenuPage.ets:1902,未修复,接口定义变更
declare class CommonMethod<T>,ArkTS,7.0.0(26) Beta1,ALL,"=HYPERLINK(""https://developer.huawei.com/consumer/cn/doc/harmonyos-releases/changelogs-for-all-apps-7001/#ch2026010615012"",""ArkUI接口新增仅支持Stage模型的约束"")",entry\src\main\ets\pages\ngf\MainMenuPage.ets:1912,未修复,接口定义变更
declare class CommonMethod<T>,ArkTS,7.0.0(26) Beta1,ALL,"=HYPERLINK(""https://developer.huawei.com/consumer/cn/doc/harmonyos-releases/changelogs-for-all-apps-7001/#ch2026010615012"",""ArkUI接口新增仅支持Stage模型的约束"")",entry\src\main\ets\pages\ngf\MainMenuPage.ets:1925,未修复,接口定义变更
declare class CommonMethod<T>,ArkTS,7.0.0(26) Beta1,ALL,"=HYPERLINK(""https://developer.huawei.com/consumer/cn/doc/harmonyos-releases/changelogs-for-all-apps-7001/#ch2026010615012"",""ArkUI接口新增仅支持Stage模型的约束"")",entry\src\main\ets\pages\ngf\MainMenuPage.ets:1937,未修复,接口定义变更
declare class CommonMethod<T>,ArkTS,7.0.0(26) Beta1,ALL,"=HYPERLINK(""https://developer.huawei.com/consumer/cn/doc/harmonyos-releases/changelogs-for-all-apps-7001/#ch2026010615012"",""ArkUI接口新增仅支持Stage模型的约束"")",entry\src\main\ets\pages\ngf\MainMenuPage.ets:1939,未修复,接口定义变更
declare class CommonMethod<T>,ArkTS,7.0.0(26) Beta1,ALL,"=HYPERLINK(""https://developer.huawei.com/consumer/cn/doc/harmonyos-releases/changelogs-for-all-apps-7001/#ch2026010615012"",""ArkUI接口新增仅支持Stage模型的约束"")",entry\src\main\ets\pages\ngf\MainMenuPage.ets:1942,未修复,接口定义变更
declare class CommonMethod<T>,ArkTS,7.0.0(26) Beta1,ALL,"=HYPERLINK(""https://developer.huawei.com/consumer/cn/doc/harmonyos-releases/changelogs-for-all-apps-7001/#ch2026010615012"",""ArkUI接口新增仅支持Stage模型的约束"")",entry\src\main\ets\pages\ngf\MainMenuPage.ets:1943,未修复,接口定义变更
declare class CommonMethod<T>,ArkTS,7.0.0(26) Beta1,ALL,"=HYPERLINK(""https://developer.huawei.com/consumer/cn/doc/harmonyos-releases/changelogs-for-all-apps-7001/#ch2026010615012"",""ArkUI接口新增仅支持Stage模型的约束"")",entry\src\main\ets\pages\ngf\MainMenuPage.ets:1944,未修复,接口定义变更
declare class CommonMethod<T>,ArkTS,7.0.0(26) Beta1,ALL,"=HYPERLINK(""https://developer.huawei.com/consumer/cn/doc/harmonyos-releases/changelogs-for-all-apps-7001/#ch2026010615012"",""ArkUI接口新增仅支持Stage模型的约束"")",entry\src\main\ets\pages\ngf\MainMenuPage.ets:1945,未修复,接口定义变更
declare class CommonMethod<T>,ArkTS,7.0.0(26) Beta1,ALL,"=HYPERLINK(""https://developer.huawei.com/consumer/cn/doc/harmonyos-releases/changelogs-for-all-apps-7001/#ch2026010615012"",""ArkUI接口新增仅支持Stage模型的约束"")",entry\src\main\ets\pages\ngf\MainMenuPage.ets:1946,未修复,接口定义变更
declare class CommonMethod<T>,ArkTS,7.0.0(26) Beta1,ALL,"=HYPERLINK(""https://developer.huawei.com/consumer/cn/doc/harmonyos-releases/changelogs-for-all-apps-7001/#ch2026010615012"",""ArkUI接口新增仅支持Stage模型的约束"")",entry\src\main\ets\pages\ngf\MainMenuPage.ets:1956,未修复,接口定义变更
declare class CommonMethod<T>,ArkTS,7.0.0(26) Beta1,ALL,"=HYPERLINK(""https://developer.huawei.com/consumer/cn/doc/harmonyos-releases/changelogs-for-all-apps-7001/#ch2026010615012"",""ArkUI接口新增仅支持Stage模型的约束"")",entry\src\main\ets\pages\ngf\MainMenuPage.ets:1971,未修复,接口定义变更
declare class CommonMethod<T>,ArkTS,7.0.0(26) Beta1,ALL,"=HYPERLINK(""https://developer.huawei.com/consumer/cn/doc/harmonyos-releases/changelogs-for-all-apps-7001/#ch2026010615012"",""ArkUI接口新增仅支持Stage模型的约束"")",entry\src\main\ets\pages\ngf\MainMenuPage.ets:1978,未修复,接口定义变更
declare class CommonMethod<T>,ArkTS,7.0.0(26) Beta1,ALL,"=HYPERLINK(""https://developer.huawei.com/consumer/cn/doc/harmonyos-releases/changelogs-for-all-apps-7001/#ch2026010615012"",""ArkUI接口新增仅支持Stage模型的约束"")",entry\src\main\ets\pages\ngf\MainMenuPage.ets:1979,未修复,接口定义变更
declare class CommonMethod<T>,ArkTS,7.0.0(26) Beta1,ALL,"=HYPERLINK(""https://developer.huawei.com/consumer/cn/doc/harmonyos-releases/changelogs-for-all-apps-7001/#ch2026010615012"",""ArkUI接口新增仅支持Stage模型的约束"")",entry\src\main\ets\pages\ngf\MainMenuPage.ets:1980,未修复,接口定义变更
declare class CommonMethod<T>,ArkTS,7.0.0(26) Beta1,ALL,"=HYPERLINK(""https://developer.huawei.com/consumer/cn/doc/harmonyos-releases/changelogs-for-all-apps-7001/#ch2026010615012"",""ArkUI接口新增仅支持Stage模型的约束"")",entry\src\main\ets\pages\ngf\MainMenuPage.ets:1981,未修复,接口定义变更
declare class CommonMethod<T>,ArkTS,7.0.0(26) Beta1,ALL,"=HYPERLINK(""https://developer.huawei.com/consumer/cn/doc/harmonyos-releases/changelogs-for-all-apps-7001/#ch2026010615012"",""ArkUI接口新增仅支持Stage模型的约束"")",entry\src\main\ets\pages\ngf\MainMenuPage.ets:1982,未修复,接口定义变更
declare class CommonMethod<T>,ArkTS,7.0.0(26) Beta1,ALL,"=HYPERLINK(""https://developer.huawei.com/consumer/cn/doc/harmonyos-releases/changelogs-for-all-apps-7001/#ch2026010615012"",""ArkUI接口新增仅支持Stage模型的约束"")",entry\src\main\ets\pages\ngf\MainMenuPage.ets:1992,未修复,接口定义变更
declare class CommonMethod<T>,ArkTS,7.0.0(26) Beta1,ALL,"=HYPERLINK(""https://developer.huawei.com/consumer/cn/doc/harmonyos-releases/changelogs-for-all-apps-7001/#ch2026010615012"",""ArkUI接口新增仅支持Stage模型的约束"")",entry\src\main\ets\pages\ngf\MainMenuPage.ets:2000,未修复,接口定义变更
declare class CommonMethod<T>,ArkTS,7.0.0(26) Beta1,ALL,"=HYPERLINK(""https://developer.huawei.com/consumer/cn/doc/harmonyos-releases/changelogs-for-all-apps-7001/#ch2026010615012"",""ArkUI接口新增仅支持Stage模型的约束"")",entry\src\main\ets\pages\ngf\MainMenuPage.ets:2007,未修复,接口定义变更
declare class CommonMethod<T>,ArkTS,7.0.0(26) Beta1,ALL,"=HYPERLINK(""https://developer.huawei.com/consumer/cn/doc/harmonyos-releases/changelogs-for-all-apps-7001/#ch2026010615012"",""ArkUI接口新增仅支持Stage模型的约束"")",entry\src\main\ets\pages\ngf\MainMenuPage.ets:2009,未修复,接口定义变更
declare class CommonMethod<T>,ArkTS,7.0.0(26) Beta1,ALL,"=HYPERLINK(""https://developer.huawei.com/consumer/cn/doc/harmonyos-releases/changelogs-for-all-apps-7001/#ch2026010615012"",""ArkUI接口新增仅支持Stage模型的约束"")",entry\src\main\ets\pages\ngf\MainMenuPage.ets:2021,未修复,接口定义变更
declare class CommonMethod<T>,ArkTS,7.0.0(26) Beta1,ALL,"=HYPERLINK(""https://developer.huawei.com/consumer/cn/doc/harmonyos-releases/changelogs-for-all-apps-7001/#ch2026010615012"",""ArkUI接口新增仅支持Stage模型的约束"")",entry\src\main\ets\pages\ngf\MainMenuPage.ets:2022,未修复,接口定义变更
declare class CommonMethod<T>,ArkTS,7.0.0(26) Beta1,ALL,"=HYPERLINK(""https://developer.huawei.com/consumer/cn/doc/harmonyos-releases/changelogs-for-all-apps-7001/#ch2026010615012"",""ArkUI接口新增仅支持Stage模型的约束"")",entry\src\main\ets\pages\ngf\MainMenuPage.ets:2023,未修复,接口定义变更
declare class CommonMethod<T>,ArkTS,7.0.0(26) Beta1,ALL,"=HYPERLINK(""https://developer.huawei.com/consumer/cn/doc/harmonyos-releases/changelogs-for-all-apps-7001/#ch2026010615012"",""ArkUI接口新增仅支持Stage模型的约束"")",entry\src\main\ets\pages\ngf\MainMenuPage.ets:2024,未修复,接口定义变更
declare class CommonMethod<T>,ArkTS,7.0.0(26) Beta1,ALL,"=HYPERLINK(""https://developer.huawei.com/consumer/cn/doc/harmonyos-releases/changelogs-for-all-apps-7001/#ch2026010615012"",""ArkUI接口新增仅支持Stage模型的约束"")",entry\src\main\ets\pages\ngf\MainMenuPage.ets:2025,未修复,接口定义变更
declare class CommonMethod<T>,ArkTS,7.0.0(26) Beta1,ALL,"=HYPERLINK(""https://developer.huawei.com/consumer/cn/doc/harmonyos-releases/changelogs-for-all-apps-7001/#ch2026010615012"",""ArkUI接口新增仅支持Stage模型的约束"")",entry\src\main\ets\pages\ngf\MainMenuPage.ets:2034,未修复,接口定义变更
declare class CommonMethod<T>,ArkTS,7.0.0(26) Beta1,ALL,"=HYPERLINK(""https://developer.huawei.com/consumer/cn/doc/harmonyos-releases/changelogs-for-all-apps-7001/#ch2026010615012"",""ArkUI接口新增仅支持Stage模型的约束"")",entry\src\main\ets\pages\ngf\MainMenuPage.ets:2042,未修复,接口定义变更
declare class CommonMethod<T>,ArkTS,7.0.0(26) Beta1,ALL,"=HYPERLINK(""https://developer.huawei.com/consumer/cn/doc/harmonyos-releases/changelogs-for-all-apps-7001/#ch2026010615012"",""ArkUI接口新增仅支持Stage模型的约束"")",entry\src\main\ets\pages\ngf\MainMenuPage.ets:2049,未修复,接口定义变更
declare class CommonMethod<T>,ArkTS,7.0.0(26) Beta1,ALL,"=HYPERLINK(""https://developer.huawei.com/consumer/cn/doc/harmonyos-releases/changelogs-for-all-apps-7001/#ch2026010615012"",""ArkUI接口新增仅支持Stage模型的约束"")",entry\src\main\ets\pages\ngf\MainMenuPage.ets:2070,未修复,接口定义变更
declare class CommonMethod<T>,ArkTS,7.0.0(26) Beta1,ALL,"=HYPERLINK(""https://developer.huawei.com/consumer/cn/doc/harmonyos-releases/changelogs-for-all-apps-7001/#ch2026010615012"",""ArkUI接口新增仅支持Stage模型的约束"")",entry\src\main\ets\pages\ngf\MainMenuPage.ets:2078,未修复,接口定义变更
declare class CommonMethod<T>,ArkTS,7.0.0(26) Beta1,ALL,"=HYPERLINK(""https://developer.huawei.com/consumer/cn/doc/harmonyos-releases/changelogs-for-all-apps-7001/#ch2026010615012"",""ArkUI接口新增仅支持Stage模型的约束"")",entry\src\main\ets\pages\ngf\MainMenuPage.ets:2083,未修复,接口定义变更
declare class CommonMethod<T>,ArkTS,7.0.0(26) Beta1,ALL,"=HYPERLINK(""https://developer.huawei.com/consumer/cn/doc/harmonyos-releases/changelogs-for-all-apps-7001/#ch2026010615012"",""ArkUI接口新增仅支持Stage模型的约束"")",entry\src\main\ets\pages\ngf\MainMenuPage.ets:2087,未修复,接口定义变更
declare class CommonMethod<T>,ArkTS,7.0.0(26) Beta1,ALL,"=HYPERLINK(""https://developer.huawei.com/consumer/cn/doc/harmonyos-releases/changelogs-for-all-apps-7001/#ch2026010615012"",""ArkUI接口新增仅支持Stage模型的约束"")",entry\src\main\ets\pages\ngf\MainMenuPage.ets:2091,未修复,接口定义变更
declare class CommonMethod<T>,ArkTS,7.0.0(26) Beta1,ALL,"=HYPERLINK(""https://developer.huawei.com/consumer/cn/doc/harmonyos-releases/changelogs-for-all-apps-7001/#ch2026010615012"",""ArkUI接口新增仅支持Stage模型的约束"")",entry\src\main\ets\pages\ngf\MainMenuPage.ets:2095,未修复,接口定义变更
declare class CommonMethod<T>,ArkTS,7.0.0(26) Beta1,ALL,"=HYPERLINK(""https://developer.huawei.com/consumer/cn/doc/harmonyos-releases/changelogs-for-all-apps-7001/#ch2026010615012"",""ArkUI接口新增仅支持Stage模型的约束"")",entry\src\main\ets\pages\ngf\MainMenuPage.ets:2099,未修复,接口定义变更
declare class CommonMethod<T>,ArkTS,7.0.0(26) Beta1,ALL,"=HYPERLINK(""https://developer.huawei.com/consumer/cn/doc/harmonyos-releases/changelogs-for-all-apps-7001/#ch2026010615012"",""ArkUI接口新增仅支持Stage模型的约束"")",entry\src\main\ets\pages\ngf\MainMenuPage.ets:2103,未修复,接口定义变更
declare class CommonMethod<T>,ArkTS,7.0.0(26) Beta1,ALL,"=HYPERLINK(""https://developer.huawei.com/consumer/cn/doc/harmonyos-releases/changelogs-for-all-apps-7001/#ch2026010615012"",""ArkUI接口新增仅支持Stage模型的约束"")",entry\src\main\ets\pages\ngf\MainMenuPage.ets:2104,未修复,接口定义变更
declare class CommonMethod<T>,ArkTS,7.0.0(26) Beta1,ALL,"=HYPERLINK(""https://developer.huawei.com/consumer/cn/doc/harmonyos-releases/changelogs-for-all-apps-7001/#ch2026010615012"",""ArkUI接口新增仅支持Stage模型的约束"")",entry\src\main\ets\pages\ngf\MainMenuPage.ets:2105,未修复,接口定义变更
declare class CommonMethod<T>,ArkTS,7.0.0(26) Beta1,ALL,"=HYPERLINK(""https://developer.huawei.com/consumer/cn/doc/harmonyos-releases/changelogs-for-all-apps-7001/#ch2026010615012"",""ArkUI接口新增仅支持Stage模型的约束"")",entry\src\main\ets\pages\ngf\MainMenuPage.ets:2106,未修复,接口定义变更
declare class CommonMethod<T>,ArkTS,7.0.0(26) Beta1,ALL,"=HYPERLINK(""https://developer.huawei.com/consumer/cn/doc/harmonyos-releases/changelogs-for-all-apps-7001/#ch2026010615012"",""ArkUI接口新增仅支持Stage模型的约束"")",entry\src\main\ets\pages\ngf\MainMenuPage.ets:2109,未修复,接口定义变更
declare class CommonMethod<T>,ArkTS,7.0.0(26) Beta1,ALL,"=HYPERLINK(""https://developer.huawei.com/consumer/cn/doc/harmonyos-releases/changelogs-for-all-apps-7001/#ch2026010615012"",""ArkUI接口新增仅支持Stage模型的约束"")",entry\src\main\ets\pages\ngf\MainMenuPage.ets:2112,未修复,接口定义变更
declare class CommonMethod<T>,ArkTS,7.0.0(26) Beta1,ALL,"=HYPERLINK(""https://developer.huawei.com/consumer/cn/doc/harmonyos-releases/changelogs-for-all-apps-7001/#ch2026010615012"",""ArkUI接口新增仅支持Stage模型的约束"")",entry\src\main\ets\pages\ngf\MainMenuPage.ets:2113,未修复,接口定义变更
declare class CommonMethod<T>,ArkTS,7.0.0(26) Beta1,ALL,"=HYPERLINK(""https://developer.huawei.com/consumer/cn/doc/harmonyos-releases/changelogs-for-all-apps-7001/#ch2026010615012"",""ArkUI接口新增仅支持Stage模型的约束"")",entry\src\main\ets\pages\ngf\MainMenuPage.ets:2114,未修复,接口定义变更
declare class CommonMethod<T>,ArkTS,7.0.0(26) Beta1,ALL,"=HYPERLINK(""https://developer.huawei.com/consumer/cn/doc/harmonyos-releases/changelogs-for-all-apps-7001/#ch2026010615012"",""ArkUI接口新增仅支持Stage模型的约束"")",entry\src\main\ets\pages\ngf\MainMenuPage.ets:2115,未修复,接口定义变更
declare class CommonMethod<T>,ArkTS,7.0.0(26) Beta1,ALL,"=HYPERLINK(""https://developer.huawei.com/consumer/cn/doc/harmonyos-releases/changelogs-for-all-apps-7001/#ch2026010615012"",""ArkUI接口新增仅支持Stage模型的约束"")",entry\src\main\ets\pages\ngf\MainMenuPage.ets:2116,未修复,接口定义变更
declare class CommonMethod<T>,ArkTS,7.0.0(26) Beta1,ALL,"=HYPERLINK(""https://developer.huawei.com/consumer/cn/doc/harmonyos-releases/changelogs-for-all-apps-7001/#ch2026010615012"",""ArkUI接口新增仅支持Stage模型的约束"")",entry\src\main\ets\pages\ngf\MainMenuPage.ets:2130,未修复,接口定义变更
declare class CommonMethod<T>,ArkTS,7.0.0(26) Beta1,ALL,"=HYPERLINK(""https://developer.huawei.com/consumer/cn/doc/harmonyos-releases/changelogs-for-all-apps-7001/#ch2026010615012"",""ArkUI接口新增仅支持Stage模型的约束"")",entry\src\main\ets\pages\ngf\MainMenuPage.ets:2136,未修复,接口定义变更
declare class CommonMethod<T>,ArkTS,7.0.0(26) Beta1,ALL,"=HYPERLINK(""https://developer.huawei.com/consumer/cn/doc/harmonyos-releases/changelogs-for-all-apps-7001/#ch2026010615012"",""ArkUI接口新增仅支持Stage模型的约束"")",entry\src\main\ets\pages\ngf\MainMenuPage.ets:2137,未修复,接口定义变更
declare class CommonMethod<T>,ArkTS,7.0.0(26) Beta1,ALL,"=HYPERLINK(""https://developer.huawei.com/consumer/cn/doc/harmonyos-releases/changelogs-for-all-apps-7001/#ch2026010615012"",""ArkUI接口新增仅支持Stage模型的约束"")",entry\src\main\ets\pages\ngf\MainMenuPage.ets:2138,未修复,接口定义变更
declare class CommonMethod<T>,ArkTS,7.0.0(26) Beta1,ALL,"=HYPERLINK(""https://developer.huawei.com/consumer/cn/doc/harmonyos-releases/changelogs-for-all-apps-7001/#ch2026010615012"",""ArkUI接口新增仅支持Stage模型的约束"")",entry\src\main\ets\pages\ngf\MainMenuPage.ets:2139,未修复,接口定义变更
declare class CommonMethod<T>,ArkTS,7.0.0(26) Beta1,ALL,"=HYPERLINK(""https://developer.huawei.com/consumer/cn/doc/harmonyos-releases/changelogs-for-all-apps-7001/#ch2026010615012"",""ArkUI接口新增仅支持Stage模型的约束"")",entry\src\main\ets\pages\ngf\MainMenuPage.ets:2141,未修复,接口定义变更
declare class CommonMethod<T>,ArkTS,7.0.0(26) Beta1,ALL,"=HYPERLINK(""https://developer.huawei.com/consumer/cn/doc/harmonyos-releases/changelogs-for-all-apps-7001/#ch2026010615012"",""ArkUI接口新增仅支持Stage模型的约束"")",entry\src\main\ets\pages\ngf\MainMenuPage.ets:2142,未修复,接口定义变更
declare class CommonMethod<T>,ArkTS,7.0.0(26) Beta1,ALL,"=HYPERLINK(""https://developer.huawei.com/consumer/cn/doc/harmonyos-releases/changelogs-for-all-apps-7001/#ch2026010615012"",""ArkUI接口新增仅支持Stage模型的约束"")",entry\src\main\ets\pages\ngf\MainMenuPage.ets:2143,未修复,接口定义变更
declare class CommonMethod<T>,ArkTS,7.0.0(26) Beta1,ALL,"=HYPERLINK(""https://developer.huawei.com/consumer/cn/doc/harmonyos-releases/changelogs-for-all-apps-7001/#ch2026010615012"",""ArkUI接口新增仅支持Stage模型的约束"")",entry\src\main\ets\pages\ngf\MainMenuPage.ets:2144,未修复,接口定义变更
declare class CommonMethod<T>,ArkTS,7.0.0(26) Beta1,ALL,"=HYPERLINK(""https://developer.huawei.com/consumer/cn/doc/harmonyos-releases/changelogs-for-all-apps-7001/#ch2026010615012"",""ArkUI接口新增仅支持Stage模型的约束"")",entry\src\main\ets\pages\ngf\MainMenuPage.ets:2145,未修复,接口定义变更
declare class CommonMethod<T>,ArkTS,7.0.0(26) Beta1,ALL,"=HYPERLINK(""https://developer.huawei.com/consumer/cn/doc/harmonyos-releases/changelogs-for-all-apps-7001/#ch2026010615012"",""ArkUI接口新增仅支持Stage模型的约束"")",entry\src\main\ets\pages\ngf\MainMenuPage.ets:2169,未修复,接口定义变更
declare class CommonMethod<T>,ArkTS,7.0.0(26) Beta1,ALL,"=HYPERLINK(""https://developer.huawei.com/consumer/cn/doc/harmonyos-releases/changelogs-for-all-apps-7001/#ch2026010615012"",""ArkUI接口新增仅支持Stage模型的约束"")",entry\src\main\ets\pages\ngf\MainMenuPage.ets:2171,未修复,接口定义变更
declare class CommonMethod<T>,ArkTS,7.0.0(26) Beta1,ALL,"=HYPERLINK(""https://developer.huawei.com/consumer/cn/doc/harmonyos-releases/changelogs-for-all-apps-7001/#ch2026010615012"",""ArkUI接口新增仅支持Stage模型的约束"")",entry\src\main\ets\pages\ngf\MainMenuPage.ets:2177,未修复,接口定义变更
declare class CommonMethod<T>,ArkTS,7.0.0(26) Beta1,ALL,"=HYPERLINK(""https://developer.huawei.com/consumer/cn/doc/harmonyos-releases/changelogs-for-all-apps-7001/#ch2026010615012"",""ArkUI接口新增仅支持Stage模型的约束"")",entry\src\main\ets\pages\ngf\MainMenuPage.ets:2181,未修复,接口定义变更
declare class CommonMethod<T>,ArkTS,7.0.0(26) Beta1,ALL,"=HYPERLINK(""https://developer.huawei.com/consumer/cn/doc/harmonyos-releases/changelogs-for-all-apps-7001/#ch2026010615012"",""ArkUI接口新增仅支持Stage模型的约束"")",entry\src\main\ets\pages\ngf\MainMenuPage.ets:2182,未修复,接口定义变更
declare class CommonMethod<T>,ArkTS,7.0.0(26) Beta1,ALL,"=HYPERLINK(""https://developer.huawei.com/consumer/cn/doc/harmonyos-releases/changelogs-for-all-apps-7001/#ch2026010615012"",""ArkUI接口新增仅支持Stage模型的约束"")",entry\src\main\ets\pages\ngf\MainMenuPage.ets:2184,未修复,接口定义变更
declare class CommonMethod<T>,ArkTS,7.0.0(26) Beta1,ALL,"=HYPERLINK(""https://developer.huawei.com/consumer/cn/doc/harmonyos-releases/changelogs-for-all-apps-7001/#ch2026010615012"",""ArkUI接口新增仅支持Stage模型的约束"")",entry\src\main\ets\pages\ngf\MainMenuPage.ets:2185,未修复,接口定义变更
declare class CommonMethod<T>,ArkTS,7.0.0(26) Beta1,ALL,"=HYPERLINK(""https://developer.huawei.com/consumer/cn/doc/harmonyos-releases/changelogs-for-all-apps-7001/#ch2026010615012"",""ArkUI接口新增仅支持Stage模型的约束"")",entry\src\main\ets\pages\ngf\MainMenuPage.ets:2186,未修复,接口定义变更
declare class CommonMethod<T>,ArkTS,7.0.0(26) Beta1,ALL,"=HYPERLINK(""https://developer.huawei.com/consumer/cn/doc/harmonyos-releases/changelogs-for-all-apps-7001/#ch2026010615012"",""ArkUI接口新增仅支持Stage模型的约束"")",entry\src\main\ets\pages\ngf\MainMenuPage.ets:2190,未修复,接口定义变更
declare class CommonMethod<T>,ArkTS,7.0.0(26) Beta1,ALL,"=HYPERLINK(""https://developer.huawei.com/consumer/cn/doc/harmonyos-releases/changelogs-for-all-apps-7001/#ch2026010615012"",""ArkUI接口新增仅支持Stage模型的约束"")",entry\src\main\ets\pages\ngf\MainMenuPage.ets:2192,未修复,接口定义变更
declare class CommonMethod<T>,ArkTS,7.0.0(26) Beta1,ALL,"=HYPERLINK(""https://developer.huawei.com/consumer/cn/doc/harmonyos-releases/changelogs-for-all-apps-7001/#ch2026010615012"",""ArkUI接口新增仅支持Stage模型的约束"")",entry\src\main\ets\pages\ngf\MainMenuPage.ets:2193,未修复,接口定义变更
declare class CommonMethod<T>,ArkTS,7.0.0(26) Beta1,ALL,"=HYPERLINK(""https://developer.huawei.com/consumer/cn/doc/harmonyos-releases/changelogs-for-all-apps-7001/#ch2026010615012"",""ArkUI接口新增仅支持Stage模型的约束"")",entry\src\main\ets\pages\ngf\MainMenuPage.ets:2194,未修复,接口定义变更
declare class CommonMethod<T>,ArkTS,7.0.0(26) Beta1,ALL,"=HYPERLINK(""https://developer.huawei.com/consumer/cn/doc/harmonyos-releases/changelogs-for-all-apps-7001/#ch2026010615012"",""ArkUI接口新增仅支持Stage模型的约束"")",entry\src\main\ets\pages\ngf\MainMenuPage.ets:2195,未修复,接口定义变更
declare class CommonMethod<T>,ArkTS,7.0.0(26) Beta1,ALL,"=HYPERLINK(""https://developer.huawei.com/consumer/cn/doc/harmonyos-releases/changelogs-for-all-apps-7001/#ch2026010615012"",""ArkUI接口新增仅支持Stage模型的约束"")",entry\src\main\ets\pages\ngf\MainMenuPage.ets:2196,未修复,接口定义变更
declare class CommonMethod<T>,ArkTS,7.0.0(26) Beta1,ALL,"=HYPERLINK(""https://developer.huawei.com/consumer/cn/doc/harmonyos-releases/changelogs-for-all-apps-7001/#ch2026010615012"",""ArkUI接口新增仅支持Stage模型的约束"")",entry\src\main\ets\pages\ngf\MainMenuPage.ets:2207,未修复,接口定义变更
declare class CommonMethod<T>,ArkTS,7.0.0(26) Beta1,ALL,"=HYPERLINK(""https://developer.huawei.com/consumer/cn/doc/harmonyos-releases/changelogs-for-all-apps-7001/#ch2026010615012"",""ArkUI接口新增仅支持Stage模型的约束"")",entry\src\main\ets\pages\ngf\MainMenuPage.ets:2209,未修复,接口定义变更
declare class CommonMethod<T>,ArkTS,7.0.0(26) Beta1,ALL,"=HYPERLINK(""https://developer.huawei.com/consumer/cn/doc/harmonyos-releases/changelogs-for-all-apps-7001/#ch2026010615012"",""ArkUI接口新增仅支持Stage模型的约束"")",entry\src\main\ets\pages\ngf\MainMenuPage.ets:2215,未修复,接口定义变更
declare class CommonMethod<T>,ArkTS,7.0.0(26) Beta1,ALL,"=HYPERLINK(""https://developer.huawei.com/consumer/cn/doc/harmonyos-releases/changelogs-for-all-apps-7001/#ch2026010615012"",""ArkUI接口新增仅支持Stage模型的约束"")",entry\src\main\ets\pages\ngf\MainMenuPage.ets:2219,未修复,接口定义变更
declare class CommonMethod<T>,ArkTS,7.0.0(26) Beta1,ALL,"=HYPERLINK(""https://developer.huawei.com/consumer/cn/doc/harmonyos-releases/changelogs-for-all-apps-7001/#ch2026010615012"",""ArkUI接口新增仅支持Stage模型的约束"")",entry\src\main\ets\pages\ngf\MainMenuPage.ets:2220,未修复,接口定义变更
declare class CommonMethod<T>,ArkTS,7.0.0(26) Beta1,ALL,"=HYPERLINK(""https://developer.huawei.com/consumer/cn/doc/harmonyos-releases/changelogs-for-all-apps-7001/#ch2026010615012"",""ArkUI接口新增仅支持Stage模型的约束"")",entry\src\main\ets\pages\ngf\MainMenuPage.ets:2222,未修复,接口定义变更
declare class CommonMethod<T>,ArkTS,7.0.0(26) Beta1,ALL,"=HYPERLINK(""https://developer.huawei.com/consumer/cn/doc/harmonyos-releases/changelogs-for-all-apps-7001/#ch2026010615012"",""ArkUI接口新增仅支持Stage模型的约束"")",entry\src\main\ets\pages\ngf\MainMenuPage.ets:2223,未修复,接口定义变更
declare class CommonMethod<T>,ArkTS,7.0.0(26) Beta1,ALL,"=HYPERLINK(""https://developer.huawei.com/consumer/cn/doc/harmonyos-releases/changelogs-for-all-apps-7001/#ch2026010615012"",""ArkUI接口新增仅支持Stage模型的约束"")",entry\src\main\ets\pages\ngf\MainMenuPage.ets:2224,未修复,接口定义变更
declare class CommonMethod<T>,ArkTS,7.0.0(26) Beta1,ALL,"=HYPERLINK(""https://developer.huawei.com/consumer/cn/doc/harmonyos-releases/changelogs-for-all-apps-7001/#ch2026010615012"",""ArkUI接口新增仅支持Stage模型的约束"")",entry\src\main\ets\pages\ngf\MainMenuPage.ets:2228,未修复,接口定义变更
declare class CommonMethod<T>,ArkTS,7.0.0(26) Beta1,ALL,"=HYPERLINK(""https://developer.huawei.com/consumer/cn/doc/harmonyos-releases/changelogs-for-all-apps-7001/#ch2026010615012"",""ArkUI接口新增仅支持Stage模型的约束"")",entry\src\main\ets\pages\ngf\MainMenuPage.ets:2230,未修复,接口定义变更
declare class CommonMethod<T>,ArkTS,7.0.0(26) Beta1,ALL,"=HYPERLINK(""https://developer.huawei.com/consumer/cn/doc/harmonyos-releases/changelogs-for-all-apps-7001/#ch2026010615012"",""ArkUI接口新增仅支持Stage模型的约束"")",entry\src\main\ets\pages\ngf\MainMenuPage.ets:2231,未修复,接口定义变更
declare class CommonMethod<T>,ArkTS,7.0.0(26) Beta1,ALL,"=HYPERLINK(""https://developer.huawei.com/consumer/cn/doc/harmonyos-releases/changelogs-for-all-apps-7001/#ch2026010615012"",""ArkUI接口新增仅支持Stage模型的约束"")",entry\src\main\ets\pages\ngf\MainMenuPage.ets:2232,未修复,接口定义变更
declare class CommonMethod<T>,ArkTS,7.0.0(26) Beta1,ALL,"=HYPERLINK(""https://developer.huawei.com/consumer/cn/doc/harmonyos-releases/changelogs-for-all-apps-7001/#ch2026010615012"",""ArkUI接口新增仅支持Stage模型的约束"")",entry\src\main\ets\pages\ngf\MainMenuPage.ets:2233,未修复,接口定义变更
declare class CommonMethod<T>,ArkTS,7.0.0(26) Beta1,ALL,"=HYPERLINK(""https://developer.huawei.com/consumer/cn/doc/harmonyos-releases/changelogs-for-all-apps-7001/#ch2026010615012"",""ArkUI接口新增仅支持Stage模型的约束"")",entry\src\main\ets\pages\ngf\MainMenuPage.ets:2234,未修复,接口定义变更
declare class CommonMethod<T>,ArkTS,7.0.0(26) Beta1,ALL,"=HYPERLINK(""https://developer.huawei.com/consumer/cn/doc/harmonyos-releases/changelogs-for-all-apps-7001/#ch2026010615012"",""ArkUI接口新增仅支持Stage模型的约束"")",entry\src\main\ets\pages\ngf\MainMenuPage.ets:843,未修复,接口定义变更
declare class CommonMethod<T>,ArkTS,7.0.0(26) Beta1,ALL,"=HYPERLINK(""https://developer.huawei.com/consumer/cn/doc/harmonyos-releases/changelogs-for-all-apps-7001/#ch2026010615012"",""ArkUI接口新增仅支持Stage模型的约束"")",entry\src\main\ets\pages\ngf\MainMenuPage.ets:844,未修复,接口定义变更
declare class CommonMethod<T>,ArkTS,7.0.0(26) Beta1,ALL,"=HYPERLINK(""https://developer.huawei.com/consumer/cn/doc/harmonyos-releases/changelogs-for-all-apps-7001/#ch2026010615012"",""ArkUI接口新增仅支持Stage模型的约束"")",entry\src\main\ets\pages\ngf\MainMenuPage.ets:851,未修复,接口定义变更
declare class CommonMethod<T>,ArkTS,7.0.0(26) Beta1,ALL,"=HYPERLINK(""https://developer.huawei.com/consumer/cn/doc/harmonyos-releases/changelogs-for-all-apps-7001/#ch2026010615012"",""ArkUI接口新增仅支持Stage模型的约束"")",entry\src\main\ets\pages\ngf\MainMenuPage.ets:852,未修复,接口定义变更
declare class CommonMethod<T>,ArkTS,7.0.0(26) Beta1,ALL,"=HYPERLINK(""https://developer.huawei.com/consumer/cn/doc/harmonyos-releases/changelogs-for-all-apps-7001/#ch2026010615012"",""ArkUI接口新增仅支持Stage模型的约束"")",entry\src\main\ets\pages\ngf\MainMenuPage.ets:856,未修复,接口定义变更
declare class CommonMethod<T>,ArkTS,7.0.0(26) Beta1,ALL,"=HYPERLINK(""https://developer.huawei.com/consumer/cn/doc/harmonyos-releases/changelogs-for-all-apps-7001/#ch2026010615012"",""ArkUI接口新增仅支持Stage模型的约束"")",entry\src\main\ets\pages\ngf\MainMenuPage.ets:878,未修复,接口定义变更
declare class CommonMethod<T>,ArkTS,7.0.0(26) Beta1,ALL,"=HYPERLINK(""https://developer.huawei.com/consumer/cn/doc/harmonyos-releases/changelogs-for-all-apps-7001/#ch2026010615012"",""ArkUI接口新增仅支持Stage模型的约束"")",entry\src\main\ets\pages\ngf\MainMenuPage.ets:879,未修复,接口定义变更
declare class CommonMethod<T>,ArkTS,7.0.0(26) Beta1,ALL,"=HYPERLINK(""https://developer.huawei.com/consumer/cn/doc/harmonyos-releases/changelogs-for-all-apps-7001/#ch2026010615012"",""ArkUI接口新增仅支持Stage模型的约束"")",entry\src\main\ets\pages\ngf\MainMenuPage.ets:886,未修复,接口定义变更
declare class CommonMethod<T>,ArkTS,7.0.0(26) Beta1,ALL,"=HYPERLINK(""https://developer.huawei.com/consumer/cn/doc/harmonyos-releases/changelogs-for-all-apps-7001/#ch2026010615012"",""ArkUI接口新增仅支持Stage模型的约束"")",entry\src\main\ets\pages\ngf\MainMenuPage.ets:887,未修复,接口定义变更
declare class CommonMethod<T>,ArkTS,7.0.0(26) Beta1,ALL,"=HYPERLINK(""https://developer.huawei.com/consumer/cn/doc/harmonyos-releases/changelogs-for-all-apps-7001/#ch2026010615012"",""ArkUI接口新增仅支持Stage模型的约束"")",entry\src\main\ets\pages\ngf\MainMenuPage.ets:891,未修复,接口定义变更
declare class CommonMethod<T>,ArkTS,7.0.0(26) Beta1,ALL,"=HYPERLINK(""https://developer.huawei.com/consumer/cn/doc/harmonyos-releases/changelogs-for-all-apps-7001/#ch2026010615012"",""ArkUI接口新增仅支持Stage模型的约束"")",entry\src\main\ets\pages\ngf\MainMenuPage.ets:904,未修复,接口定义变更
declare class CommonMethod<T>,ArkTS,7.0.0(26) Beta1,ALL,"=HYPERLINK(""https://developer.huawei.com/consumer/cn/doc/harmonyos-releases/changelogs-for-all-apps-7001/#ch2026010615012"",""ArkUI接口新增仅支持Stage模型的约束"")",entry\src\main\ets\pages\ngf\MainMenuPage.ets:905,未修复,接口定义变更
declare class CommonMethod<T>,ArkTS,7.0.0(26) Beta1,ALL,"=HYPERLINK(""https://developer.huawei.com/consumer/cn/doc/harmonyos-releases/changelogs-for-all-apps-7001/#ch2026010615012"",""ArkUI接口新增仅支持Stage模型的约束"")",entry\src\main\ets\pages\ngf\MainMenuPage.ets:912,未修复,接口定义变更
declare class CommonMethod<T>,ArkTS,7.0.0(26) Beta1,ALL,"=HYPERLINK(""https://developer.huawei.com/consumer/cn/doc/harmonyos-releases/changelogs-for-all-apps-7001/#ch2026010615012"",""ArkUI接口新增仅支持Stage模型的约束"")",entry\src\main\ets\pages\ngf\MainMenuPage.ets:913,未修复,接口定义变更
declare class CommonMethod<T>,ArkTS,7.0.0(26) Beta1,ALL,"=HYPERLINK(""https://developer.huawei.com/consumer/cn/doc/harmonyos-releases/changelogs-for-all-apps-7001/#ch2026010615012"",""ArkUI接口新增仅支持Stage模型的约束"")",entry\src\main\ets\pages\ngf\MainMenuPage.ets:917,未修复,接口定义变更
declare class CommonMethod<T>,ArkTS,7.0.0(26) Beta1,ALL,"=HYPERLINK(""https://developer.huawei.com/consumer/cn/doc/harmonyos-releases/changelogs-for-all-apps-7001/#ch2026010615012"",""ArkUI接口新增仅支持Stage模型的约束"")",entry\src\main\ets\pages\ngf\MainMenuPage.ets:926,未修复,接口定义变更
declare class CommonMethod<T>,ArkTS,7.0.0(26) Beta1,ALL,"=HYPERLINK(""https://developer.huawei.com/consumer/cn/doc/harmonyos-releases/changelogs-for-all-apps-7001/#ch2026010615012"",""ArkUI接口新增仅支持Stage模型的约束"")",entry\src\main\ets\pages\ngf\MainMenuPage.ets:927,未修复,接口定义变更
declare class CommonMethod<T>,ArkTS,7.0.0(26) Beta1,ALL,"=HYPERLINK(""https://developer.huawei.com/consumer/cn/doc/harmonyos-releases/changelogs-for-all-apps-7001/#ch2026010615012"",""ArkUI接口新增仅支持Stage模型的约束"")",entry\src\main\ets\pages\ngf\MainMenuPage.ets:934,未修复,接口定义变更
declare class CommonMethod<T>,ArkTS,7.0.0(26) Beta1,ALL,"=HYPERLINK(""https://developer.huawei.com/consumer/cn/doc/harmonyos-releases/changelogs-for-all-apps-7001/#ch2026010615012"",""ArkUI接口新增仅支持Stage模型的约束"")",entry\src\main\ets\pages\ngf\MainMenuPage.ets:935,未修复,接口定义变更
declare class CommonMethod<T>,ArkTS,7.0.0(26) Beta1,ALL,"=HYPERLINK(""https://developer.huawei.com/consumer/cn/doc/harmonyos-releases/changelogs-for-all-apps-7001/#ch2026010615012"",""ArkUI接口新增仅支持Stage模型的约束"")",entry\src\main\ets\pages\ngf\MainMenuPage.ets:939,未修复,接口定义变更
declare class CommonMethod<T>,ArkTS,7.0.0(26) Beta1,ALL,"=HYPERLINK(""https://developer.huawei.com/consumer/cn/doc/harmonyos-releases/changelogs-for-all-apps-7001/#ch2026010615012"",""ArkUI接口新增仅支持Stage模型的约束"")",entry\src\main\ets\pages\ngf\MainMenuPage.ets:948,未修复,接口定义变更
declare class CommonMethod<T>,ArkTS,7.0.0(26) Beta1,ALL,"=HYPERLINK(""https://developer.huawei.com/consumer/cn/doc/harmonyos-releases/changelogs-for-all-apps-7001/#ch2026010615012"",""ArkUI接口新增仅支持Stage模型的约束"")",entry\src\main\ets\pages\ngf\MainMenuPage.ets:949,未修复,接口定义变更
declare class CommonMethod<T>,ArkTS,7.0.0(26) Beta1,ALL,"=HYPERLINK(""https://developer.huawei.com/consumer/cn/doc/harmonyos-releases/changelogs-for-all-apps-7001/#ch2026010615012"",""ArkUI接口新增仅支持Stage模型的约束"")",entry\src\main\ets\pages\ngf\MainMenuPage.ets:956,未修复,接口定义变更
declare class CommonMethod<T>,ArkTS,7.0.0(26) Beta1,ALL,"=HYPERLINK(""https://developer.huawei.com/consumer/cn/doc/harmonyos-releases/changelogs-for-all-apps-7001/#ch2026010615012"",""ArkUI接口新增仅支持Stage模型的约束"")",entry\src\main\ets\pages\ngf\MainMenuPage.ets:957,未修复,接口定义变更
declare class CommonMethod<T>,ArkTS,7.0.0(26) Beta1,ALL,"=HYPERLINK(""https://developer.huawei.com/consumer/cn/doc/harmonyos-releases/changelogs-for-all-apps-7001/#ch2026010615012"",""ArkUI接口新增仅支持Stage模型的约束"")",entry\src\main\ets\pages\ngf\MainMenuPage.ets:961,未修复,接口定义变更
declare class CommonMethod<T>,ArkTS,7.0.0(26) Beta1,ALL,"=HYPERLINK(""https://developer.huawei.com/consumer/cn/doc/harmonyos-releases/changelogs-for-all-apps-7001/#ch2026010615012"",""ArkUI接口新增仅支持Stage模型的约束"")",entry\src\main\ets\pages\ngf\MainMenuPage.ets:984,未修复,接口定义变更
declare class CommonMethod<T>,ArkTS,7.0.0(26) Beta1,ALL,"=HYPERLINK(""https://developer.huawei.com/consumer/cn/doc/harmonyos-releases/changelogs-for-all-apps-7001/#ch2026010615012"",""ArkUI接口新增仅支持Stage模型的约束"")",entry\src\main\ets\pages\ngf\MainMenuPage.ets:985,未修复,接口定义变更
declare class CommonMethod<T>,ArkTS,7.0.0(26) Beta1,ALL,"=HYPERLINK(""https://developer.huawei.com/consumer/cn/doc/harmonyos-releases/changelogs-for-all-apps-7001/#ch2026010615012"",""ArkUI接口新增仅支持Stage模型的约束"")",entry\src\main\ets\pages\ngf\MainMenuPage.ets:986,未修复,接口定义变更
declare class CommonMethod<T>,ArkTS,7.0.0(26) Beta1,ALL,"=HYPERLINK(""https://developer.huawei.com/consumer/cn/doc/harmonyos-releases/changelogs-for-all-apps-7001/#ch2026010615012"",""ArkUI接口新增仅支持Stage模型的约束"")",entry\src\main\ets\pages\ngf\NGFCapabilitiesDatabasePage.ets:154,未修复,接口定义变更
declare class CommonMethod<T>,ArkTS,7.0.0(26) Beta1,ALL,"=HYPERLINK(""https://developer.huawei.com/consumer/cn/doc/harmonyos-releases/changelogs-for-all-apps-7001/#ch2026010615012"",""ArkUI接口新增仅支持Stage模型的约束"")",entry\src\main\ets\pages\ngf\NGFCapabilitiesDatabasePage.ets:155,未修复,接口定义变更
declare class CommonMethod<T>,ArkTS,7.0.0(26) Beta1,ALL,"=HYPERLINK(""https://developer.huawei.com/consumer/cn/doc/harmonyos-releases/changelogs-for-all-apps-7001/#ch2026010615012"",""ArkUI接口新增仅支持Stage模型的约束"")",entry\src\main\ets\pages\ngf\NGFCapabilitiesDatabasePage.ets:156,未修复,接口定义变更
declare class CommonMethod<T>,ArkTS,7.0.0(26) Beta1,ALL,"=HYPERLINK(""https://developer.huawei.com/consumer/cn/doc/harmonyos-releases/changelogs-for-all-apps-7001/#ch2026010615012"",""ArkUI接口新增仅支持Stage模型的约束"")",entry\src\main\ets\pages\ngf\NGFCapabilitiesDatabasePage.ets:158,未修复,接口定义变更
declare class CommonMethod<T>,ArkTS,7.0.0(26) Beta1,ALL,"=HYPERLINK(""https://developer.huawei.com/consumer/cn/doc/harmonyos-releases/changelogs-for-all-apps-7001/#ch2026010615012"",""ArkUI接口新增仅支持Stage模型的约束"")",entry\src\main\ets\pages\ngf\NGFCapabilitiesDatabasePage.ets:159,未修复,接口定义变更
declare class CommonMethod<T>,ArkTS,7.0.0(26) Beta1,ALL,"=HYPERLINK(""https://developer.huawei.com/consumer/cn/doc/harmonyos-releases/changelogs-for-all-apps-7001/#ch2026010615012"",""ArkUI接口新增仅支持Stage模型的约束"")",entry\src\main\ets\pages\ngf\NGFCapabilitiesDatabasePage.ets:193,未修复,接口定义变更
declare class CommonMethod<T>,ArkTS,7.0.0(26) Beta1,ALL,"=HYPERLINK(""https://developer.huawei.com/consumer/cn/doc/harmonyos-releases/changelogs-for-all-apps-7001/#ch2026010615012"",""ArkUI接口新增仅支持Stage模型的约束"")",entry\src\main\ets\pages\ngf\NGFCapabilitiesDatabasePage.ets:194,未修复,接口定义变更
declare class CommonMethod<T>,ArkTS,7.0.0(26) Beta1,ALL,"=HYPERLINK(""https://developer.huawei.com/consumer/cn/doc/harmonyos-releases/changelogs-for-all-apps-7001/#ch2026010615012"",""ArkUI接口新增仅支持Stage模型的约束"")",entry\src\main\ets\pages\ngf\NGFCapabilitiesDatabasePage.ets:195,未修复,接口定义变更
declare class CommonMethod<T>,ArkTS,7.0.0(26) Beta1,ALL,"=HYPERLINK(""https://developer.huawei.com/consumer/cn/doc/harmonyos-releases/changelogs-for-all-apps-7001/#ch2026010615012"",""ArkUI接口新增仅支持Stage模型的约束"")",entry\src\main\ets\pages\ngf\NGFCapabilitiesDatabasePage.ets:200,未修复,接口定义变更
declare class CommonMethod<T>,ArkTS,7.0.0(26) Beta1,ALL,"=HYPERLINK(""https://developer.huawei.com/consumer/cn/doc/harmonyos-releases/changelogs-for-all-apps-7001/#ch2026010615012"",""ArkUI接口新增仅支持Stage模型的约束"")",entry\src\main\ets\pages\ngf\NGFCapabilitiesDatabasePage.ets:201,未修复,接口定义变更
declare class CommonMethod<T>,ArkTS,7.0.0(26) Beta1,ALL,"=HYPERLINK(""https://developer.huawei.com/consumer/cn/doc/harmonyos-releases/changelogs-for-all-apps-7001/#ch2026010615012"",""ArkUI接口新增仅支持Stage模型的约束"")",entry\src\main\ets\pages\ngf\NGFCapabilitiesDatabasePage.ets:202,未修复,接口定义变更
declare class CommonMethod<T>,ArkTS,7.0.0(26) Beta1,ALL,"=HYPERLINK(""https://developer.huawei.com/consumer/cn/doc/harmonyos-releases/changelogs-for-all-apps-7001/#ch2026010615012"",""ArkUI接口新增仅支持Stage模型的约束"")",entry\src\main\ets\pages\ngf\NGFCapabilitiesDatabasePage.ets:205,未修复,接口定义变更
declare class CommonMethod<T>,ArkTS,7.0.0(26) Beta1,ALL,"=HYPERLINK(""https://developer.huawei.com/consumer/cn/doc/harmonyos-releases/changelogs-for-all-apps-7001/#ch2026010615012"",""ArkUI接口新增仅支持Stage模型的约束"")",entry\src\main\ets\pages\ngf\NGFCapabilitiesDatabasePage.ets:211,未修复,接口定义变更
declare class CommonMethod<T>,ArkTS,7.0.0(26) Beta1,ALL,"=HYPERLINK(""https://developer.huawei.com/consumer/cn/doc/harmonyos-releases/changelogs-for-all-apps-7001/#ch2026010615012"",""ArkUI接口新增仅支持Stage模型的约束"")",entry\src\main\ets\pages\ngf\NGFCapabilitiesDatabasePage.ets:213,未修复,接口定义变更
declare class CommonMethod<T>,ArkTS,7.0.0(26) Beta1,ALL,"=HYPERLINK(""https://developer.huawei.com/consumer/cn/doc/harmonyos-releases/changelogs-for-all-apps-7001/#ch2026010615012"",""ArkUI接口新增仅支持Stage模型的约束"")",entry\src\main\ets\pages\ngf\NGFCapabilitiesDatabasePage.ets:214,未修复,接口定义变更
declare class CommonMethod<T>,ArkTS,7.0.0(26) Beta1,ALL,"=HYPERLINK(""https://developer.huawei.com/consumer/cn/doc/harmonyos-releases/changelogs-for-all-apps-7001/#ch2026010615012"",""ArkUI接口新增仅支持Stage模型的约束"")",entry\src\main\ets\pages\ngf\NGFCapabilitiesDatabasePage.ets:215,未修复,接口定义变更
declare class CommonMethod<T>,ArkTS,7.0.0(26) Beta1,ALL,"=HYPERLINK(""https://developer.huawei.com/consumer/cn/doc/harmonyos-releases/changelogs-for-all-apps-7001/#ch2026010615012"",""ArkUI接口新增仅支持Stage模型的约束"")",entry\src\main\ets\pages\ngf\NGFCapabilitiesDatabasePage.ets:219,未修复,接口定义变更
declare class CommonMethod<T>,ArkTS,7.0.0(26) Beta1,ALL,"=HYPERLINK(""https://developer.huawei.com/consumer/cn/doc/harmonyos-releases/changelogs-for-all-apps-7001/#ch2026010615012"",""ArkUI接口新增仅支持Stage模型的约束"")",entry\src\main\ets\pages\ngf\NGFCapabilitiesDatabasePage.ets:220,未修复,接口定义变更
declare class CommonMethod<T>,ArkTS,7.0.0(26) Beta1,ALL,"=HYPERLINK(""https://developer.huawei.com/consumer/cn/doc/harmonyos-releases/changelogs-for-all-apps-7001/#ch2026010615012"",""ArkUI接口新增仅支持Stage模型的约束"")",entry\src\main\ets\pages\ngf\NGFCapabilitiesDatabasePage.ets:221,未修复,接口定义变更
declare class CommonMethod<T>,ArkTS,7.0.0(26) Beta1,ALL,"=HYPERLINK(""https://developer.huawei.com/consumer/cn/doc/harmonyos-releases/changelogs-for-all-apps-7001/#ch2026010615012"",""ArkUI接口新增仅支持Stage模型的约束"")",entry\src\main\ets\pages\ngf\NGFCapabilitiesDatabasePage.ets:231,未修复,接口定义变更
declare class CommonMethod<T>,ArkTS,7.0.0(26) Beta1,ALL,"=HYPERLINK(""https://developer.huawei.com/consumer/cn/doc/harmonyos-releases/changelogs-for-all-apps-7001/#ch2026010615012"",""ArkUI接口新增仅支持Stage模型的约束"")",entry\src\main\ets\pages\ngf\NGFCapabilitiesDatabasePage.ets:232,未修复,接口定义变更
declare class CommonMethod<T>,ArkTS,7.0.0(26) Beta1,ALL,"=HYPERLINK(""https://developer.huawei.com/consumer/cn/doc/harmonyos-releases/changelogs-for-all-apps-7001/#ch2026010615012"",""ArkUI接口新增仅支持Stage模型的约束"")",entry\src\main\ets\pages\ngf\NGFCapabilitiesDatabasePage.ets:233,未修复,接口定义变更
declare class CommonMethod<T>,ArkTS,7.0.0(26) Beta1,ALL,"=HYPERLINK(""https://developer.huawei.com/consumer/cn/doc/harmonyos-releases/changelogs-for-all-apps-7001/#ch2026010615012"",""ArkUI接口新增仅支持Stage模型的约束"")",entry\src\main\ets\pages\ngf\NGFCapabilitiesDatabasePage.ets:240,未修复,接口定义变更
declare class CommonMethod<T>,ArkTS,7.0.0(26) Beta1,ALL,"=HYPERLINK(""https://developer.huawei.com/consumer/cn/doc/harmonyos-releases/changelogs-for-all-apps-7001/#ch2026010615012"",""ArkUI接口新增仅支持Stage模型的约束"")",entry\src\main\ets\pages\ngf\NGFCapabilitiesDatabasePage.ets:241,未修复,接口定义变更
declare class CommonMethod<T>,ArkTS,7.0.0(26) Beta1,ALL,"=HYPERLINK(""https://developer.huawei.com/consumer/cn/doc/harmonyos-releases/changelogs-for-all-apps-7001/#ch2026010615012"",""ArkUI接口新增仅支持Stage模型的约束"")",entry\src\main\ets\pages\ngf\NGFCapabilitiesDatabasePage.ets:243,未修复,接口定义变更
declare class CommonMethod<T>,ArkTS,7.0.0(26) Beta1,ALL,"=HYPERLINK(""https://developer.huawei.com/consumer/cn/doc/harmonyos-releases/changelogs-for-all-apps-7001/#ch2026010615012"",""ArkUI接口新增仅支持Stage模型的约束"")",entry\src\main\ets\pages\ngf\NGFCapabilitiesDatabasePage.ets:244,未修复,接口定义变更
declare class CommonMethod<T>,ArkTS,7.0.0(26) Beta1,ALL,"=HYPERLINK(""https://developer.huawei.com/consumer/cn/doc/harmonyos-releases/changelogs-for-all-apps-7001/#ch2026010615012"",""ArkUI接口新增仅支持Stage模型的约束"")",entry\src\main\ets\pages\ngf\NGFCapabilitiesDatabasePage.ets:245,未修复,接口定义变更
declare class CommonMethod<T>,ArkTS,7.0.0(26) Beta1,ALL,"=HYPERLINK(""https://developer.huawei.com/consumer/cn/doc/harmonyos-releases/changelogs-for-all-apps-7001/#ch2026010615012"",""ArkUI接口新增仅支持Stage模型的约束"")",entry\src\main\ets\pages\ngf\NGFCapabilitiesDatabasePage.ets:246,未修复,接口定义变更
declare class CommonMethod<T>,ArkTS,7.0.0(26) Beta1,ALL,"=HYPERLINK(""https://developer.huawei.com/consumer/cn/doc/harmonyos-releases/changelogs-for-all-apps-7001/#ch2026010615012"",""ArkUI接口新增仅支持Stage模型的约束"")",entry\src\main\ets\pages\ngf\NGFCapabilitiesDatabasePage.ets:251,未修复,接口定义变更
declare class CommonMethod<T>,ArkTS,7.0.0(26) Beta1,ALL,"=HYPERLINK(""https://developer.huawei.com/consumer/cn/doc/harmonyos-releases/changelogs-for-all-apps-7001/#ch2026010615012"",""ArkUI接口新增仅支持Stage模型的约束"")",entry\src\main\ets\pages\ngf\NGFCapabilitiesDatabasePage.ets:252,未修复,接口定义变更
declare class CommonMethod<T>,ArkTS,7.0.0(26) Beta1,ALL,"=HYPERLINK(""https://developer.huawei.com/consumer/cn/doc/harmonyos-releases/changelogs-for-all-apps-7001/#ch2026010615012"",""ArkUI接口新增仅支持Stage模型的约束"")",entry\src\main\ets\pages\ngf\NGFCapabilitiesDatabasePage.ets:254,未修复,接口定义变更
declare class CommonMethod<T>,ArkTS,7.0.0(26) Beta1,ALL,"=HYPERLINK(""https://developer.huawei.com/consumer/cn/doc/harmonyos-releases/changelogs-for-all-apps-7001/#ch2026010615012"",""ArkUI接口新增仅支持Stage模型的约束"")",entry\src\main\ets\pages\ngf\NGFCapabilitiesDatabasePage.ets:255,未修复,接口定义变更
declare class CommonMethod<T>,ArkTS,7.0.0(26) Beta1,ALL,"=HYPERLINK(""https://developer.huawei.com/consumer/cn/doc/harmonyos-releases/changelogs-for-all-apps-7001/#ch2026010615012"",""ArkUI接口新增仅支持Stage模型的约束"")",entry\src\main\ets\pages\ngf\NGFCapabilitiesDatabasePage.ets:256,未修复,接口定义变更
declare class CommonMethod<T>,ArkTS,7.0.0(26) Beta1,ALL,"=HYPERLINK(""https://developer.huawei.com/consumer/cn/doc/harmonyos-releases/changelogs-for-all-apps-7001/#ch2026010615012"",""ArkUI接口新增仅支持Stage模型的约束"")",entry\src\main\ets\pages\ngf\NGFCapabilitiesDatabasePage.ets:257,未修复,接口定义变更
declare class CommonMethod<T>,ArkTS,7.0.0(26) Beta1,ALL,"=HYPERLINK(""https://developer.huawei.com/consumer/cn/doc/harmonyos-releases/changelogs-for-all-apps-7001/#ch2026010615012"",""ArkUI接口新增仅支持Stage模型的约束"")",entry\src\main\ets\pages\ngf\NGFCapabilitiesDatabasePage.ets:261,未修复,接口定义变更
declare class CommonMethod<T>,ArkTS,7.0.0(26) Beta1,ALL,"=HYPERLINK(""https://developer.huawei.com/consumer/cn/doc/harmonyos-releases/changelogs-for-all-apps-7001/#ch2026010615012"",""ArkUI接口新增仅支持Stage模型的约束"")",entry\src\main\ets\pages\ngf\NGFCapabilitiesDatabasePage.ets:263,未修复,接口定义变更
declare class CommonMethod<T>,ArkTS,7.0.0(26) Beta1,ALL,"=HYPERLINK(""https://developer.huawei.com/consumer/cn/doc/harmonyos-releases/changelogs-for-all-apps-7001/#ch2026010615012"",""ArkUI接口新增仅支持Stage模型的约束"")",entry\src\main\ets\pages\ngf\NGFCapabilitiesDatabasePage.ets:264,未修复,接口定义变更
declare class CommonMethod<T>,ArkTS,7.0.0(26) Beta1,ALL,"=HYPERLINK(""https://developer.huawei.com/consumer/cn/doc/harmonyos-releases/changelogs-for-all-apps-7001/#ch2026010615012"",""ArkUI接口新增仅支持Stage模型的约束"")",entry\src\main\ets\pages\ngf\NGFCapabilitiesDatabasePage.ets:265,未修复,接口定义变更
declare class CommonMethod<T>,ArkTS,7.0.0(26) Beta1,ALL,"=HYPERLINK(""https://developer.huawei.com/consumer/cn/doc/harmonyos-releases/changelogs-for-all-apps-7001/#ch2026010615012"",""ArkUI接口新增仅支持Stage模型的约束"")",entry\src\main\ets\pages\ngf\NGFCapabilitiesDatabasePage.ets:266,未修复,接口定义变更
declare class CommonMethod<T>,ArkTS,7.0.0(26) Beta1,ALL,"=HYPERLINK(""https://developer.huawei.com/consumer/cn/doc/harmonyos-releases/changelogs-for-all-apps-7001/#ch2026010615012"",""ArkUI接口新增仅支持Stage模型的约束"")",entry\src\main\ets\pages\ngf\NGFCapabilitiesDatabasePage.ets:267,未修复,接口定义变更
declare class CommonMethod<T>,ArkTS,7.0.0(26) Beta1,ALL,"=HYPERLINK(""https://developer.huawei.com/consumer/cn/doc/harmonyos-releases/changelogs-for-all-apps-7001/#ch2026010615012"",""ArkUI接口新增仅支持Stage模型的约束"")",entry\src\main\ets\pages\ngf\NGFCapabilitiesDatabasePage.ets:268,未修复,接口定义变更
declare class CommonMethod<T>,ArkTS,7.0.0(26) Beta1,ALL,"=HYPERLINK(""https://developer.huawei.com/consumer/cn/doc/harmonyos-releases/changelogs-for-all-apps-7001/#ch2026010615012"",""ArkUI接口新增仅支持Stage模型的约束"")",entry\src\main\ets\pages\ngf\NGFCapabilitiesDatabasePage.ets:281,未修复,接口定义变更
declare class CommonMethod<T>,ArkTS,7.0.0(26) Beta1,ALL,"=HYPERLINK(""https://developer.huawei.com/consumer/cn/doc/harmonyos-releases/changelogs-for-all-apps-7001/#ch2026010615012"",""ArkUI接口新增仅支持Stage模型的约束"")",entry\src\main\ets\pages\ngf\NGFCapabilitiesDatabasePage.ets:284,未修复,接口定义变更
declare class CommonMethod<T>,ArkTS,7.0.0(26) Beta1,ALL,"=HYPERLINK(""https://developer.huawei.com/consumer/cn/doc/harmonyos-releases/changelogs-for-all-apps-7001/#ch2026010615012"",""ArkUI接口新增仅支持Stage模型的约束"")",entry\src\main\ets\pages\ngf\NGFCapabilitiesDatabasePage.ets:285,未修复,接口定义变更
declare class CommonMethod<T>,ArkTS,7.0.0(26) Beta1,ALL,"=HYPERLINK(""https://developer.huawei.com/consumer/cn/doc/harmonyos-releases/changelogs-for-all-apps-7001/#ch2026010615012"",""ArkUI接口新增仅支持Stage模型的约束"")",entry\src\main\ets\pages\ngf\NGFCapabilitiesDatabasePage.ets:293,未修复,接口定义变更
declare class CommonMethod<T>,ArkTS,7.0.0(26) Beta1,ALL,"=HYPERLINK(""https://developer.huawei.com/consumer/cn/doc/harmonyos-releases/changelogs-for-all-apps-7001/#ch2026010615012"",""ArkUI接口新增仅支持Stage模型的约束"")",entry\src\main\ets\pages\ngf\NGFCapabilitiesDatabasePage.ets:294,未修复,接口定义变更
declare class CommonMethod<T>,ArkTS,7.0.0(26) Beta1,ALL,"=HYPERLINK(""https://developer.huawei.com/consumer/cn/doc/harmonyos-releases/changelogs-for-all-apps-7001/#ch2026010615012"",""ArkUI接口新增仅支持Stage模型的约束"")",entry\src\main\ets\pages\ngf\NGFCapabilitiesDatabasePage.ets:304,未修复,接口定义变更
declare class CommonMethod<T>,ArkTS,7.0.0(26) Beta1,ALL,"=HYPERLINK(""https://developer.huawei.com/consumer/cn/doc/harmonyos-releases/changelogs-for-all-apps-7001/#ch2026010615012"",""ArkUI接口新增仅支持Stage模型的约束"")",entry\src\main\ets\pages\ngf\NGFCapabilitiesDatabasePage.ets:305,未修复,接口定义变更
declare class CommonMethod<T>,ArkTS,7.0.0(26) Beta1,ALL,"=HYPERLINK(""https://developer.huawei.com/consumer/cn/doc/harmonyos-releases/changelogs-for-all-apps-7001/#ch2026010615012"",""ArkUI接口新增仅支持Stage模型的约束"")",entry\src\main\ets\pages\ngf\NGFCapabilitiesDatabasePage.ets:310,未修复,接口定义变更
declare class CommonMethod<T>,ArkTS,7.0.0(26) Beta1,ALL,"=HYPERLINK(""https://developer.huawei.com/consumer/cn/doc/harmonyos-releases/changelogs-for-all-apps-7001/#ch2026010615012"",""ArkUI接口新增仅支持Stage模型的约束"")",entry\src\main\ets\pages\ngf\NGFCapabilitiesDatabasePage.ets:311,未修复,接口定义变更
declare class CommonMethod<T>,ArkTS,7.0.0(26) Beta1,ALL,"=HYPERLINK(""https://developer.huawei.com/consumer/cn/doc/harmonyos-releases/changelogs-for-all-apps-7001/#ch2026010615012"",""ArkUI接口新增仅支持Stage模型的约束"")",entry\src\main\ets\pages\ngf\NGFCapabilitiesDatabasePage.ets:327,未修复,接口定义变更
declare class CommonMethod<T>,ArkTS,7.0.0(26) Beta1,ALL,"=HYPERLINK(""https://developer.huawei.com/consumer/cn/doc/harmonyos-releases/changelogs-for-all-apps-7001/#ch2026010615012"",""ArkUI接口新增仅支持Stage模型的约束"")",entry\src\main\ets\pages\ngf\NGFCapabilitiesDatabasePage.ets:331,未修复,接口定义变更
declare class CommonMethod<T>,ArkTS,7.0.0(26) Beta1,ALL,"=HYPERLINK(""https://developer.huawei.com/consumer/cn/doc/harmonyos-releases/changelogs-for-all-apps-7001/#ch2026010615012"",""ArkUI接口新增仅支持Stage模型的约束"")",entry\src\main\ets\pages\ngf\NGFCapabilitiesDatabasePage.ets:332,未修复,接口定义变更
declare class CommonMethod<T>,ArkTS,7.0.0(26) Beta1,ALL,"=HYPERLINK(""https://developer.huawei.com/consumer/cn/doc/harmonyos-releases/changelogs-for-all-apps-7001/#ch2026010615012"",""ArkUI接口新增仅支持Stage模型的约束"")",entry\src\main\ets\pages\ngf\NGFCapabilitiesDatabasePage.ets:334,未修复,接口定义变更
declare class CommonMethod<T>,ArkTS,7.0.0(26) Beta1,ALL,"=HYPERLINK(""https://developer.huawei.com/consumer/cn/doc/harmonyos-releases/changelogs-for-all-apps-7001/#ch2026010615012"",""ArkUI接口新增仅支持Stage模型的约束"")",entry\src\main\ets\pages\ngf\NGFCapabilitiesDatabasePage.ets:336,未修复,接口定义变更
declare class CommonMethod<T>,ArkTS,7.0.0(26) Beta1,ALL,"=HYPERLINK(""https://developer.huawei.com/consumer/cn/doc/harmonyos-releases/changelogs-for-all-apps-7001/#ch2026010615012"",""ArkUI接口新增仅支持Stage模型的约束"")",entry\src\main\ets\pages\ngf\NGFCapabilitiesDatabasePage.ets:337,未修复,接口定义变更
declare class CommonMethod<T>,ArkTS,7.0.0(26) Beta1,ALL,"=HYPERLINK(""https://developer.huawei.com/consumer/cn/doc/harmonyos-releases/changelogs-for-all-apps-7001/#ch2026010615012"",""ArkUI接口新增仅支持Stage模型的约束"")",entry\src\main\ets\pages\ngf\NGFCapabilitiesDatabasePage.ets:341,未修复,接口定义变更
declare class CommonMethod<T>,ArkTS,7.0.0(26) Beta1,ALL,"=HYPERLINK(""https://developer.huawei.com/consumer/cn/doc/harmonyos-releases/changelogs-for-all-apps-7001/#ch2026010615012"",""ArkUI接口新增仅支持Stage模型的约束"")",entry\src\main\ets\pages\ngf\NGFCapabilitiesDatabasePage.ets:342,未修复,接口定义变更
declare class CommonMethod<T>,ArkTS,7.0.0(26) Beta1,ALL,"=HYPERLINK(""https://developer.huawei.com/consumer/cn/doc/harmonyos-releases/changelogs-for-all-apps-7001/#ch2026010615012"",""ArkUI接口新增仅支持Stage模型的约束"")",entry\src\main\ets\pages\ngf\NGFCapabilitiesDatabasePage.ets:343,未修复,接口定义变更
declare class CommonMethod<T>,ArkTS,7.0.0(26) Beta1,ALL,"=HYPERLINK(""https://developer.huawei.com/consumer/cn/doc/harmonyos-releases/changelogs-for-all-apps-7001/#ch2026010615012"",""ArkUI接口新增仅支持Stage模型的约束"")",entry\src\main\ets\pages\ngf\NGFCapabilitiesDatabasePage.ets:344,未修复,接口定义变更
declare class CommonMethod<T>,ArkTS,7.0.0(26) Beta1,ALL,"=HYPERLINK(""https://developer.huawei.com/consumer/cn/doc/harmonyos-releases/changelogs-for-all-apps-7001/#ch2026010615012"",""ArkUI接口新增仅支持Stage模型的约束"")",entry\src\main\ets\pages\ngf\NGFCapabilitiesDatabasePage.ets:345,未修复,接口定义变更
declare class CommonMethod<T>,ArkTS,7.0.0(26) Beta1,ALL,"=HYPERLINK(""https://developer.huawei.com/consumer/cn/doc/harmonyos-releases/changelogs-for-all-apps-7001/#ch2026010615012"",""ArkUI接口新增仅支持Stage模型的约束"")",entry\src\main\ets\pages\ngf\NGFCapabilitiesHardwarePage.ets:107,未修复,接口定义变更
declare class CommonMethod<T>,ArkTS,7.0.0(26) Beta1,ALL,"=HYPERLINK(""https://developer.huawei.com/consumer/cn/doc/harmonyos-releases/changelogs-for-all-apps-7001/#ch2026010615012"",""ArkUI接口新增仅支持Stage模型的约束"")",entry\src\main\ets\pages\ngf\NGFCapabilitiesHardwarePage.ets:108,未修复,接口定义变更
declare class CommonMethod<T>,ArkTS,7.0.0(26) Beta1,ALL,"=HYPERLINK(""https://developer.huawei.com/consumer/cn/doc/harmonyos-releases/changelogs-for-all-apps-7001/#ch2026010615012"",""ArkUI接口新增仅支持Stage模型的约束"")",entry\src\main\ets\pages\ngf\NGFCapabilitiesHardwarePage.ets:110,未修复,接口定义变更
declare class CommonMethod<T>,ArkTS,7.0.0(26) Beta1,ALL,"=HYPERLINK(""https://developer.huawei.com/consumer/cn/doc/harmonyos-releases/changelogs-for-all-apps-7001/#ch2026010615012"",""ArkUI接口新增仅支持Stage模型的约束"")",entry\src\main\ets\pages\ngf\NGFCapabilitiesHardwarePage.ets:111,未修复,接口定义变更
declare class CommonMethod<T>,ArkTS,7.0.0(26) Beta1,ALL,"=HYPERLINK(""https://developer.huawei.com/consumer/cn/doc/harmonyos-releases/changelogs-for-all-apps-7001/#ch2026010615012"",""ArkUI接口新增仅支持Stage模型的约束"")",entry\src\main\ets\pages\ngf\NGFCapabilitiesHardwarePage.ets:112,未修复,接口定义变更
declare class CommonMethod<T>,ArkTS,7.0.0(26) Beta1,ALL,"=HYPERLINK(""https://developer.huawei.com/consumer/cn/doc/harmonyos-releases/changelogs-for-all-apps-7001/#ch2026010615012"",""ArkUI接口新增仅支持Stage模型的约束"")",entry\src\main\ets\pages\ngf\NGFCapabilitiesHardwarePage.ets:117,未修复,接口定义变更
declare class CommonMethod<T>,ArkTS,7.0.0(26) Beta1,ALL,"=HYPERLINK(""https://developer.huawei.com/consumer/cn/doc/harmonyos-releases/changelogs-for-all-apps-7001/#ch2026010615012"",""ArkUI接口新增仅支持Stage模型的约束"")",entry\src\main\ets\pages\ngf\NGFCapabilitiesHardwarePage.ets:118,未修复,接口定义变更
declare class CommonMethod<T>,ArkTS,7.0.0(26) Beta1,ALL,"=HYPERLINK(""https://developer.huawei.com/consumer/cn/doc/harmonyos-releases/changelogs-for-all-apps-7001/#ch2026010615012"",""ArkUI接口新增仅支持Stage模型的约束"")",entry\src\main\ets\pages\ngf\NGFCapabilitiesHardwarePage.ets:120,未修复,接口定义变更
declare class CommonMethod<T>,ArkTS,7.0.0(26) Beta1,ALL,"=HYPERLINK(""https://developer.huawei.com/consumer/cn/doc/harmonyos-releases/changelogs-for-all-apps-7001/#ch2026010615012"",""ArkUI接口新增仅支持Stage模型的约束"")",entry\src\main\ets\pages\ngf\NGFCapabilitiesHardwarePage.ets:121,未修复,接口定义变更
declare class CommonMethod<T>,ArkTS,7.0.0(26) Beta1,ALL,"=HYPERLINK(""https://developer.huawei.com/consumer/cn/doc/harmonyos-releases/changelogs-for-all-apps-7001/#ch2026010615012"",""ArkUI接口新增仅支持Stage模型的约束"")",entry\src\main\ets\pages\ngf\NGFCapabilitiesHardwarePage.ets:122,未修复,接口定义变更
declare class CommonMethod<T>,ArkTS,7.0.0(26) Beta1,ALL,"=HYPERLINK(""https://developer.huawei.com/consumer/cn/doc/harmonyos-releases/changelogs-for-all-apps-7001/#ch2026010615012"",""ArkUI接口新增仅支持Stage模型的约束"")",entry\src\main\ets\pages\ngf\NGFCapabilitiesHardwarePage.ets:125,未修复,接口定义变更
declare class CommonMethod<T>,ArkTS,7.0.0(26) Beta1,ALL,"=HYPERLINK(""https://developer.huawei.com/consumer/cn/doc/harmonyos-releases/changelogs-for-all-apps-7001/#ch2026010615012"",""ArkUI接口新增仅支持Stage模型的约束"")",entry\src\main\ets\pages\ngf\NGFCapabilitiesHardwarePage.ets:131,未修复,接口定义变更
declare class CommonMethod<T>,ArkTS,7.0.0(26) Beta1,ALL,"=HYPERLINK(""https://developer.huawei.com/consumer/cn/doc/harmonyos-releases/changelogs-for-all-apps-7001/#ch2026010615012"",""ArkUI接口新增仅支持Stage模型的约束"")",entry\src\main\ets\pages\ngf\NGFCapabilitiesHardwarePage.ets:132,未修复,接口定义变更
declare class CommonMethod<T>,ArkTS,7.0.0(26) Beta1,ALL,"=HYPERLINK(""https://developer.huawei.com/consumer/cn/doc/harmonyos-releases/changelogs-for-all-apps-7001/#ch2026010615012"",""ArkUI接口新增仅支持Stage模型的约束"")",entry\src\main\ets\pages\ngf\NGFCapabilitiesHardwarePage.ets:133,未修复,接口定义变更
declare class CommonMethod<T>,ArkTS,7.0.0(26) Beta1,ALL,"=HYPERLINK(""https://developer.huawei.com/consumer/cn/doc/harmonyos-releases/changelogs-for-all-apps-7001/#ch2026010615012"",""ArkUI接口新增仅支持Stage模型的约束"")",entry\src\main\ets\pages\ngf\NGFCapabilitiesHardwarePage.ets:134,未修复,接口定义变更
declare class CommonMethod<T>,ArkTS,7.0.0(26) Beta1,ALL,"=HYPERLINK(""https://developer.huawei.com/consumer/cn/doc/harmonyos-releases/changelogs-for-all-apps-7001/#ch2026010615012"",""ArkUI接口新增仅支持Stage模型的约束"")",entry\src\main\ets\pages\ngf\NGFCapabilitiesHardwarePage.ets:141,未修复,接口定义变更
declare class CommonMethod<T>,ArkTS,7.0.0(26) Beta1,ALL,"=HYPERLINK(""https://developer.huawei.com/consumer/cn/doc/harmonyos-releases/changelogs-for-all-apps-7001/#ch2026010615012"",""ArkUI接口新增仅支持Stage模型的约束"")",entry\src\main\ets\pages\ngf\NGFCapabilitiesHardwarePage.ets:144,未修复,接口定义变更
declare class CommonMethod<T>,ArkTS,7.0.0(26) Beta1,ALL,"=HYPERLINK(""https://developer.huawei.com/consumer/cn/doc/harmonyos-releases/changelogs-for-all-apps-7001/#ch2026010615012"",""ArkUI接口新增仅支持Stage模型的约束"")",entry\src\main\ets\pages\ngf\NGFCapabilitiesHardwarePage.ets:145,未修复,接口定义变更
declare class CommonMethod<T>,ArkTS,7.0.0(26) Beta1,ALL,"=HYPERLINK(""https://developer.huawei.com/consumer/cn/doc/harmonyos-releases/changelogs-for-all-apps-7001/#ch2026010615012"",""ArkUI接口新增仅支持Stage模型的约束"")",entry\src\main\ets\pages\ngf\NGFCapabilitiesHardwarePage.ets:146,未修复,接口定义变更
declare class CommonMethod<T>,ArkTS,7.0.0(26) Beta1,ALL,"=HYPERLINK(""https://developer.huawei.com/consumer/cn/doc/harmonyos-releases/changelogs-for-all-apps-7001/#ch2026010615012"",""ArkUI接口新增仅支持Stage模型的约束"")",entry\src\main\ets\pages\ngf\NGFCapabilitiesHardwarePage.ets:147,未修复,接口定义变更
declare class CommonMethod<T>,ArkTS,7.0.0(26) Beta1,ALL,"=HYPERLINK(""https://developer.huawei.com/consumer/cn/doc/harmonyos-releases/changelogs-for-all-apps-7001/#ch2026010615012"",""ArkUI接口新增仅支持Stage模型的约束"")",entry\src\main\ets\pages\ngf\NGFCapabilitiesHardwarePage.ets:148,未修复,接口定义变更
declare class CommonMethod<T>,ArkTS,7.0.0(26) Beta1,ALL,"=HYPERLINK(""https://developer.huawei.com/consumer/cn/doc/harmonyos-releases/changelogs-for-all-apps-7001/#ch2026010615012"",""ArkUI接口新增仅支持Stage模型的约束"")",entry\src\main\ets\pages\ngf\NGFCapabilitiesHardwarePage.ets:149,未修复,接口定义变更
declare class CommonMethod<T>,ArkTS,7.0.0(26) Beta1,ALL,"=HYPERLINK(""https://developer.huawei.com/consumer/cn/doc/harmonyos-releases/changelogs-for-all-apps-7001/#ch2026010615012"",""ArkUI接口新增仅支持Stage模型的约束"")",entry\src\main\ets\pages\ngf\NGFCapabilitiesHardwarePage.ets:43,未修复,接口定义变更
declare class CommonMethod<T>,ArkTS,7.0.0(26) Beta1,ALL,"=HYPERLINK(""https://developer.huawei.com/consumer/cn/doc/harmonyos-releases/changelogs-for-all-apps-7001/#ch2026010615012"",""ArkUI接口新增仅支持Stage模型的约束"")",entry\src\main\ets\pages\ngf\NGFCapabilitiesHardwarePage.ets:44,未修复,接口定义变更
declare class CommonMethod<T>,ArkTS,7.0.0(26) Beta1,ALL,"=HYPERLINK(""https://developer.huawei.com/consumer/cn/doc/harmonyos-releases/changelogs-for-all-apps-7001/#ch2026010615012"",""ArkUI接口新增仅支持Stage模型的约束"")",entry\src\main\ets\pages\ngf\NGFCapabilitiesHardwarePage.ets:46,未修复,接口定义变更
declare class CommonMethod<T>,ArkTS,7.0.0(26) Beta1,ALL,"=HYPERLINK(""https://developer.huawei.com/consumer/cn/doc/harmonyos-releases/changelogs-for-all-apps-7001/#ch2026010615012"",""ArkUI接口新增仅支持Stage模型的约束"")",entry\src\main\ets\pages\ngf\NGFCapabilitiesHardwarePage.ets:47,未修复,接口定义变更
declare class CommonMethod<T>,ArkTS,7.0.0(26) Beta1,ALL,"=HYPERLINK(""https://developer.huawei.com/consumer/cn/doc/harmonyos-releases/changelogs-for-all-apps-7001/#ch2026010615012"",""ArkUI接口新增仅支持Stage模型的约束"")",entry\src\main\ets\pages\ngf\NGFCapabilitiesHardwarePage.ets:50,未修复,接口定义变更
declare class CommonMethod<T>,ArkTS,7.0.0(26) Beta1,ALL,"=HYPERLINK(""https://developer.huawei.com/consumer/cn/doc/harmonyos-releases/changelogs-for-all-apps-7001/#ch2026010615012"",""ArkUI接口新增仅支持Stage模型的约束"")",entry\src\main\ets\pages\ngf\NGFCapabilitiesHardwarePage.ets:51,未修复,接口定义变更
declare class CommonMethod<T>,ArkTS,7.0.0(26) Beta1,ALL,"=HYPERLINK(""https://developer.huawei.com/consumer/cn/doc/harmonyos-releases/changelogs-for-all-apps-7001/#ch2026010615012"",""ArkUI接口新增仅支持Stage模型的约束"")",entry\src\main\ets\pages\ngf\NGFCapabilitiesHardwarePage.ets:53,未修复,接口定义变更
declare class CommonMethod<T>,ArkTS,7.0.0(26) Beta1,ALL,"=HYPERLINK(""https://developer.huawei.com/consumer/cn/doc/harmonyos-releases/changelogs-for-all-apps-7001/#ch2026010615012"",""ArkUI接口新增仅支持Stage模型的约束"")",entry\src\main\ets\pages\ngf\NGFCapabilitiesHardwarePage.ets:54,未修复,接口定义变更
declare class CommonMethod<T>,ArkTS,7.0.0(26) Beta1,ALL,"=HYPERLINK(""https://developer.huawei.com/consumer/cn/doc/harmonyos-releases/changelogs-for-all-apps-7001/#ch2026010615012"",""ArkUI接口新增仅支持Stage模型的约束"")",entry\src\main\ets\pages\ngf\NGFCapabilitiesHardwarePage.ets:92,未修复,接口定义变更
declare class CommonMethod<T>,ArkTS,7.0.0(26) Beta1,ALL,"=HYPERLINK(""https://developer.huawei.com/consumer/cn/doc/harmonyos-releases/changelogs-for-all-apps-7001/#ch2026010615012"",""ArkUI接口新增仅支持Stage模型的约束"")",entry\src\main\ets\pages\ngf\NGFCapabilitiesHardwarePage.ets:93,未修复,接口定义变更
declare class CommonMethod<T>,ArkTS,7.0.0(26) Beta1,ALL,"=HYPERLINK(""https://developer.huawei.com/consumer/cn/doc/harmonyos-releases/changelogs-for-all-apps-7001/#ch2026010615012"",""ArkUI接口新增仅支持Stage模型的约束"")",entry\src\main\ets\pages\ngf\NGFCapabilitiesHardwarePage.ets:94,未修复,接口定义变更
declare class CommonMethod<T>,ArkTS,7.0.0(26) Beta1,ALL,"=HYPERLINK(""https://developer.huawei.com/consumer/cn/doc/harmonyos-releases/changelogs-for-all-apps-7001/#ch2026010615012"",""ArkUI接口新增仅支持Stage模型的约束"")",entry\src\main\ets\pages\ngf\NGFCapabilitiesHardwarePage.ets:98,未修复,接口定义变更
declare class CommonMethod<T>,ArkTS,7.0.0(26) Beta1,ALL,"=HYPERLINK(""https://developer.huawei.com/consumer/cn/doc/harmonyos-releases/changelogs-for-all-apps-7001/#ch2026010615012"",""ArkUI接口新增仅支持Stage模型的约束"")",entry\src\main\ets\pages\ngf\NGFCapabilitiesHardwarePage.ets:99,未修复,接口定义变更
declare class CommonMethod<T>,ArkTS,7.0.0(26) Beta1,ALL,"=HYPERLINK(""https://developer.huawei.com/consumer/cn/doc/harmonyos-releases/changelogs-for-all-apps-7001/#ch2026010615012"",""ArkUI接口新增仅支持Stage模型的约束"")",entry\src\main\ets\pages\ngf\NGFCapabilitiesMediaPage.ets:104,未修复,接口定义变更
declare class CommonMethod<T>,ArkTS,7.0.0(26) Beta1,ALL,"=HYPERLINK(""https://developer.huawei.com/consumer/cn/doc/harmonyos-releases/changelogs-for-all-apps-7001/#ch2026010615012"",""ArkUI接口新增仅支持Stage模型的约束"")",entry\src\main\ets\pages\ngf\NGFCapabilitiesMediaPage.ets:105,未修复,接口定义变更
declare class CommonMethod<T>,ArkTS,7.0.0(26) Beta1,ALL,"=HYPERLINK(""https://developer.huawei.com/consumer/cn/doc/harmonyos-releases/changelogs-for-all-apps-7001/#ch2026010615012"",""ArkUI接口新增仅支持Stage模型的约束"")",entry\src\main\ets\pages\ngf\NGFCapabilitiesMediaPage.ets:107,未修复,接口定义变更
declare class CommonMethod<T>,ArkTS,7.0.0(26) Beta1,ALL,"=HYPERLINK(""https://developer.huawei.com/consumer/cn/doc/harmonyos-releases/changelogs-for-all-apps-7001/#ch2026010615012"",""ArkUI接口新增仅支持Stage模型的约束"")",entry\src\main\ets\pages\ngf\NGFCapabilitiesMediaPage.ets:108,未修复,接口定义变更
declare class CommonMethod<T>,ArkTS,7.0.0(26) Beta1,ALL,"=HYPERLINK(""https://developer.huawei.com/consumer/cn/doc/harmonyos-releases/changelogs-for-all-apps-7001/#ch2026010615012"",""ArkUI接口新增仅支持Stage模型的约束"")",entry\src\main\ets\pages\ngf\NGFCapabilitiesMediaPage.ets:109,未修复,接口定义变更
declare class CommonMethod<T>,ArkTS,7.0.0(26) Beta1,ALL,"=HYPERLINK(""https://developer.huawei.com/consumer/cn/doc/harmonyos-releases/changelogs-for-all-apps-7001/#ch2026010615012"",""ArkUI接口新增仅支持Stage模型的约束"")",entry\src\main\ets\pages\ngf\NGFCapabilitiesMediaPage.ets:117,未修复,接口定义变更
declare class CommonMethod<T>,ArkTS,7.0.0(26) Beta1,ALL,"=HYPERLINK(""https://developer.huawei.com/consumer/cn/doc/harmonyos-releases/changelogs-for-all-apps-7001/#ch2026010615012"",""ArkUI接口新增仅支持Stage模型的约束"")",entry\src\main\ets\pages\ngf\NGFCapabilitiesMediaPage.ets:118,未修复,接口定义变更
declare class CommonMethod<T>,ArkTS,7.0.0(26) Beta1,ALL,"=HYPERLINK(""https://developer.huawei.com/consumer/cn/doc/harmonyos-releases/changelogs-for-all-apps-7001/#ch2026010615012"",""ArkUI接口新增仅支持Stage模型的约束"")",entry\src\main\ets\pages\ngf\NGFCapabilitiesMediaPage.ets:120,未修复,接口定义变更
declare class CommonMethod<T>,ArkTS,7.0.0(26) Beta1,ALL,"=HYPERLINK(""https://developer.huawei.com/consumer/cn/doc/harmonyos-releases/changelogs-for-all-apps-7001/#ch2026010615012"",""ArkUI接口新增仅支持Stage模型的约束"")",entry\src\main\ets\pages\ngf\NGFCapabilitiesMediaPage.ets:129,未修复,接口定义变更
declare class CommonMethod<T>,ArkTS,7.0.0(26) Beta1,ALL,"=HYPERLINK(""https://developer.huawei.com/consumer/cn/doc/harmonyos-releases/changelogs-for-all-apps-7001/#ch2026010615012"",""ArkUI接口新增仅支持Stage模型的约束"")",entry\src\main\ets\pages\ngf\NGFCapabilitiesMediaPage.ets:132,未修复,接口定义变更
declare class CommonMethod<T>,ArkTS,7.0.0(26) Beta1,ALL,"=HYPERLINK(""https://developer.huawei.com/consumer/cn/doc/harmonyos-releases/changelogs-for-all-apps-7001/#ch2026010615012"",""ArkUI接口新增仅支持Stage模型的约束"")",entry\src\main\ets\pages\ngf\NGFCapabilitiesMediaPage.ets:133,未修复,接口定义变更
declare class CommonMethod<T>,ArkTS,7.0.0(26) Beta1,ALL,"=HYPERLINK(""https://developer.huawei.com/consumer/cn/doc/harmonyos-releases/changelogs-for-all-apps-7001/#ch2026010615012"",""ArkUI接口新增仅支持Stage模型的约束"")",entry\src\main\ets\pages\ngf\NGFCapabilitiesMediaPage.ets:134,未修复,接口定义变更
declare class CommonMethod<T>,ArkTS,7.0.0(26) Beta1,ALL,"=HYPERLINK(""https://developer.huawei.com/consumer/cn/doc/harmonyos-releases/changelogs-for-all-apps-7001/#ch2026010615012"",""ArkUI接口新增仅支持Stage模型的约束"")",entry\src\main\ets\pages\ngf\NGFCapabilitiesMediaPage.ets:135,未修复,接口定义变更
declare class CommonMethod<T>,ArkTS,7.0.0(26) Beta1,ALL,"=HYPERLINK(""https://developer.huawei.com/consumer/cn/doc/harmonyos-releases/changelogs-for-all-apps-7001/#ch2026010615012"",""ArkUI接口新增仅支持Stage模型的约束"")",entry\src\main\ets\pages\ngf\NGFCapabilitiesMediaPage.ets:136,未修复,接口定义变更
declare class CommonMethod<T>,ArkTS,7.0.0(26) Beta1,ALL,"=HYPERLINK(""https://developer.huawei.com/consumer/cn/doc/harmonyos-releases/changelogs-for-all-apps-7001/#ch2026010615012"",""ArkUI接口新增仅支持Stage模型的约束"")",entry\src\main\ets\pages\ngf\NGFCapabilitiesMediaPage.ets:137,未修复,接口定义变更
declare class CommonMethod<T>,ArkTS,7.0.0(26) Beta1,ALL,"=HYPERLINK(""https://developer.huawei.com/consumer/cn/doc/harmonyos-releases/changelogs-for-all-apps-7001/#ch2026010615012"",""ArkUI接口新增仅支持Stage模型的约束"")",entry\src\main\ets\pages\ngf\NGFCapabilitiesMediaPage.ets:42,未修复,接口定义变更
declare class CommonMethod<T>,ArkTS,7.0.0(26) Beta1,ALL,"=HYPERLINK(""https://developer.huawei.com/consumer/cn/doc/harmonyos-releases/changelogs-for-all-apps-7001/#ch2026010615012"",""ArkUI接口新增仅支持Stage模型的约束"")",entry\src\main\ets\pages\ngf\NGFCapabilitiesMediaPage.ets:43,未修复,接口定义变更
declare class CommonMethod<T>,ArkTS,7.0.0(26) Beta1,ALL,"=HYPERLINK(""https://developer.huawei.com/consumer/cn/doc/harmonyos-releases/changelogs-for-all-apps-7001/#ch2026010615012"",""ArkUI接口新增仅支持Stage模型的约束"")",entry\src\main\ets\pages\ngf\NGFCapabilitiesMediaPage.ets:45,未修复,接口定义变更
declare class CommonMethod<T>,ArkTS,7.0.0(26) Beta1,ALL,"=HYPERLINK(""https://developer.huawei.com/consumer/cn/doc/harmonyos-releases/changelogs-for-all-apps-7001/#ch2026010615012"",""ArkUI接口新增仅支持Stage模型的约束"")",entry\src\main\ets\pages\ngf\NGFCapabilitiesMediaPage.ets:46,未修复,接口定义变更
declare class CommonMethod<T>,ArkTS,7.0.0(26) Beta1,ALL,"=HYPERLINK(""https://developer.huawei.com/consumer/cn/doc/harmonyos-releases/changelogs-for-all-apps-7001/#ch2026010615012"",""ArkUI接口新增仅支持Stage模型的约束"")",entry\src\main\ets\pages\ngf\NGFCapabilitiesMediaPage.ets:49,未修复,接口定义变更
declare class CommonMethod<T>,ArkTS,7.0.0(26) Beta1,ALL,"=HYPERLINK(""https://developer.huawei.com/consumer/cn/doc/harmonyos-releases/changelogs-for-all-apps-7001/#ch2026010615012"",""ArkUI接口新增仅支持Stage模型的约束"")",entry\src\main\ets\pages\ngf\NGFCapabilitiesMediaPage.ets:50,未修复,接口定义变更
declare class CommonMethod<T>,ArkTS,7.0.0(26) Beta1,ALL,"=HYPERLINK(""https://developer.huawei.com/consumer/cn/doc/harmonyos-releases/changelogs-for-all-apps-7001/#ch2026010615012"",""ArkUI接口新增仅支持Stage模型的约束"")",entry\src\main\ets\pages\ngf\NGFCapabilitiesMediaPage.ets:52,未修复,接口定义变更
declare class CommonMethod<T>,ArkTS,7.0.0(26) Beta1,ALL,"=HYPERLINK(""https://developer.huawei.com/consumer/cn/doc/harmonyos-releases/changelogs-for-all-apps-7001/#ch2026010615012"",""ArkUI接口新增仅支持Stage模型的约束"")",entry\src\main\ets\pages\ngf\NGFCapabilitiesMediaPage.ets:53,未修复,接口定义变更
declare class CommonMethod<T>,ArkTS,7.0.0(26) Beta1,ALL,"=HYPERLINK(""https://developer.huawei.com/consumer/cn/doc/harmonyos-releases/changelogs-for-all-apps-7001/#ch2026010615012"",""ArkUI接口新增仅支持Stage模型的约束"")",entry\src\main\ets\pages\ngf\NGFCapabilitiesMediaPage.ets:90,未修复,接口定义变更
declare class CommonMethod<T>,ArkTS,7.0.0(26) Beta1,ALL,"=HYPERLINK(""https://developer.huawei.com/consumer/cn/doc/harmonyos-releases/changelogs-for-all-apps-7001/#ch2026010615012"",""ArkUI接口新增仅支持Stage模型的约束"")",entry\src\main\ets\pages\ngf\NGFCapabilitiesMediaPage.ets:91,未修复,接口定义变更
declare class CommonMethod<T>,ArkTS,7.0.0(26) Beta1,ALL,"=HYPERLINK(""https://developer.huawei.com/consumer/cn/doc/harmonyos-releases/changelogs-for-all-apps-7001/#ch2026010615012"",""ArkUI接口新增仅支持Stage模型的约束"")",entry\src\main\ets\pages\ngf\NGFCapabilitiesMediaPage.ets:92,未修复,接口定义变更
declare class CommonMethod<T>,ArkTS,7.0.0(26) Beta1,ALL,"=HYPERLINK(""https://developer.huawei.com/consumer/cn/doc/harmonyos-releases/changelogs-for-all-apps-7001/#ch2026010615012"",""ArkUI接口新增仅支持Stage模型的约束"")",entry\src\main\ets\pages\ngf\NGFCapabilitiesMediaPage.ets:96,未修复,接口定义变更
declare class CommonMethod<T>,ArkTS,7.0.0(26) Beta1,ALL,"=HYPERLINK(""https://developer.huawei.com/consumer/cn/doc/harmonyos-releases/changelogs-for-all-apps-7001/#ch2026010615012"",""ArkUI接口新增仅支持Stage模型的约束"")",entry\src\main\ets\pages\ngf\NGFCapabilitiesMediaPage.ets:97,未修复,接口定义变更
declare class CommonMethod<T>,ArkTS,7.0.0(26) Beta1,ALL,"=HYPERLINK(""https://developer.huawei.com/consumer/cn/doc/harmonyos-releases/changelogs-for-all-apps-7001/#ch2026010615012"",""ArkUI接口新增仅支持Stage模型的约束"")",entry\src\main\ets\pages\ngf\NGFCapabilitiesNetworkPage.ets:105,未修复,接口定义变更
declare class CommonMethod<T>,ArkTS,7.0.0(26) Beta1,ALL,"=HYPERLINK(""https://developer.huawei.com/consumer/cn/doc/harmonyos-releases/changelogs-for-all-apps-7001/#ch2026010615012"",""ArkUI接口新增仅支持Stage模型的约束"")",entry\src\main\ets\pages\ngf\NGFCapabilitiesNetworkPage.ets:106,未修复,接口定义变更
declare class CommonMethod<T>,ArkTS,7.0.0(26) Beta1,ALL,"=HYPERLINK(""https://developer.huawei.com/consumer/cn/doc/harmonyos-releases/changelogs-for-all-apps-7001/#ch2026010615012"",""ArkUI接口新增仅支持Stage模型的约束"")",entry\src\main\ets\pages\ngf\NGFCapabilitiesNetworkPage.ets:108,未修复,接口定义变更
declare class CommonMethod<T>,ArkTS,7.0.0(26) Beta1,ALL,"=HYPERLINK(""https://developer.huawei.com/consumer/cn/doc/harmonyos-releases/changelogs-for-all-apps-7001/#ch2026010615012"",""ArkUI接口新增仅支持Stage模型的约束"")",entry\src\main\ets\pages\ngf\NGFCapabilitiesNetworkPage.ets:109,未修复,接口定义变更
declare class CommonMethod<T>,ArkTS,7.0.0(26) Beta1,ALL,"=HYPERLINK(""https://developer.huawei.com/consumer/cn/doc/harmonyos-releases/changelogs-for-all-apps-7001/#ch2026010615012"",""ArkUI接口新增仅支持Stage模型的约束"")",entry\src\main\ets\pages\ngf\NGFCapabilitiesNetworkPage.ets:110,未修复,接口定义变更
declare class CommonMethod<T>,ArkTS,7.0.0(26) Beta1,ALL,"=HYPERLINK(""https://developer.huawei.com/consumer/cn/doc/harmonyos-releases/changelogs-for-all-apps-7001/#ch2026010615012"",""ArkUI接口新增仅支持Stage模型的约束"")",entry\src\main\ets\pages\ngf\NGFCapabilitiesNetworkPage.ets:118,未修复,接口定义变更
declare class CommonMethod<T>,ArkTS,7.0.0(26) Beta1,ALL,"=HYPERLINK(""https://developer.huawei.com/consumer/cn/doc/harmonyos-releases/changelogs-for-all-apps-7001/#ch2026010615012"",""ArkUI接口新增仅支持Stage模型的约束"")",entry\src\main\ets\pages\ngf\NGFCapabilitiesNetworkPage.ets:119,未修复,接口定义变更
declare class CommonMethod<T>,ArkTS,7.0.0(26) Beta1,ALL,"=HYPERLINK(""https://developer.huawei.com/consumer/cn/doc/harmonyos-releases/changelogs-for-all-apps-7001/#ch2026010615012"",""ArkUI接口新增仅支持Stage模型的约束"")",entry\src\main\ets\pages\ngf\NGFCapabilitiesNetworkPage.ets:120,未修复,接口定义变更
declare class CommonMethod<T>,ArkTS,7.0.0(26) Beta1,ALL,"=HYPERLINK(""https://developer.huawei.com/consumer/cn/doc/harmonyos-releases/changelogs-for-all-apps-7001/#ch2026010615012"",""ArkUI接口新增仅支持Stage模型的约束"")",entry\src\main\ets\pages\ngf\NGFCapabilitiesNetworkPage.ets:121,未修复,接口定义变更
declare class CommonMethod<T>,ArkTS,7.0.0(26) Beta1,ALL,"=HYPERLINK(""https://developer.huawei.com/consumer/cn/doc/harmonyos-releases/changelogs-for-all-apps-7001/#ch2026010615012"",""ArkUI接口新增仅支持Stage模型的约束"")",entry\src\main\ets\pages\ngf\NGFCapabilitiesNetworkPage.ets:128,未修复,接口定义变更
declare class CommonMethod<T>,ArkTS,7.0.0(26) Beta1,ALL,"=HYPERLINK(""https://developer.huawei.com/consumer/cn/doc/harmonyos-releases/changelogs-for-all-apps-7001/#ch2026010615012"",""ArkUI接口新增仅支持Stage模型的约束"")",entry\src\main\ets\pages\ngf\NGFCapabilitiesNetworkPage.ets:131,未修复,接口定义变更
declare class CommonMethod<T>,ArkTS,7.0.0(26) Beta1,ALL,"=HYPERLINK(""https://developer.huawei.com/consumer/cn/doc/harmonyos-releases/changelogs-for-all-apps-7001/#ch2026010615012"",""ArkUI接口新增仅支持Stage模型的约束"")",entry\src\main\ets\pages\ngf\NGFCapabilitiesNetworkPage.ets:132,未修复,接口定义变更
declare class CommonMethod<T>,ArkTS,7.0.0(26) Beta1,ALL,"=HYPERLINK(""https://developer.huawei.com/consumer/cn/doc/harmonyos-releases/changelogs-for-all-apps-7001/#ch2026010615012"",""ArkUI接口新增仅支持Stage模型的约束"")",entry\src\main\ets\pages\ngf\NGFCapabilitiesNetworkPage.ets:133,未修复,接口定义变更
declare class CommonMethod<T>,ArkTS,7.0.0(26) Beta1,ALL,"=HYPERLINK(""https://developer.huawei.com/consumer/cn/doc/harmonyos-releases/changelogs-for-all-apps-7001/#ch2026010615012"",""ArkUI接口新增仅支持Stage模型的约束"")",entry\src\main\ets\pages\ngf\NGFCapabilitiesNetworkPage.ets:134,未修复,接口定义变更
declare class CommonMethod<T>,ArkTS,7.0.0(26) Beta1,ALL,"=HYPERLINK(""https://developer.huawei.com/consumer/cn/doc/harmonyos-releases/changelogs-for-all-apps-7001/#ch2026010615012"",""ArkUI接口新增仅支持Stage模型的约束"")",entry\src\main\ets\pages\ngf\NGFCapabilitiesNetworkPage.ets:135,未修复,接口定义变更
declare class CommonMethod<T>,ArkTS,7.0.0(26) Beta1,ALL,"=HYPERLINK(""https://developer.huawei.com/consumer/cn/doc/harmonyos-releases/changelogs-for-all-apps-7001/#ch2026010615012"",""ArkUI接口新增仅支持Stage模型的约束"")",entry\src\main\ets\pages\ngf\NGFCapabilitiesNetworkPage.ets:136,未修复,接口定义变更
declare class CommonMethod<T>,ArkTS,7.0.0(26) Beta1,ALL,"=HYPERLINK(""https://developer.huawei.com/consumer/cn/doc/harmonyos-releases/changelogs-for-all-apps-7001/#ch2026010615012"",""ArkUI接口新增仅支持Stage模型的约束"")",entry\src\main\ets\pages\ngf\NGFCapabilitiesNetworkPage.ets:43,未修复,接口定义变更
declare class CommonMethod<T>,ArkTS,7.0.0(26) Beta1,ALL,"=HYPERLINK(""https://developer.huawei.com/consumer/cn/doc/harmonyos-releases/changelogs-for-all-apps-7001/#ch2026010615012"",""ArkUI接口新增仅支持Stage模型的约束"")",entry\src\main\ets\pages\ngf\NGFCapabilitiesNetworkPage.ets:44,未修复,接口定义变更
declare class CommonMethod<T>,ArkTS,7.0.0(26) Beta1,ALL,"=HYPERLINK(""https://developer.huawei.com/consumer/cn/doc/harmonyos-releases/changelogs-for-all-apps-7001/#ch2026010615012"",""ArkUI接口新增仅支持Stage模型的约束"")",entry\src\main\ets\pages\ngf\NGFCapabilitiesNetworkPage.ets:46,未修复,接口定义变更
declare class CommonMethod<T>,ArkTS,7.0.0(26) Beta1,ALL,"=HYPERLINK(""https://developer.huawei.com/consumer/cn/doc/harmonyos-releases/changelogs-for-all-apps-7001/#ch2026010615012"",""ArkUI接口新增仅支持Stage模型的约束"")",entry\src\main\ets\pages\ngf\NGFCapabilitiesNetworkPage.ets:47,未修复,接口定义变更
declare class CommonMethod<T>,ArkTS,7.0.0(26) Beta1,ALL,"=HYPERLINK(""https://developer.huawei.com/consumer/cn/doc/harmonyos-releases/changelogs-for-all-apps-7001/#ch2026010615012"",""ArkUI接口新增仅支持Stage模型的约束"")",entry\src\main\ets\pages\ngf\NGFCapabilitiesNetworkPage.ets:50,未修复,接口定义变更
declare class CommonMethod<T>,ArkTS,7.0.0(26) Beta1,ALL,"=HYPERLINK(""https://developer.huawei.com/consumer/cn/doc/harmonyos-releases/changelogs-for-all-apps-7001/#ch2026010615012"",""ArkUI接口新增仅支持Stage模型的约束"")",entry\src\main\ets\pages\ngf\NGFCapabilitiesNetworkPage.ets:51,未修复,接口定义变更
declare class CommonMethod<T>,ArkTS,7.0.0(26) Beta1,ALL,"=HYPERLINK(""https://developer.huawei.com/consumer/cn/doc/harmonyos-releases/changelogs-for-all-apps-7001/#ch2026010615012"",""ArkUI接口新增仅支持Stage模型的约束"")",entry\src\main\ets\pages\ngf\NGFCapabilitiesNetworkPage.ets:53,未修复,接口定义变更
declare class CommonMethod<T>,ArkTS,7.0.0(26) Beta1,ALL,"=HYPERLINK(""https://developer.huawei.com/consumer/cn/doc/harmonyos-releases/changelogs-for-all-apps-7001/#ch2026010615012"",""ArkUI接口新增仅支持Stage模型的约束"")",entry\src\main\ets\pages\ngf\NGFCapabilitiesNetworkPage.ets:54,未修复,接口定义变更
declare class CommonMethod<T>,ArkTS,7.0.0(26) Beta1,ALL,"=HYPERLINK(""https://developer.huawei.com/consumer/cn/doc/harmonyos-releases/changelogs-for-all-apps-7001/#ch2026010615012"",""ArkUI接口新增仅支持Stage模型的约束"")",entry\src\main\ets\pages\ngf\NGFCapabilitiesNetworkPage.ets:91,未修复,接口定义变更
declare class CommonMethod<T>,ArkTS,7.0.0(26) Beta1,ALL,"=HYPERLINK(""https://developer.huawei.com/consumer/cn/doc/harmonyos-releases/changelogs-for-all-apps-7001/#ch2026010615012"",""ArkUI接口新增仅支持Stage模型的约束"")",entry\src\main\ets\pages\ngf\NGFCapabilitiesNetworkPage.ets:92,未修复,接口定义变更
declare class CommonMethod<T>,ArkTS,7.0.0(26) Beta1,ALL,"=HYPERLINK(""https://developer.huawei.com/consumer/cn/doc/harmonyos-releases/changelogs-for-all-apps-7001/#ch2026010615012"",""ArkUI接口新增仅支持Stage模型的约束"")",entry\src\main\ets\pages\ngf\NGFCapabilitiesNetworkPage.ets:93,未修复,接口定义变更
declare class CommonMethod<T>,ArkTS,7.0.0(26) Beta1,ALL,"=HYPERLINK(""https://developer.huawei.com/consumer/cn/doc/harmonyos-releases/changelogs-for-all-apps-7001/#ch2026010615012"",""ArkUI接口新增仅支持Stage模型的约束"")",entry\src\main\ets\pages\ngf\NGFCapabilitiesNetworkPage.ets:97,未修复,接口定义变更
declare class CommonMethod<T>,ArkTS,7.0.0(26) Beta1,ALL,"=HYPERLINK(""https://developer.huawei.com/consumer/cn/doc/harmonyos-releases/changelogs-for-all-apps-7001/#ch2026010615012"",""ArkUI接口新增仅支持Stage模型的约束"")",entry\src\main\ets\pages\ngf\NGFCapabilitiesNetworkPage.ets:98,未修复,接口定义变更
declare class CommonMethod<T>,ArkTS,7.0.0(26) Beta1,ALL,"=HYPERLINK(""https://developer.huawei.com/consumer/cn/doc/harmonyos-releases/changelogs-for-all-apps-7001/#ch2026010615012"",""ArkUI接口新增仅支持Stage模型的约束"")",entry\src\main\ets\pages\ngf\NGFCapabilitiesSecurityPage.ets:105,未修复,接口定义变更
declare class CommonMethod<T>,ArkTS,7.0.0(26) Beta1,ALL,"=HYPERLINK(""https://developer.huawei.com/consumer/cn/doc/harmonyos-releases/changelogs-for-all-apps-7001/#ch2026010615012"",""ArkUI接口新增仅支持Stage模型的约束"")",entry\src\main\ets\pages\ngf\NGFCapabilitiesSecurityPage.ets:106,未修复,接口定义变更
declare class CommonMethod<T>,ArkTS,7.0.0(26) Beta1,ALL,"=HYPERLINK(""https://developer.huawei.com/consumer/cn/doc/harmonyos-releases/changelogs-for-all-apps-7001/#ch2026010615012"",""ArkUI接口新增仅支持Stage模型的约束"")",entry\src\main\ets\pages\ngf\NGFCapabilitiesSecurityPage.ets:108,未修复,接口定义变更
declare class CommonMethod<T>,ArkTS,7.0.0(26) Beta1,ALL,"=HYPERLINK(""https://developer.huawei.com/consumer/cn/doc/harmonyos-releases/changelogs-for-all-apps-7001/#ch2026010615012"",""ArkUI接口新增仅支持Stage模型的约束"")",entry\src\main\ets\pages\ngf\NGFCapabilitiesSecurityPage.ets:109,未修复,接口定义变更
declare class CommonMethod<T>,ArkTS,7.0.0(26) Beta1,ALL,"=HYPERLINK(""https://developer.huawei.com/consumer/cn/doc/harmonyos-releases/changelogs-for-all-apps-7001/#ch2026010615012"",""ArkUI接口新增仅支持Stage模型的约束"")",entry\src\main\ets\pages\ngf\NGFCapabilitiesSecurityPage.ets:110,未修复,接口定义变更
declare class CommonMethod<T>,ArkTS,7.0.0(26) Beta1,ALL,"=HYPERLINK(""https://developer.huawei.com/consumer/cn/doc/harmonyos-releases/changelogs-for-all-apps-7001/#ch2026010615012"",""ArkUI接口新增仅支持Stage模型的约束"")",entry\src\main\ets\pages\ngf\NGFCapabilitiesSecurityPage.ets:118,未修复,接口定义变更
declare class CommonMethod<T>,ArkTS,7.0.0(26) Beta1,ALL,"=HYPERLINK(""https://developer.huawei.com/consumer/cn/doc/harmonyos-releases/changelogs-for-all-apps-7001/#ch2026010615012"",""ArkUI接口新增仅支持Stage模型的约束"")",entry\src\main\ets\pages\ngf\NGFCapabilitiesSecurityPage.ets:119,未修复,接口定义变更
declare class CommonMethod<T>,ArkTS,7.0.0(26) Beta1,ALL,"=HYPERLINK(""https://developer.huawei.com/consumer/cn/doc/harmonyos-releases/changelogs-for-all-apps-7001/#ch2026010615012"",""ArkUI接口新增仅支持Stage模型的约束"")",entry\src\main\ets\pages\ngf\NGFCapabilitiesSecurityPage.ets:120,未修复,接口定义变更
declare class CommonMethod<T>,ArkTS,7.0.0(26) Beta1,ALL,"=HYPERLINK(""https://developer.huawei.com/consumer/cn/doc/harmonyos-releases/changelogs-for-all-apps-7001/#ch2026010615012"",""ArkUI接口新增仅支持Stage模型的约束"")",entry\src\main\ets\pages\ngf\NGFCapabilitiesSecurityPage.ets:121,未修复,接口定义变更
declare class CommonMethod<T>,ArkTS,7.0.0(26) Beta1,ALL,"=HYPERLINK(""https://developer.huawei.com/consumer/cn/doc/harmonyos-releases/changelogs-for-all-apps-7001/#ch2026010615012"",""ArkUI接口新增仅支持Stage模型的约束"")",entry\src\main\ets\pages\ngf\NGFCapabilitiesSecurityPage.ets:128,未修复,接口定义变更
declare class CommonMethod<T>,ArkTS,7.0.0(26) Beta1,ALL,"=HYPERLINK(""https://developer.huawei.com/consumer/cn/doc/harmonyos-releases/changelogs-for-all-apps-7001/#ch2026010615012"",""ArkUI接口新增仅支持Stage模型的约束"")",entry\src\main\ets\pages\ngf\NGFCapabilitiesSecurityPage.ets:131,未修复,接口定义变更
declare class CommonMethod<T>,ArkTS,7.0.0(26) Beta1,ALL,"=HYPERLINK(""https://developer.huawei.com/consumer/cn/doc/harmonyos-releases/changelogs-for-all-apps-7001/#ch2026010615012"",""ArkUI接口新增仅支持Stage模型的约束"")",entry\src\main\ets\pages\ngf\NGFCapabilitiesSecurityPage.ets:132,未修复,接口定义变更
declare class CommonMethod<T>,ArkTS,7.0.0(26) Beta1,ALL,"=HYPERLINK(""https://developer.huawei.com/consumer/cn/doc/harmonyos-releases/changelogs-for-all-apps-7001/#ch2026010615012"",""ArkUI接口新增仅支持Stage模型的约束"")",entry\src\main\ets\pages\ngf\NGFCapabilitiesSecurityPage.ets:133,未修复,接口定义变更
declare class CommonMethod<T>,ArkTS,7.0.0(26) Beta1,ALL,"=HYPERLINK(""https://developer.huawei.com/consumer/cn/doc/harmonyos-releases/changelogs-for-all-apps-7001/#ch2026010615012"",""ArkUI接口新增仅支持Stage模型的约束"")",entry\src\main\ets\pages\ngf\NGFCapabilitiesSecurityPage.ets:134,未修复,接口定义变更
declare class CommonMethod<T>,ArkTS,7.0.0(26) Beta1,ALL,"=HYPERLINK(""https://developer.huawei.com/consumer/cn/doc/harmonyos-releases/changelogs-for-all-apps-7001/#ch2026010615012"",""ArkUI接口新增仅支持Stage模型的约束"")",entry\src\main\ets\pages\ngf\NGFCapabilitiesSecurityPage.ets:135,未修复,接口定义变更
declare class CommonMethod<T>,ArkTS,7.0.0(26) Beta1,ALL,"=HYPERLINK(""https://developer.huawei.com/consumer/cn/doc/harmonyos-releases/changelogs-for-all-apps-7001/#ch2026010615012"",""ArkUI接口新增仅支持Stage模型的约束"")",entry\src\main\ets\pages\ngf\NGFCapabilitiesSecurityPage.ets:136,未修复,接口定义变更
declare class CommonMethod<T>,ArkTS,7.0.0(26) Beta1,ALL,"=HYPERLINK(""https://developer.huawei.com/consumer/cn/doc/harmonyos-releases/changelogs-for-all-apps-7001/#ch2026010615012"",""ArkUI接口新增仅支持Stage模型的约束"")",entry\src\main\ets\pages\ngf\NGFCapabilitiesSecurityPage.ets:43,未修复,接口定义变更
declare class CommonMethod<T>,ArkTS,7.0.0(26) Beta1,ALL,"=HYPERLINK(""https://developer.huawei.com/consumer/cn/doc/harmonyos-releases/changelogs-for-all-apps-7001/#ch2026010615012"",""ArkUI接口新增仅支持Stage模型的约束"")",entry\src\main\ets\pages\ngf\NGFCapabilitiesSecurityPage.ets:44,未修复,接口定义变更
declare class CommonMethod<T>,ArkTS,7.0.0(26) Beta1,ALL,"=HYPERLINK(""https://developer.huawei.com/consumer/cn/doc/harmonyos-releases/changelogs-for-all-apps-7001/#ch2026010615012"",""ArkUI接口新增仅支持Stage模型的约束"")",entry\src\main\ets\pages\ngf\NGFCapabilitiesSecurityPage.ets:46,未修复,接口定义变更
declare class CommonMethod<T>,ArkTS,7.0.0(26) Beta1,ALL,"=HYPERLINK(""https://developer.huawei.com/consumer/cn/doc/harmonyos-releases/changelogs-for-all-apps-7001/#ch2026010615012"",""ArkUI接口新增仅支持Stage模型的约束"")",entry\src\main\ets\pages\ngf\NGFCapabilitiesSecurityPage.ets:47,未修复,接口定义变更
declare class CommonMethod<T>,ArkTS,7.0.0(26) Beta1,ALL,"=HYPERLINK(""https://developer.huawei.com/consumer/cn/doc/harmonyos-releases/changelogs-for-all-apps-7001/#ch2026010615012"",""ArkUI接口新增仅支持Stage模型的约束"")",entry\src\main\ets\pages\ngf\NGFCapabilitiesSecurityPage.ets:50,未修复,接口定义变更
declare class CommonMethod<T>,ArkTS,7.0.0(26) Beta1,ALL,"=HYPERLINK(""https://developer.huawei.com/consumer/cn/doc/harmonyos-releases/changelogs-for-all-apps-7001/#ch2026010615012"",""ArkUI接口新增仅支持Stage模型的约束"")",entry\src\main\ets\pages\ngf\NGFCapabilitiesSecurityPage.ets:51,未修复,接口定义变更
declare class CommonMethod<T>,ArkTS,7.0.0(26) Beta1,ALL,"=HYPERLINK(""https://developer.huawei.com/consumer/cn/doc/harmonyos-releases/changelogs-for-all-apps-7001/#ch2026010615012"",""ArkUI接口新增仅支持Stage模型的约束"")",entry\src\main\ets\pages\ngf\NGFCapabilitiesSecurityPage.ets:53,未修复,接口定义变更
declare class CommonMethod<T>,ArkTS,7.0.0(26) Beta1,ALL,"=HYPERLINK(""https://developer.huawei.com/consumer/cn/doc/harmonyos-releases/changelogs-for-all-apps-7001/#ch2026010615012"",""ArkUI接口新增仅支持Stage模型的约束"")",entry\src\main\ets\pages\ngf\NGFCapabilitiesSecurityPage.ets:54,未修复,接口定义变更
declare class CommonMethod<T>,ArkTS,7.0.0(26) Beta1,ALL,"=HYPERLINK(""https://developer.huawei.com/consumer/cn/doc/harmonyos-releases/changelogs-for-all-apps-7001/#ch2026010615012"",""ArkUI接口新增仅支持Stage模型的约束"")",entry\src\main\ets\pages\ngf\NGFCapabilitiesSecurityPage.ets:91,未修复,接口定义变更
declare class CommonMethod<T>,ArkTS,7.0.0(26) Beta1,ALL,"=HYPERLINK(""https://developer.huawei.com/consumer/cn/doc/harmonyos-releases/changelogs-for-all-apps-7001/#ch2026010615012"",""ArkUI接口新增仅支持Stage模型的约束"")",entry\src\main\ets\pages\ngf\NGFCapabilitiesSecurityPage.ets:92,未修复,接口定义变更
declare class CommonMethod<T>,ArkTS,7.0.0(26) Beta1,ALL,"=HYPERLINK(""https://developer.huawei.com/consumer/cn/doc/harmonyos-releases/changelogs-for-all-apps-7001/#ch2026010615012"",""ArkUI接口新增仅支持Stage模型的约束"")",entry\src\main\ets\pages\ngf\NGFCapabilitiesSecurityPage.ets:93,未修复,接口定义变更
declare class CommonMethod<T>,ArkTS,7.0.0(26) Beta1,ALL,"=HYPERLINK(""https://developer.huawei.com/consumer/cn/doc/harmonyos-releases/changelogs-for-all-apps-7001/#ch2026010615012"",""ArkUI接口新增仅支持Stage模型的约束"")",entry\src\main\ets\pages\ngf\NGFCapabilitiesSecurityPage.ets:97,未修复,接口定义变更
declare class CommonMethod<T>,ArkTS,7.0.0(26) Beta1,ALL,"=HYPERLINK(""https://developer.huawei.com/consumer/cn/doc/harmonyos-releases/changelogs-for-all-apps-7001/#ch2026010615012"",""ArkUI接口新增仅支持Stage模型的约束"")",entry\src\main\ets\pages\ngf\NGFCapabilitiesSecurityPage.ets:98,未修复,接口定义变更
declare class CommonMethod<T>,ArkTS,7.0.0(26) Beta1,ALL,"=HYPERLINK(""https://developer.huawei.com/consumer/cn/doc/harmonyos-releases/changelogs-for-all-apps-7001/#ch2026010615012"",""ArkUI接口新增仅支持Stage模型的约束"")",entry\src\main\ets\pages\ngf\NGFCapabilitiesTabContent.ets:52,未修复,接口定义变更
declare class CommonMethod<T>,ArkTS,7.0.0(26) Beta1,ALL,"=HYPERLINK(""https://developer.huawei.com/consumer/cn/doc/harmonyos-releases/changelogs-for-all-apps-7001/#ch2026010615012"",""ArkUI接口新增仅支持Stage模型的约束"")",entry\src\main\ets\pages\ngf\NGFCapabilitiesTabContent.ets:63,未修复,接口定义变更
declare class CommonMethod<T>,ArkTS,7.0.0(26) Beta1,ALL,"=HYPERLINK(""https://developer.huawei.com/consumer/cn/doc/harmonyos-releases/changelogs-for-all-apps-7001/#ch2026010615012"",""ArkUI接口新增仅支持Stage模型的约束"")",entry\src\main\ets\pages\ngf\NGFCapabilitiesTabContent.ets:64,未修复,接口定义变更
declare class CommonMethod<T>,ArkTS,7.0.0(26) Beta1,ALL,"=HYPERLINK(""https://developer.huawei.com/consumer/cn/doc/harmonyos-releases/changelogs-for-all-apps-7001/#ch2026010615012"",""ArkUI接口新增仅支持Stage模型的约束"")",entry\src\main\ets\pages\ngf\NGFCapabilitiesTabContent.ets:66,未修复,接口定义变更
declare class CommonMethod<T>,ArkTS,7.0.0(26) Beta1,ALL,"=HYPERLINK(""https://developer.huawei.com/consumer/cn/doc/harmonyos-releases/changelogs-for-all-apps-7001/#ch2026010615012"",""ArkUI接口新增仅支持Stage模型的约束"")",entry\src\main\ets\pages\ngf\NGFCapabilitiesTabContent.ets:67,未修复,接口定义变更
declare class CommonMethod<T>,ArkTS,7.0.0(26) Beta1,ALL,"=HYPERLINK(""https://developer.huawei.com/consumer/cn/doc/harmonyos-releases/changelogs-for-all-apps-7001/#ch2026010615012"",""ArkUI接口新增仅支持Stage模型的约束"")",entry\src\main\ets\pages\ngf\NGFCapabilitiesTabContent.ets:68,未修复,接口定义变更
declare class CommonMethod<T>,ArkTS,7.0.0(26) Beta1,ALL,"=HYPERLINK(""https://developer.huawei.com/consumer/cn/doc/harmonyos-releases/changelogs-for-all-apps-7001/#ch2026010615012"",""ArkUI接口新增仅支持Stage模型的约束"")",entry\src\main\ets\pages\ngf\NGFCapabilitiesTabContent.ets:81,未修复,接口定义变更
declare class CommonMethod<T>,ArkTS,7.0.0(26) Beta1,ALL,"=HYPERLINK(""https://developer.huawei.com/consumer/cn/doc/harmonyos-releases/changelogs-for-all-apps-7001/#ch2026010615012"",""ArkUI接口新增仅支持Stage模型的约束"")",entry\src\main\ets\pages\ngf\NGFCapabilitiesTabContent.ets:87,未修复,接口定义变更
declare class CommonMethod<T>,ArkTS,7.0.0(26) Beta1,ALL,"=HYPERLINK(""https://developer.huawei.com/consumer/cn/doc/harmonyos-releases/changelogs-for-all-apps-7001/#ch2026010615012"",""ArkUI接口新增仅支持Stage模型的约束"")",entry\src\main\ets\pages\ngf\NGFCapabilitiesTabContent.ets:89,未修复,接口定义变更
declare class CommonMethod<T>,ArkTS,7.0.0(26) Beta1,ALL,"=HYPERLINK(""https://developer.huawei.com/consumer/cn/doc/harmonyos-releases/changelogs-for-all-apps-7001/#ch2026010615012"",""ArkUI接口新增仅支持Stage模型的约束"")",entry\src\main\ets\pages\ngf\NGFCapabilitiesTabContent.ets:90,未修复,接口定义变更
declare class CommonMethod<T>,ArkTS,7.0.0(26) Beta1,ALL,"=HYPERLINK(""https://developer.huawei.com/consumer/cn/doc/harmonyos-releases/changelogs-for-all-apps-7001/#ch2026010615012"",""ArkUI接口新增仅支持Stage模型的约束"")",entry\src\main\ets\pages\ngf\NGFCapabilitiesTabContent.ets:91,未修复,接口定义变更
declare class CommonMethod<T>,ArkTS,7.0.0(26) Beta1,ALL,"=HYPERLINK(""https://developer.huawei.com/consumer/cn/doc/harmonyos-releases/changelogs-for-all-apps-7001/#ch2026010615012"",""ArkUI接口新增仅支持Stage模型的约束"")",entry\src\main\ets\pages\ngf\NGFCapabilitiesTabContent.ets:92,未修复,接口定义变更
declare class CommonMethod<T>,ArkTS,7.0.0(26) Beta1,ALL,"=HYPERLINK(""https://developer.huawei.com/consumer/cn/doc/harmonyos-releases/changelogs-for-all-apps-7001/#ch2026010615012"",""ArkUI接口新增仅支持Stage模型的约束"")",entry\src\main\ets\pages\ngf\NGFCapabilitiesTabContent.ets:93,未修复,接口定义变更
declare class CommonMethod<T>,ArkTS,7.0.0(26) Beta1,ALL,"=HYPERLINK(""https://developer.huawei.com/consumer/cn/doc/harmonyos-releases/changelogs-for-all-apps-7001/#ch2026010615012"",""ArkUI接口新增仅支持Stage模型的约束"")",entry\src\main\ets\pages\ngf\NGFCapabilitiesTabContent.ets:94,未修复,接口定义变更
declare class CommonMethod<T>,ArkTS,7.0.0(26) Beta1,ALL,"=HYPERLINK(""https://developer.huawei.com/consumer/cn/doc/harmonyos-releases/changelogs-for-all-apps-7001/#ch2026010615012"",""ArkUI接口新增仅支持Stage模型的约束"")",entry\src\main\ets\pages\ngf\NGFCapabilitiesTabContent.ets:95,未修复,接口定义变更
declare class CommonMethod<T>,ArkTS,7.0.0(26) Beta1,ALL,"=HYPERLINK(""https://developer.huawei.com/consumer/cn/doc/harmonyos-releases/changelogs-for-all-apps-7001/#ch2026010615012"",""ArkUI接口新增仅支持Stage模型的约束"")",entry\src\main\ets\pages\ngf\NGFCapabilitiesWebBridgePage.ets:105,未修复,接口定义变更
declare class CommonMethod<T>,ArkTS,7.0.0(26) Beta1,ALL,"=HYPERLINK(""https://developer.huawei.com/consumer/cn/doc/harmonyos-releases/changelogs-for-all-apps-7001/#ch2026010615012"",""ArkUI接口新增仅支持Stage模型的约束"")",entry\src\main\ets\pages\ngf\NGFCapabilitiesWebBridgePage.ets:106,未修复,接口定义变更
declare class CommonMethod<T>,ArkTS,7.0.0(26) Beta1,ALL,"=HYPERLINK(""https://developer.huawei.com/consumer/cn/doc/harmonyos-releases/changelogs-for-all-apps-7001/#ch2026010615012"",""ArkUI接口新增仅支持Stage模型的约束"")",entry\src\main\ets\pages\ngf\NGFCapabilitiesWebBridgePage.ets:115,未修复,接口定义变更
declare class CommonMethod<T>,ArkTS,7.0.0(26) Beta1,ALL,"=HYPERLINK(""https://developer.huawei.com/consumer/cn/doc/harmonyos-releases/changelogs-for-all-apps-7001/#ch2026010615012"",""ArkUI接口新增仅支持Stage模型的约束"")",entry\src\main\ets\pages\ngf\NGFCapabilitiesWebBridgePage.ets:118,未修复,接口定义变更
declare class CommonMethod<T>,ArkTS,7.0.0(26) Beta1,ALL,"=HYPERLINK(""https://developer.huawei.com/consumer/cn/doc/harmonyos-releases/changelogs-for-all-apps-7001/#ch2026010615012"",""ArkUI接口新增仅支持Stage模型的约束"")",entry\src\main\ets\pages\ngf\NGFCapabilitiesWebBridgePage.ets:119,未修复,接口定义变更
declare class CommonMethod<T>,ArkTS,7.0.0(26) Beta1,ALL,"=HYPERLINK(""https://developer.huawei.com/consumer/cn/doc/harmonyos-releases/changelogs-for-all-apps-7001/#ch2026010615012"",""ArkUI接口新增仅支持Stage模型的约束"")",entry\src\main\ets\pages\ngf\NGFCapabilitiesWebBridgePage.ets:120,未修复,接口定义变更
declare class CommonMethod<T>,ArkTS,7.0.0(26) Beta1,ALL,"=HYPERLINK(""https://developer.huawei.com/consumer/cn/doc/harmonyos-releases/changelogs-for-all-apps-7001/#ch2026010615012"",""ArkUI接口新增仅支持Stage模型的约束"")",entry\src\main\ets\pages\ngf\NGFCapabilitiesWebBridgePage.ets:121,未修复,接口定义变更
declare class CommonMethod<T>,ArkTS,7.0.0(26) Beta1,ALL,"=HYPERLINK(""https://developer.huawei.com/consumer/cn/doc/harmonyos-releases/changelogs-for-all-apps-7001/#ch2026010615012"",""ArkUI接口新增仅支持Stage模型的约束"")",entry\src\main\ets\pages\ngf\NGFCapabilitiesWebBridgePage.ets:122,未修复,接口定义变更
declare class CommonMethod<T>,ArkTS,7.0.0(26) Beta1,ALL,"=HYPERLINK(""https://developer.huawei.com/consumer/cn/doc/harmonyos-releases/changelogs-for-all-apps-7001/#ch2026010615012"",""ArkUI接口新增仅支持Stage模型的约束"")",entry\src\main\ets\pages\ngf\NGFCapabilitiesWebBridgePage.ets:123,未修复,接口定义变更
declare class CommonMethod<T>,ArkTS,7.0.0(26) Beta1,ALL,"=HYPERLINK(""https://developer.huawei.com/consumer/cn/doc/harmonyos-releases/changelogs-for-all-apps-7001/#ch2026010615012"",""ArkUI接口新增仅支持Stage模型的约束"")",entry\src\main\ets\pages\ngf\NGFCapabilitiesWebBridgePage.ets:43,未修复,接口定义变更
declare class CommonMethod<T>,ArkTS,7.0.0(26) Beta1,ALL,"=HYPERLINK(""https://developer.huawei.com/consumer/cn/doc/harmonyos-releases/changelogs-for-all-apps-7001/#ch2026010615012"",""ArkUI接口新增仅支持Stage模型的约束"")",entry\src\main\ets\pages\ngf\NGFCapabilitiesWebBridgePage.ets:44,未修复,接口定义变更
declare class CommonMethod<T>,ArkTS,7.0.0(26) Beta1,ALL,"=HYPERLINK(""https://developer.huawei.com/consumer/cn/doc/harmonyos-releases/changelogs-for-all-apps-7001/#ch2026010615012"",""ArkUI接口新增仅支持Stage模型的约束"")",entry\src\main\ets\pages\ngf\NGFCapabilitiesWebBridgePage.ets:46,未修复,接口定义变更
declare class CommonMethod<T>,ArkTS,7.0.0(26) Beta1,ALL,"=HYPERLINK(""https://developer.huawei.com/consumer/cn/doc/harmonyos-releases/changelogs-for-all-apps-7001/#ch2026010615012"",""ArkUI接口新增仅支持Stage模型的约束"")",entry\src\main\ets\pages\ngf\NGFCapabilitiesWebBridgePage.ets:47,未修复,接口定义变更
declare class CommonMethod<T>,ArkTS,7.0.0(26) Beta1,ALL,"=HYPERLINK(""https://developer.huawei.com/consumer/cn/doc/harmonyos-releases/changelogs-for-all-apps-7001/#ch2026010615012"",""ArkUI接口新增仅支持Stage模型的约束"")",entry\src\main\ets\pages\ngf\NGFCapabilitiesWebBridgePage.ets:50,未修复,接口定义变更
declare class CommonMethod<T>,ArkTS,7.0.0(26) Beta1,ALL,"=HYPERLINK(""https://developer.huawei.com/consumer/cn/doc/harmonyos-releases/changelogs-for-all-apps-7001/#ch2026010615012"",""ArkUI接口新增仅支持Stage模型的约束"")",entry\src\main\ets\pages\ngf\NGFCapabilitiesWebBridgePage.ets:51,未修复,接口定义变更
declare class CommonMethod<T>,ArkTS,7.0.0(26) Beta1,ALL,"=HYPERLINK(""https://developer.huawei.com/consumer/cn/doc/harmonyos-releases/changelogs-for-all-apps-7001/#ch2026010615012"",""ArkUI接口新增仅支持Stage模型的约束"")",entry\src\main\ets\pages\ngf\NGFCapabilitiesWebBridgePage.ets:53,未修复,接口定义变更
declare class CommonMethod<T>,ArkTS,7.0.0(26) Beta1,ALL,"=HYPERLINK(""https://developer.huawei.com/consumer/cn/doc/harmonyos-releases/changelogs-for-all-apps-7001/#ch2026010615012"",""ArkUI接口新增仅支持Stage模型的约束"")",entry\src\main\ets\pages\ngf\NGFCapabilitiesWebBridgePage.ets:54,未修复,接口定义变更
declare class CommonMethod<T>,ArkTS,7.0.0(26) Beta1,ALL,"=HYPERLINK(""https://developer.huawei.com/consumer/cn/doc/harmonyos-releases/changelogs-for-all-apps-7001/#ch2026010615012"",""ArkUI接口新增仅支持Stage模型的约束"")",entry\src\main\ets\pages\ngf\NGFCapabilitiesWebBridgePage.ets:91,未修复,接口定义变更
declare class CommonMethod<T>,ArkTS,7.0.0(26) Beta1,ALL,"=HYPERLINK(""https://developer.huawei.com/consumer/cn/doc/harmonyos-releases/changelogs-for-all-apps-7001/#ch2026010615012"",""ArkUI接口新增仅支持Stage模型的约束"")",entry\src\main\ets\pages\ngf\NGFCapabilitiesWebBridgePage.ets:92,未修复,接口定义变更
declare class CommonMethod<T>,ArkTS,7.0.0(26) Beta1,ALL,"=HYPERLINK(""https://developer.huawei.com/consumer/cn/doc/harmonyos-releases/changelogs-for-all-apps-7001/#ch2026010615012"",""ArkUI接口新增仅支持Stage模型的约束"")",entry\src\main\ets\pages\ngf\NGFCapabilitiesWebBridgePage.ets:93,未修复,接口定义变更
declare class CommonMethod<T>,ArkTS,7.0.0(26) Beta1,ALL,"=HYPERLINK(""https://developer.huawei.com/consumer/cn/doc/harmonyos-releases/changelogs-for-all-apps-7001/#ch2026010615012"",""ArkUI接口新增仅支持Stage模型的约束"")",entry\src\main\ets\pages\ngf\NGFCapabilitiesWebBridgePage.ets:97,未修复,接口定义变更
declare class CommonMethod<T>,ArkTS,7.0.0(26) Beta1,ALL,"=HYPERLINK(""https://developer.huawei.com/consumer/cn/doc/harmonyos-releases/changelogs-for-all-apps-7001/#ch2026010615012"",""ArkUI接口新增仅支持Stage模型的约束"")",entry\src\main\ets\pages\ngf\NGFCapabilitiesWebBridgePage.ets:98,未修复,接口定义变更
declare class CommonMethod<T>,ArkTS,7.0.0(26) Beta1,ALL,"=HYPERLINK(""https://developer.huawei.com/consumer/cn/doc/harmonyos-releases/changelogs-for-all-apps-7001/#ch2026010615012"",""ArkUI接口新增仅支持Stage模型的约束"")",entry\src\main\ets\pages\ngf\NGFDemoDataStoragePage.ets:129,未修复,接口定义变更
declare class CommonMethod<T>,ArkTS,7.0.0(26) Beta1,ALL,"=HYPERLINK(""https://developer.huawei.com/consumer/cn/doc/harmonyos-releases/changelogs-for-all-apps-7001/#ch2026010615012"",""ArkUI接口新增仅支持Stage模型的约束"")",entry\src\main\ets\pages\ngf\NGFDemoDataStoragePage.ets:130,未修复,接口定义变更
declare class CommonMethod<T>,ArkTS,7.0.0(26) Beta1,ALL,"=HYPERLINK(""https://developer.huawei.com/consumer/cn/doc/harmonyos-releases/changelogs-for-all-apps-7001/#ch2026010615012"",""ArkUI接口新增仅支持Stage模型的约束"")",entry\src\main\ets\pages\ngf\NGFDemoDataStoragePage.ets:131,未修复,接口定义变更
declare class CommonMethod<T>,ArkTS,7.0.0(26) Beta1,ALL,"=HYPERLINK(""https://developer.huawei.com/consumer/cn/doc/harmonyos-releases/changelogs-for-all-apps-7001/#ch2026010615012"",""ArkUI接口新增仅支持Stage模型的约束"")",entry\src\main\ets\pages\ngf\NGFDemoDataStoragePage.ets:135,未修复,接口定义变更
declare class CommonMethod<T>,ArkTS,7.0.0(26) Beta1,ALL,"=HYPERLINK(""https://developer.huawei.com/consumer/cn/doc/harmonyos-releases/changelogs-for-all-apps-7001/#ch2026010615012"",""ArkUI接口新增仅支持Stage模型的约束"")",entry\src\main\ets\pages\ngf\NGFDemoDataStoragePage.ets:136,未修复,接口定义变更
declare class CommonMethod<T>,ArkTS,7.0.0(26) Beta1,ALL,"=HYPERLINK(""https://developer.huawei.com/consumer/cn/doc/harmonyos-releases/changelogs-for-all-apps-7001/#ch2026010615012"",""ArkUI接口新增仅支持Stage模型的约束"")",entry\src\main\ets\pages\ngf\NGFDemoDataStoragePage.ets:150,未修复,接口定义变更
declare class CommonMethod<T>,ArkTS,7.0.0(26) Beta1,ALL,"=HYPERLINK(""https://developer.huawei.com/consumer/cn/doc/harmonyos-releases/changelogs-for-all-apps-7001/#ch2026010615012"",""ArkUI接口新增仅支持Stage模型的约束"")",entry\src\main\ets\pages\ngf\NGFDemoDataStoragePage.ets:154,未修复,接口定义变更
declare class CommonMethod<T>,ArkTS,7.0.0(26) Beta1,ALL,"=HYPERLINK(""https://developer.huawei.com/consumer/cn/doc/harmonyos-releases/changelogs-for-all-apps-7001/#ch2026010615012"",""ArkUI接口新增仅支持Stage模型的约束"")",entry\src\main\ets\pages\ngf\NGFDemoDataStoragePage.ets:155,未修复,接口定义变更
declare class CommonMethod<T>,ArkTS,7.0.0(26) Beta1,ALL,"=HYPERLINK(""https://developer.huawei.com/consumer/cn/doc/harmonyos-releases/changelogs-for-all-apps-7001/#ch2026010615012"",""ArkUI接口新增仅支持Stage模型的约束"")",entry\src\main\ets\pages\ngf\NGFDemoDataStoragePage.ets:157,未修复,接口定义变更
declare class CommonMethod<T>,ArkTS,7.0.0(26) Beta1,ALL,"=HYPERLINK(""https://developer.huawei.com/consumer/cn/doc/harmonyos-releases/changelogs-for-all-apps-7001/#ch2026010615012"",""ArkUI接口新增仅支持Stage模型的约束"")",entry\src\main\ets\pages\ngf\NGFDemoDataStoragePage.ets:158,未修复,接口定义变更
declare class CommonMethod<T>,ArkTS,7.0.0(26) Beta1,ALL,"=HYPERLINK(""https://developer.huawei.com/consumer/cn/doc/harmonyos-releases/changelogs-for-all-apps-7001/#ch2026010615012"",""ArkUI接口新增仅支持Stage模型的约束"")",entry\src\main\ets\pages\ngf\NGFDemoDataStoragePage.ets:159,未修复,接口定义变更
declare class CommonMethod<T>,ArkTS,7.0.0(26) Beta1,ALL,"=HYPERLINK(""https://developer.huawei.com/consumer/cn/doc/harmonyos-releases/changelogs-for-all-apps-7001/#ch2026010615012"",""ArkUI接口新增仅支持Stage模型的约束"")",entry\src\main\ets\pages\ngf\NGFDemoDataStoragePage.ets:167,未修复,接口定义变更
declare class CommonMethod<T>,ArkTS,7.0.0(26) Beta1,ALL,"=HYPERLINK(""https://developer.huawei.com/consumer/cn/doc/harmonyos-releases/changelogs-for-all-apps-7001/#ch2026010615012"",""ArkUI接口新增仅支持Stage模型的约束"")",entry\src\main\ets\pages\ngf\NGFDemoDataStoragePage.ets:168,未修复,接口定义变更
declare class CommonMethod<T>,ArkTS,7.0.0(26) Beta1,ALL,"=HYPERLINK(""https://developer.huawei.com/consumer/cn/doc/harmonyos-releases/changelogs-for-all-apps-7001/#ch2026010615012"",""ArkUI接口新增仅支持Stage模型的约束"")",entry\src\main\ets\pages\ngf\NGFDemoDataStoragePage.ets:170,未修复,接口定义变更
declare class CommonMethod<T>,ArkTS,7.0.0(26) Beta1,ALL,"=HYPERLINK(""https://developer.huawei.com/consumer/cn/doc/harmonyos-releases/changelogs-for-all-apps-7001/#ch2026010615012"",""ArkUI接口新增仅支持Stage模型的约束"")",entry\src\main\ets\pages\ngf\NGFDemoDataStoragePage.ets:171,未修复,接口定义变更
declare class CommonMethod<T>,ArkTS,7.0.0(26) Beta1,ALL,"=HYPERLINK(""https://developer.huawei.com/consumer/cn/doc/harmonyos-releases/changelogs-for-all-apps-7001/#ch2026010615012"",""ArkUI接口新增仅支持Stage模型的约束"")",entry\src\main\ets\pages\ngf\NGFDemoDataStoragePage.ets:173,未修复,接口定义变更
declare class CommonMethod<T>,ArkTS,7.0.0(26) Beta1,ALL,"=HYPERLINK(""https://developer.huawei.com/consumer/cn/doc/harmonyos-releases/changelogs-for-all-apps-7001/#ch2026010615012"",""ArkUI接口新增仅支持Stage模型的约束"")",entry\src\main\ets\pages\ngf\NGFDemoDataStoragePage.ets:180,未修复,接口定义变更
declare class CommonMethod<T>,ArkTS,7.0.0(26) Beta1,ALL,"=HYPERLINK(""https://developer.huawei.com/consumer/cn/doc/harmonyos-releases/changelogs-for-all-apps-7001/#ch2026010615012"",""ArkUI接口新增仅支持Stage模型的约束"")",entry\src\main\ets\pages\ngf\NGFDemoDataStoragePage.ets:182,未修复,接口定义变更
declare class CommonMethod<T>,ArkTS,7.0.0(26) Beta1,ALL,"=HYPERLINK(""https://developer.huawei.com/consumer/cn/doc/harmonyos-releases/changelogs-for-all-apps-7001/#ch2026010615012"",""ArkUI接口新增仅支持Stage模型的约束"")",entry\src\main\ets\pages\ngf\NGFDemoDataStoragePage.ets:183,未修复,接口定义变更
declare class CommonMethod<T>,ArkTS,7.0.0(26) Beta1,ALL,"=HYPERLINK(""https://developer.huawei.com/consumer/cn/doc/harmonyos-releases/changelogs-for-all-apps-7001/#ch2026010615012"",""ArkUI接口新增仅支持Stage模型的约束"")",entry\src\main\ets\pages\ngf\NGFDemoDataStoragePage.ets:184,未修复,接口定义变更
declare class CommonMethod<T>,ArkTS,7.0.0(26) Beta1,ALL,"=HYPERLINK(""https://developer.huawei.com/consumer/cn/doc/harmonyos-releases/changelogs-for-all-apps-7001/#ch2026010615012"",""ArkUI接口新增仅支持Stage模型的约束"")",entry\src\main\ets\pages\ngf\NGFDemoDataStoragePage.ets:185,未修复,接口定义变更
declare class CommonMethod<T>,ArkTS,7.0.0(26) Beta1,ALL,"=HYPERLINK(""https://developer.huawei.com/consumer/cn/doc/harmonyos-releases/changelogs-for-all-apps-7001/#ch2026010615012"",""ArkUI接口新增仅支持Stage模型的约束"")",entry\src\main\ets\pages\ngf\NGFDemoDataStoragePage.ets:186,未修复,接口定义变更
declare class CommonMethod<T>,ArkTS,7.0.0(26) Beta1,ALL,"=HYPERLINK(""https://developer.huawei.com/consumer/cn/doc/harmonyos-releases/changelogs-for-all-apps-7001/#ch2026010615012"",""ArkUI接口新增仅支持Stage模型的约束"")",entry\src\main\ets\pages\ngf\NGFDemoDataStoragePage.ets:187,未修复,接口定义变更
declare class CommonMethod<T>,ArkTS,7.0.0(26) Beta1,ALL,"=HYPERLINK(""https://developer.huawei.com/consumer/cn/doc/harmonyos-releases/changelogs-for-all-apps-7001/#ch2026010615012"",""ArkUI接口新增仅支持Stage模型的约束"")",entry\src\main\ets\pages\ngf\NGFDemoDataStoragePage.ets:199,未修复,接口定义变更
declare class CommonMethod<T>,ArkTS,7.0.0(26) Beta1,ALL,"=HYPERLINK(""https://developer.huawei.com/consumer/cn/doc/harmonyos-releases/changelogs-for-all-apps-7001/#ch2026010615012"",""ArkUI接口新增仅支持Stage模型的约束"")",entry\src\main\ets\pages\ngf\NGFDemoDataStoragePage.ets:200,未修复,接口定义变更
declare class CommonMethod<T>,ArkTS,7.0.0(26) Beta1,ALL,"=HYPERLINK(""https://developer.huawei.com/consumer/cn/doc/harmonyos-releases/changelogs-for-all-apps-7001/#ch2026010615012"",""ArkUI接口新增仅支持Stage模型的约束"")",entry\src\main\ets\pages\ngf\NGFDemoDataStoragePage.ets:208,未修复,接口定义变更
declare class CommonMethod<T>,ArkTS,7.0.0(26) Beta1,ALL,"=HYPERLINK(""https://developer.huawei.com/consumer/cn/doc/harmonyos-releases/changelogs-for-all-apps-7001/#ch2026010615012"",""ArkUI接口新增仅支持Stage模型的约束"")",entry\src\main\ets\pages\ngf\NGFDemoDataStoragePage.ets:209,未修复,接口定义变更
declare class CommonMethod<T>,ArkTS,7.0.0(26) Beta1,ALL,"=HYPERLINK(""https://developer.huawei.com/consumer/cn/doc/harmonyos-releases/changelogs-for-all-apps-7001/#ch2026010615012"",""ArkUI接口新增仅支持Stage模型的约束"")",entry\src\main\ets\pages\ngf\NGFDemoDataStoragePage.ets:211,未修复,接口定义变更
declare class CommonMethod<T>,ArkTS,7.0.0(26) Beta1,ALL,"=HYPERLINK(""https://developer.huawei.com/consumer/cn/doc/harmonyos-releases/changelogs-for-all-apps-7001/#ch2026010615012"",""ArkUI接口新增仅支持Stage模型的约束"")",entry\src\main\ets\pages\ngf\NGFDemoDataStoragePage.ets:212,未修复,接口定义变更
declare class CommonMethod<T>,ArkTS,7.0.0(26) Beta1,ALL,"=HYPERLINK(""https://developer.huawei.com/consumer/cn/doc/harmonyos-releases/changelogs-for-all-apps-7001/#ch2026010615012"",""ArkUI接口新增仅支持Stage模型的约束"")",entry\src\main\ets\pages\ngf\NGFDemoDataStoragePage.ets:213,未修复,接口定义变更
declare class CommonMethod<T>,ArkTS,7.0.0(26) Beta1,ALL,"=HYPERLINK(""https://developer.huawei.com/consumer/cn/doc/harmonyos-releases/changelogs-for-all-apps-7001/#ch2026010615012"",""ArkUI接口新增仅支持Stage模型的约束"")",entry\src\main\ets\pages\ngf\NGFDemoDataStoragePage.ets:217,未修复,接口定义变更
declare class CommonMethod<T>,ArkTS,7.0.0(26) Beta1,ALL,"=HYPERLINK(""https://developer.huawei.com/consumer/cn/doc/harmonyos-releases/changelogs-for-all-apps-7001/#ch2026010615012"",""ArkUI接口新增仅支持Stage模型的约束"")",entry\src\main\ets\pages\ngf\NGFDemoDataStoragePage.ets:218,未修复,接口定义变更
declare class CommonMethod<T>,ArkTS,7.0.0(26) Beta1,ALL,"=HYPERLINK(""https://developer.huawei.com/consumer/cn/doc/harmonyos-releases/changelogs-for-all-apps-7001/#ch2026010615012"",""ArkUI接口新增仅支持Stage模型的约束"")",entry\src\main\ets\pages\ngf\NGFDemoDataStoragePage.ets:220,未修复,接口定义变更
declare class CommonMethod<T>,ArkTS,7.0.0(26) Beta1,ALL,"=HYPERLINK(""https://developer.huawei.com/consumer/cn/doc/harmonyos-releases/changelogs-for-all-apps-7001/#ch2026010615012"",""ArkUI接口新增仅支持Stage模型的约束"")",entry\src\main\ets\pages\ngf\NGFDemoDataStoragePage.ets:221,未修复,接口定义变更
declare class CommonMethod<T>,ArkTS,7.0.0(26) Beta1,ALL,"=HYPERLINK(""https://developer.huawei.com/consumer/cn/doc/harmonyos-releases/changelogs-for-all-apps-7001/#ch2026010615012"",""ArkUI接口新增仅支持Stage模型的约束"")",entry\src\main\ets\pages\ngf\NGFDemoDataStoragePage.ets:222,未修复,接口定义变更
declare class CommonMethod<T>,ArkTS,7.0.0(26) Beta1,ALL,"=HYPERLINK(""https://developer.huawei.com/consumer/cn/doc/harmonyos-releases/changelogs-for-all-apps-7001/#ch2026010615012"",""ArkUI接口新增仅支持Stage模型的约束"")",entry\src\main\ets\pages\ngf\NGFDemoDataStoragePage.ets:226,未修复,接口定义变更
declare class CommonMethod<T>,ArkTS,7.0.0(26) Beta1,ALL,"=HYPERLINK(""https://developer.huawei.com/consumer/cn/doc/harmonyos-releases/changelogs-for-all-apps-7001/#ch2026010615012"",""ArkUI接口新增仅支持Stage模型的约束"")",entry\src\main\ets\pages\ngf\NGFDemoDataStoragePage.ets:236,未修复,接口定义变更
declare class CommonMethod<T>,ArkTS,7.0.0(26) Beta1,ALL,"=HYPERLINK(""https://developer.huawei.com/consumer/cn/doc/harmonyos-releases/changelogs-for-all-apps-7001/#ch2026010615012"",""ArkUI接口新增仅支持Stage模型的约束"")",entry\src\main\ets\pages\ngf\NGFDemoDataStoragePage.ets:237,未修复,接口定义变更
declare class CommonMethod<T>,ArkTS,7.0.0(26) Beta1,ALL,"=HYPERLINK(""https://developer.huawei.com/consumer/cn/doc/harmonyos-releases/changelogs-for-all-apps-7001/#ch2026010615012"",""ArkUI接口新增仅支持Stage模型的约束"")",entry\src\main\ets\pages\ngf\NGFDemoDataStoragePage.ets:238,未修复,接口定义变更
declare class CommonMethod<T>,ArkTS,7.0.0(26) Beta1,ALL,"=HYPERLINK(""https://developer.huawei.com/consumer/cn/doc/harmonyos-releases/changelogs-for-all-apps-7001/#ch2026010615012"",""ArkUI接口新增仅支持Stage模型的约束"")",entry\src\main\ets\pages\ngf\NGFDemoDataStoragePage.ets:239,未修复,接口定义变更
declare class CommonMethod<T>,ArkTS,7.0.0(26) Beta1,ALL,"=HYPERLINK(""https://developer.huawei.com/consumer/cn/doc/harmonyos-releases/changelogs-for-all-apps-7001/#ch2026010615012"",""ArkUI接口新增仅支持Stage模型的约束"")",entry\src\main\ets\pages\ngf\NGFDemoDataStoragePage.ets:241,未修复,接口定义变更
declare class CommonMethod<T>,ArkTS,7.0.0(26) Beta1,ALL,"=HYPERLINK(""https://developer.huawei.com/consumer/cn/doc/harmonyos-releases/changelogs-for-all-apps-7001/#ch2026010615012"",""ArkUI接口新增仅支持Stage模型的约束"")",entry\src\main\ets\pages\ngf\NGFDemoDataStoragePage.ets:249,未修复,接口定义变更
declare class CommonMethod<T>,ArkTS,7.0.0(26) Beta1,ALL,"=HYPERLINK(""https://developer.huawei.com/consumer/cn/doc/harmonyos-releases/changelogs-for-all-apps-7001/#ch2026010615012"",""ArkUI接口新增仅支持Stage模型的约束"")",entry\src\main\ets\pages\ngf\NGFDemoDataStoragePage.ets:252,未修复,接口定义变更
declare class CommonMethod<T>,ArkTS,7.0.0(26) Beta1,ALL,"=HYPERLINK(""https://developer.huawei.com/consumer/cn/doc/harmonyos-releases/changelogs-for-all-apps-7001/#ch2026010615012"",""ArkUI接口新增仅支持Stage模型的约束"")",entry\src\main\ets\pages\ngf\NGFDemoDataStoragePage.ets:253,未修复,接口定义变更
declare class CommonMethod<T>,ArkTS,7.0.0(26) Beta1,ALL,"=HYPERLINK(""https://developer.huawei.com/consumer/cn/doc/harmonyos-releases/changelogs-for-all-apps-7001/#ch2026010615012"",""ArkUI接口新增仅支持Stage模型的约束"")",entry\src\main\ets\pages\ngf\NGFDemoDataStoragePage.ets:254,未修复,接口定义变更
declare class CommonMethod<T>,ArkTS,7.0.0(26) Beta1,ALL,"=HYPERLINK(""https://developer.huawei.com/consumer/cn/doc/harmonyos-releases/changelogs-for-all-apps-7001/#ch2026010615012"",""ArkUI接口新增仅支持Stage模型的约束"")",entry\src\main\ets\pages\ngf\NGFDemoDataStoragePage.ets:255,未修复,接口定义变更
declare class CommonMethod<T>,ArkTS,7.0.0(26) Beta1,ALL,"=HYPERLINK(""https://developer.huawei.com/consumer/cn/doc/harmonyos-releases/changelogs-for-all-apps-7001/#ch2026010615012"",""ArkUI接口新增仅支持Stage模型的约束"")",entry\src\main\ets\pages\ngf\NGFDemoDataStoragePage.ets:256,未修复,接口定义变更
declare class CommonMethod<T>,ArkTS,7.0.0(26) Beta1,ALL,"=HYPERLINK(""https://developer.huawei.com/consumer/cn/doc/harmonyos-releases/changelogs-for-all-apps-7001/#ch2026010615012"",""ArkUI接口新增仅支持Stage模型的约束"")",entry\src\main\ets\pages\ngf\NGFDemoDataStoragePage.ets:257,未修复,接口定义变更
declare class CommonMethod<T>,ArkTS,7.0.0(26) Beta1,ALL,"=HYPERLINK(""https://developer.huawei.com/consumer/cn/doc/harmonyos-releases/changelogs-for-all-apps-7001/#ch2026010615012"",""ArkUI接口新增仅支持Stage模型的约束"")",entry\src\main\ets\pages\ngf\NGFDemoDataStoragePage.ets:269,未修复,接口定义变更
declare class CommonMethod<T>,ArkTS,7.0.0(26) Beta1,ALL,"=HYPERLINK(""https://developer.huawei.com/consumer/cn/doc/harmonyos-releases/changelogs-for-all-apps-7001/#ch2026010615012"",""ArkUI接口新增仅支持Stage模型的约束"")",entry\src\main\ets\pages\ngf\NGFDemoDataStoragePage.ets:270,未修复,接口定义变更
declare class CommonMethod<T>,ArkTS,7.0.0(26) Beta1,ALL,"=HYPERLINK(""https://developer.huawei.com/consumer/cn/doc/harmonyos-releases/changelogs-for-all-apps-7001/#ch2026010615012"",""ArkUI接口新增仅支持Stage模型的约束"")",entry\src\main\ets\pages\ngf\NGFDemoDataStoragePage.ets:272,未修复,接口定义变更
declare class CommonMethod<T>,ArkTS,7.0.0(26) Beta1,ALL,"=HYPERLINK(""https://developer.huawei.com/consumer/cn/doc/harmonyos-releases/changelogs-for-all-apps-7001/#ch2026010615012"",""ArkUI接口新增仅支持Stage模型的约束"")",entry\src\main\ets\pages\ngf\NGFDemoDataStoragePage.ets:273,未修复,接口定义变更
declare class CommonMethod<T>,ArkTS,7.0.0(26) Beta1,ALL,"=HYPERLINK(""https://developer.huawei.com/consumer/cn/doc/harmonyos-releases/changelogs-for-all-apps-7001/#ch2026010615012"",""ArkUI接口新增仅支持Stage模型的约束"")",entry\src\main\ets\pages\ngf\NGFDemoDataStoragePage.ets:274,未修复,接口定义变更
declare class CommonMethod<T>,ArkTS,7.0.0(26) Beta1,ALL,"=HYPERLINK(""https://developer.huawei.com/consumer/cn/doc/harmonyos-releases/changelogs-for-all-apps-7001/#ch2026010615012"",""ArkUI接口新增仅支持Stage模型的约束"")",entry\src\main\ets\pages\ngf\NGFDemoDataStoragePage.ets:285,未修复,接口定义变更
declare class CommonMethod<T>,ArkTS,7.0.0(26) Beta1,ALL,"=HYPERLINK(""https://developer.huawei.com/consumer/cn/doc/harmonyos-releases/changelogs-for-all-apps-7001/#ch2026010615012"",""ArkUI接口新增仅支持Stage模型的约束"")",entry\src\main\ets\pages\ngf\NGFDemoDataStoragePage.ets:291,未修复,接口定义变更
declare class CommonMethod<T>,ArkTS,7.0.0(26) Beta1,ALL,"=HYPERLINK(""https://developer.huawei.com/consumer/cn/doc/harmonyos-releases/changelogs-for-all-apps-7001/#ch2026010615012"",""ArkUI接口新增仅支持Stage模型的约束"")",entry\src\main\ets\pages\ngf\NGFDemoDataStoragePage.ets:295,未修复,接口定义变更
declare class CommonMethod<T>,ArkTS,7.0.0(26) Beta1,ALL,"=HYPERLINK(""https://developer.huawei.com/consumer/cn/doc/harmonyos-releases/changelogs-for-all-apps-7001/#ch2026010615012"",""ArkUI接口新增仅支持Stage模型的约束"")",entry\src\main\ets\pages\ngf\NGFDemoDataStoragePage.ets:296,未修复,接口定义变更
declare class CommonMethod<T>,ArkTS,7.0.0(26) Beta1,ALL,"=HYPERLINK(""https://developer.huawei.com/consumer/cn/doc/harmonyos-releases/changelogs-for-all-apps-7001/#ch2026010615012"",""ArkUI接口新增仅支持Stage模型的约束"")",entry\src\main\ets\pages\ngf\NGFDemoDataStoragePage.ets:297,未修复,接口定义变更
declare class CommonMethod<T>,ArkTS,7.0.0(26) Beta1,ALL,"=HYPERLINK(""https://developer.huawei.com/consumer/cn/doc/harmonyos-releases/changelogs-for-all-apps-7001/#ch2026010615012"",""ArkUI接口新增仅支持Stage模型的约束"")",entry\src\main\ets\pages\ngf\NGFDemoDataStoragePage.ets:298,未修复,接口定义变更
declare class CommonMethod<T>,ArkTS,7.0.0(26) Beta1,ALL,"=HYPERLINK(""https://developer.huawei.com/consumer/cn/doc/harmonyos-releases/changelogs-for-all-apps-7001/#ch2026010615012"",""ArkUI接口新增仅支持Stage模型的约束"")",entry\src\main\ets\pages\ngf\NGFDemoDataStoragePage.ets:300,未修复,接口定义变更
declare class CommonMethod<T>,ArkTS,7.0.0(26) Beta1,ALL,"=HYPERLINK(""https://developer.huawei.com/consumer/cn/doc/harmonyos-releases/changelogs-for-all-apps-7001/#ch2026010615012"",""ArkUI接口新增仅支持Stage模型的约束"")",entry\src\main\ets\pages\ngf\NGFDemoDataStoragePage.ets:301,未修复,接口定义变更
declare class CommonMethod<T>,ArkTS,7.0.0(26) Beta1,ALL,"=HYPERLINK(""https://developer.huawei.com/consumer/cn/doc/harmonyos-releases/changelogs-for-all-apps-7001/#ch2026010615012"",""ArkUI接口新增仅支持Stage模型的约束"")",entry\src\main\ets\pages\ngf\NGFDemoDataStoragePage.ets:302,未修复,接口定义变更
declare class CommonMethod<T>,ArkTS,7.0.0(26) Beta1,ALL,"=HYPERLINK(""https://developer.huawei.com/consumer/cn/doc/harmonyos-releases/changelogs-for-all-apps-7001/#ch2026010615012"",""ArkUI接口新增仅支持Stage模型的约束"")",entry\src\main\ets\pages\ngf\NGFDemoDataStoragePage.ets:303,未修复,接口定义变更
declare class CommonMethod<T>,ArkTS,7.0.0(26) Beta1,ALL,"=HYPERLINK(""https://developer.huawei.com/consumer/cn/doc/harmonyos-releases/changelogs-for-all-apps-7001/#ch2026010615012"",""ArkUI接口新增仅支持Stage模型的约束"")",entry\src\main\ets\pages\ngf\NGFDemoDataStoragePage.ets:306,未修复,接口定义变更
declare class CommonMethod<T>,ArkTS,7.0.0(26) Beta1,ALL,"=HYPERLINK(""https://developer.huawei.com/consumer/cn/doc/harmonyos-releases/changelogs-for-all-apps-7001/#ch2026010615012"",""ArkUI接口新增仅支持Stage模型的约束"")",entry\src\main\ets\pages\ngf\NGFDemoDataStoragePage.ets:309,未修复,接口定义变更
declare class CommonMethod<T>,ArkTS,7.0.0(26) Beta1,ALL,"=HYPERLINK(""https://developer.huawei.com/consumer/cn/doc/harmonyos-releases/changelogs-for-all-apps-7001/#ch2026010615012"",""ArkUI接口新增仅支持Stage模型的约束"")",entry\src\main\ets\pages\ngf\NGFDemoDataStoragePage.ets:310,未修复,接口定义变更
declare class CommonMethod<T>,ArkTS,7.0.0(26) Beta1,ALL,"=HYPERLINK(""https://developer.huawei.com/consumer/cn/doc/harmonyos-releases/changelogs-for-all-apps-7001/#ch2026010615012"",""ArkUI接口新增仅支持Stage模型的约束"")",entry\src\main\ets\pages\ngf\NGFDemoDataStoragePage.ets:311,未修复,接口定义变更
declare class CommonMethod<T>,ArkTS,7.0.0(26) Beta1,ALL,"=HYPERLINK(""https://developer.huawei.com/consumer/cn/doc/harmonyos-releases/changelogs-for-all-apps-7001/#ch2026010615012"",""ArkUI接口新增仅支持Stage模型的约束"")",entry\src\main\ets\pages\ngf\NGFDemoDataStoragePage.ets:312,未修复,接口定义变更
declare class CommonMethod<T>,ArkTS,7.0.0(26) Beta1,ALL,"=HYPERLINK(""https://developer.huawei.com/consumer/cn/doc/harmonyos-releases/changelogs-for-all-apps-7001/#ch2026010615012"",""ArkUI接口新增仅支持Stage模型的约束"")",entry\src\main\ets\pages\ngf\NGFDemoDataStoragePage.ets:313,未修复,接口定义变更
declare class CommonMethod<T>,ArkTS,7.0.0(26) Beta1,ALL,"=HYPERLINK(""https://developer.huawei.com/consumer/cn/doc/harmonyos-releases/changelogs-for-all-apps-7001/#ch2026010615012"",""ArkUI接口新增仅支持Stage模型的约束"")",entry\src\main\ets\pages\ngf\NGFDemoDataStoragePage.ets:314,未修复,接口定义变更
declare class CommonMethod<T>,ArkTS,7.0.0(26) Beta1,ALL,"=HYPERLINK(""https://developer.huawei.com/consumer/cn/doc/harmonyos-releases/changelogs-for-all-apps-7001/#ch2026010615012"",""ArkUI接口新增仅支持Stage模型的约束"")",entry\src\main\ets\pages\ngf\NGFDemoDataStoragePage.ets:326,未修复,接口定义变更
declare class CommonMethod<T>,ArkTS,7.0.0(26) Beta1,ALL,"=HYPERLINK(""https://developer.huawei.com/consumer/cn/doc/harmonyos-releases/changelogs-for-all-apps-7001/#ch2026010615012"",""ArkUI接口新增仅支持Stage模型的约束"")",entry\src\main\ets\pages\ngf\NGFDemoDataStoragePage.ets:327,未修复,接口定义变更
declare class CommonMethod<T>,ArkTS,7.0.0(26) Beta1,ALL,"=HYPERLINK(""https://developer.huawei.com/consumer/cn/doc/harmonyos-releases/changelogs-for-all-apps-7001/#ch2026010615012"",""ArkUI接口新增仅支持Stage模型的约束"")",entry\src\main\ets\pages\ngf\NGFDemoDataStoragePage.ets:334,未修复,接口定义变更
declare class CommonMethod<T>,ArkTS,7.0.0(26) Beta1,ALL,"=HYPERLINK(""https://developer.huawei.com/consumer/cn/doc/harmonyos-releases/changelogs-for-all-apps-7001/#ch2026010615012"",""ArkUI接口新增仅支持Stage模型的约束"")",entry\src\main\ets\pages\ngf\NGFDemoDataStoragePage.ets:335,未修复,接口定义变更
declare class CommonMethod<T>,ArkTS,7.0.0(26) Beta1,ALL,"=HYPERLINK(""https://developer.huawei.com/consumer/cn/doc/harmonyos-releases/changelogs-for-all-apps-7001/#ch2026010615012"",""ArkUI接口新增仅支持Stage模型的约束"")",entry\src\main\ets\pages\ngf\NGFDemoDataStoragePage.ets:343,未修复,接口定义变更
declare class CommonMethod<T>,ArkTS,7.0.0(26) Beta1,ALL,"=HYPERLINK(""https://developer.huawei.com/consumer/cn/doc/harmonyos-releases/changelogs-for-all-apps-7001/#ch2026010615012"",""ArkUI接口新增仅支持Stage模型的约束"")",entry\src\main\ets\pages\ngf\NGFDemoDataStoragePage.ets:344,未修复,接口定义变更
declare class CommonMethod<T>,ArkTS,7.0.0(26) Beta1,ALL,"=HYPERLINK(""https://developer.huawei.com/consumer/cn/doc/harmonyos-releases/changelogs-for-all-apps-7001/#ch2026010615012"",""ArkUI接口新增仅支持Stage模型的约束"")",entry\src\main\ets\pages\ngf\NGFDemoDataStoragePage.ets:346,未修复,接口定义变更
declare class CommonMethod<T>,ArkTS,7.0.0(26) Beta1,ALL,"=HYPERLINK(""https://developer.huawei.com/consumer/cn/doc/harmonyos-releases/changelogs-for-all-apps-7001/#ch2026010615012"",""ArkUI接口新增仅支持Stage模型的约束"")",entry\src\main\ets\pages\ngf\NGFDemoDataStoragePage.ets:347,未修复,接口定义变更
declare class CommonMethod<T>,ArkTS,7.0.0(26) Beta1,ALL,"=HYPERLINK(""https://developer.huawei.com/consumer/cn/doc/harmonyos-releases/changelogs-for-all-apps-7001/#ch2026010615012"",""ArkUI接口新增仅支持Stage模型的约束"")",entry\src\main\ets\pages\ngf\NGFDemoDataStoragePage.ets:348,未修复,接口定义变更
declare class CommonMethod<T>,ArkTS,7.0.0(26) Beta1,ALL,"=HYPERLINK(""https://developer.huawei.com/consumer/cn/doc/harmonyos-releases/changelogs-for-all-apps-7001/#ch2026010615012"",""ArkUI接口新增仅支持Stage模型的约束"")",entry\src\main\ets\pages\ngf\NGFDemoDataStoragePage.ets:354,未修复,接口定义变更
declare class CommonMethod<T>,ArkTS,7.0.0(26) Beta1,ALL,"=HYPERLINK(""https://developer.huawei.com/consumer/cn/doc/harmonyos-releases/changelogs-for-all-apps-7001/#ch2026010615012"",""ArkUI接口新增仅支持Stage模型的约束"")",entry\src\main\ets\pages\ngf\NGFDemoDataStoragePage.ets:355,未修复,接口定义变更
declare class CommonMethod<T>,ArkTS,7.0.0(26) Beta1,ALL,"=HYPERLINK(""https://developer.huawei.com/consumer/cn/doc/harmonyos-releases/changelogs-for-all-apps-7001/#ch2026010615012"",""ArkUI接口新增仅支持Stage模型的约束"")",entry\src\main\ets\pages\ngf\NGFDemoDataStoragePage.ets:357,未修复,接口定义变更
declare class CommonMethod<T>,ArkTS,7.0.0(26) Beta1,ALL,"=HYPERLINK(""https://developer.huawei.com/consumer/cn/doc/harmonyos-releases/changelogs-for-all-apps-7001/#ch2026010615012"",""ArkUI接口新增仅支持Stage模型的约束"")",entry\src\main\ets\pages\ngf\NGFDemoDataStoragePage.ets:358,未修复,接口定义变更
declare class CommonMethod<T>,ArkTS,7.0.0(26) Beta1,ALL,"=HYPERLINK(""https://developer.huawei.com/consumer/cn/doc/harmonyos-releases/changelogs-for-all-apps-7001/#ch2026010615012"",""ArkUI接口新增仅支持Stage模型的约束"")",entry\src\main\ets\pages\ngf\NGFDemoDataStoragePage.ets:359,未修复,接口定义变更
declare class CommonMethod<T>,ArkTS,7.0.0(26) Beta1,ALL,"=HYPERLINK(""https://developer.huawei.com/consumer/cn/doc/harmonyos-releases/changelogs-for-all-apps-7001/#ch2026010615012"",""ArkUI接口新增仅支持Stage模型的约束"")",entry\src\main\ets\pages\ngf\NGFDemoDataStoragePage.ets:364,未修复,接口定义变更
declare class CommonMethod<T>,ArkTS,7.0.0(26) Beta1,ALL,"=HYPERLINK(""https://developer.huawei.com/consumer/cn/doc/harmonyos-releases/changelogs-for-all-apps-7001/#ch2026010615012"",""ArkUI接口新增仅支持Stage模型的约束"")",entry\src\main\ets\pages\ngf\NGFDemoDataStoragePage.ets:365,未修复,接口定义变更
declare class CommonMethod<T>,ArkTS,7.0.0(26) Beta1,ALL,"=HYPERLINK(""https://developer.huawei.com/consumer/cn/doc/harmonyos-releases/changelogs-for-all-apps-7001/#ch2026010615012"",""ArkUI接口新增仅支持Stage模型的约束"")",entry\src\main\ets\pages\ngf\NGFDemoDataStoragePage.ets:367,未修复,接口定义变更
declare class CommonMethod<T>,ArkTS,7.0.0(26) Beta1,ALL,"=HYPERLINK(""https://developer.huawei.com/consumer/cn/doc/harmonyos-releases/changelogs-for-all-apps-7001/#ch2026010615012"",""ArkUI接口新增仅支持Stage模型的约束"")",entry\src\main\ets\pages\ngf\NGFDemoDataStoragePage.ets:368,未修复,接口定义变更
declare class CommonMethod<T>,ArkTS,7.0.0(26) Beta1,ALL,"=HYPERLINK(""https://developer.huawei.com/consumer/cn/doc/harmonyos-releases/changelogs-for-all-apps-7001/#ch2026010615012"",""ArkUI接口新增仅支持Stage模型的约束"")",entry\src\main\ets\pages\ngf\NGFDemoDataStoragePage.ets:369,未修复,接口定义变更
declare class CommonMethod<T>,ArkTS,7.0.0(26) Beta1,ALL,"=HYPERLINK(""https://developer.huawei.com/consumer/cn/doc/harmonyos-releases/changelogs-for-all-apps-7001/#ch2026010615012"",""ArkUI接口新增仅支持Stage模型的约束"")",entry\src\main\ets\pages\ngf\NGFDemoDataStoragePage.ets:374,未修复,接口定义变更
declare class CommonMethod<T>,ArkTS,7.0.0(26) Beta1,ALL,"=HYPERLINK(""https://developer.huawei.com/consumer/cn/doc/harmonyos-releases/changelogs-for-all-apps-7001/#ch2026010615012"",""ArkUI接口新增仅支持Stage模型的约束"")",entry\src\main\ets\pages\ngf\NGFDemoDataStoragePage.ets:375,未修复,接口定义变更
declare class CommonMethod<T>,ArkTS,7.0.0(26) Beta1,ALL,"=HYPERLINK(""https://developer.huawei.com/consumer/cn/doc/harmonyos-releases/changelogs-for-all-apps-7001/#ch2026010615012"",""ArkUI接口新增仅支持Stage模型的约束"")",entry\src\main\ets\pages\ngf\NGFDemoDataStoragePage.ets:377,未修复,接口定义变更
declare class CommonMethod<T>,ArkTS,7.0.0(26) Beta1,ALL,"=HYPERLINK(""https://developer.huawei.com/consumer/cn/doc/harmonyos-releases/changelogs-for-all-apps-7001/#ch2026010615012"",""ArkUI接口新增仅支持Stage模型的约束"")",entry\src\main\ets\pages\ngf\NGFDemoDataStoragePage.ets:378,未修复,接口定义变更
declare class CommonMethod<T>,ArkTS,7.0.0(26) Beta1,ALL,"=HYPERLINK(""https://developer.huawei.com/consumer/cn/doc/harmonyos-releases/changelogs-for-all-apps-7001/#ch2026010615012"",""ArkUI接口新增仅支持Stage模型的约束"")",entry\src\main\ets\pages\ngf\NGFDemoDataStoragePage.ets:379,未修复,接口定义变更
declare class CommonMethod<T>,ArkTS,7.0.0(26) Beta1,ALL,"=HYPERLINK(""https://developer.huawei.com/consumer/cn/doc/harmonyos-releases/changelogs-for-all-apps-7001/#ch2026010615012"",""ArkUI接口新增仅支持Stage模型的约束"")",entry\src\main\ets\pages\ngf\NGFDemoDataStoragePage.ets:385,未修复,接口定义变更
declare class CommonMethod<T>,ArkTS,7.0.0(26) Beta1,ALL,"=HYPERLINK(""https://developer.huawei.com/consumer/cn/doc/harmonyos-releases/changelogs-for-all-apps-7001/#ch2026010615012"",""ArkUI接口新增仅支持Stage模型的约束"")",entry\src\main\ets\pages\ngf\NGFDemoDataStoragePage.ets:397,未修复,接口定义变更
declare class CommonMethod<T>,ArkTS,7.0.0(26) Beta1,ALL,"=HYPERLINK(""https://developer.huawei.com/consumer/cn/doc/harmonyos-releases/changelogs-for-all-apps-7001/#ch2026010615012"",""ArkUI接口新增仅支持Stage模型的约束"")",entry\src\main\ets\pages\ngf\NGFDemoDataStoragePage.ets:409,未修复,接口定义变更
declare class CommonMethod<T>,ArkTS,7.0.0(26) Beta1,ALL,"=HYPERLINK(""https://developer.huawei.com/consumer/cn/doc/harmonyos-releases/changelogs-for-all-apps-7001/#ch2026010615012"",""ArkUI接口新增仅支持Stage模型的约束"")",entry\src\main\ets\pages\ngf\NGFDemoDataStoragePage.ets:421,未修复,接口定义变更
declare class CommonMethod<T>,ArkTS,7.0.0(26) Beta1,ALL,"=HYPERLINK(""https://developer.huawei.com/consumer/cn/doc/harmonyos-releases/changelogs-for-all-apps-7001/#ch2026010615012"",""ArkUI接口新增仅支持Stage模型的约束"")",entry\src\main\ets\pages\ngf\NGFDemoDataStoragePage.ets:424,未修复,接口定义变更
declare class CommonMethod<T>,ArkTS,7.0.0(26) Beta1,ALL,"=HYPERLINK(""https://developer.huawei.com/consumer/cn/doc/harmonyos-releases/changelogs-for-all-apps-7001/#ch2026010615012"",""ArkUI接口新增仅支持Stage模型的约束"")",entry\src\main\ets\pages\ngf\NGFDemoDataStoragePage.ets:425,未修复,接口定义变更
declare class CommonMethod<T>,ArkTS,7.0.0(26) Beta1,ALL,"=HYPERLINK(""https://developer.huawei.com/consumer/cn/doc/harmonyos-releases/changelogs-for-all-apps-7001/#ch2026010615012"",""ArkUI接口新增仅支持Stage模型的约束"")",entry\src\main\ets\pages\ngf\NGFDemoDataStoragePage.ets:426,未修复,接口定义变更
declare class CommonMethod<T>,ArkTS,7.0.0(26) Beta1,ALL,"=HYPERLINK(""https://developer.huawei.com/consumer/cn/doc/harmonyos-releases/changelogs-for-all-apps-7001/#ch2026010615012"",""ArkUI接口新增仅支持Stage模型的约束"")",entry\src\main\ets\pages\ngf\NGFDemoDataStoragePage.ets:427,未修复,接口定义变更
declare class CommonMethod<T>,ArkTS,7.0.0(26) Beta1,ALL,"=HYPERLINK(""https://developer.huawei.com/consumer/cn/doc/harmonyos-releases/changelogs-for-all-apps-7001/#ch2026010615012"",""ArkUI接口新增仅支持Stage模型的约束"")",entry\src\main\ets\pages\ngf\NGFDemoDataStoragePage.ets:429,未修复,接口定义变更
declare class CommonMethod<T>,ArkTS,7.0.0(26) Beta1,ALL,"=HYPERLINK(""https://developer.huawei.com/consumer/cn/doc/harmonyos-releases/changelogs-for-all-apps-7001/#ch2026010615012"",""ArkUI接口新增仅支持Stage模型的约束"")",entry\src\main\ets\pages\ngf\NGFDemoDataStoragePage.ets:430,未修复,接口定义变更
declare class CommonMethod<T>,ArkTS,7.0.0(26) Beta1,ALL,"=HYPERLINK(""https://developer.huawei.com/consumer/cn/doc/harmonyos-releases/changelogs-for-all-apps-7001/#ch2026010615012"",""ArkUI接口新增仅支持Stage模型的约束"")",entry\src\main\ets\pages\ngf\NGFDemoDataStoragePage.ets:431,未修复,接口定义变更
declare class CommonMethod<T>,ArkTS,7.0.0(26) Beta1,ALL,"=HYPERLINK(""https://developer.huawei.com/consumer/cn/doc/harmonyos-releases/changelogs-for-all-apps-7001/#ch2026010615012"",""ArkUI接口新增仅支持Stage模型的约束"")",entry\src\main\ets\pages\ngf\NGFDemoDataStoragePage.ets:432,未修复,接口定义变更
declare class CommonMethod<T>,ArkTS,7.0.0(26) Beta1,ALL,"=HYPERLINK(""https://developer.huawei.com/consumer/cn/doc/harmonyos-releases/changelogs-for-all-apps-7001/#ch2026010615012"",""ArkUI接口新增仅支持Stage模型的约束"")",entry\src\main\ets\pages\ngf\NGFDemoDataStoragePage.ets:433,未修复,接口定义变更
declare class CommonMethod<T>,ArkTS,7.0.0(26) Beta1,ALL,"=HYPERLINK(""https://developer.huawei.com/consumer/cn/doc/harmonyos-releases/changelogs-for-all-apps-7001/#ch2026010615012"",""ArkUI接口新增仅支持Stage模型的约束"")",entry\src\main\ets\pages\ngf\NGFDemoDataStoragePage.ets:434,未修复,接口定义变更
declare class CommonMethod<T>,ArkTS,7.0.0(26) Beta1,ALL,"=HYPERLINK(""https://developer.huawei.com/consumer/cn/doc/harmonyos-releases/changelogs-for-all-apps-7001/#ch2026010615012"",""ArkUI接口新增仅支持Stage模型的约束"")",entry\src\main\ets\pages\ngf\NGFDemoDataStoragePage.ets:81,未修复,接口定义变更
declare class CommonMethod<T>,ArkTS,7.0.0(26) Beta1,ALL,"=HYPERLINK(""https://developer.huawei.com/consumer/cn/doc/harmonyos-releases/changelogs-for-all-apps-7001/#ch2026010615012"",""ArkUI接口新增仅支持Stage模型的约束"")",entry\src\main\ets\pages\ngf\NGFDemoDataStoragePage.ets:82,未修复,接口定义变更
declare class CommonMethod<T>,ArkTS,7.0.0(26) Beta1,ALL,"=HYPERLINK(""https://developer.huawei.com/consumer/cn/doc/harmonyos-releases/changelogs-for-all-apps-7001/#ch2026010615012"",""ArkUI接口新增仅支持Stage模型的约束"")",entry\src\main\ets\pages\ngf\NGFDemoDataStoragePage.ets:84,未修复,接口定义变更
declare class CommonMethod<T>,ArkTS,7.0.0(26) Beta1,ALL,"=HYPERLINK(""https://developer.huawei.com/consumer/cn/doc/harmonyos-releases/changelogs-for-all-apps-7001/#ch2026010615012"",""ArkUI接口新增仅支持Stage模型的约束"")",entry\src\main\ets\pages\ngf\NGFDemoDataStoragePage.ets:85,未修复,接口定义变更
declare class CommonMethod<T>,ArkTS,7.0.0(26) Beta1,ALL,"=HYPERLINK(""https://developer.huawei.com/consumer/cn/doc/harmonyos-releases/changelogs-for-all-apps-7001/#ch2026010615012"",""ArkUI接口新增仅支持Stage模型的约束"")",entry\src\main\ets\pages\ngf\NGFDemoDataStoragePage.ets:88,未修复,接口定义变更
declare class CommonMethod<T>,ArkTS,7.0.0(26) Beta1,ALL,"=HYPERLINK(""https://developer.huawei.com/consumer/cn/doc/harmonyos-releases/changelogs-for-all-apps-7001/#ch2026010615012"",""ArkUI接口新增仅支持Stage模型的约束"")",entry\src\main\ets\pages\ngf\NGFDemoDataStoragePage.ets:89,未修复,接口定义变更
declare class CommonMethod<T>,ArkTS,7.0.0(26) Beta1,ALL,"=HYPERLINK(""https://developer.huawei.com/consumer/cn/doc/harmonyos-releases/changelogs-for-all-apps-7001/#ch2026010615012"",""ArkUI接口新增仅支持Stage模型的约束"")",entry\src\main\ets\pages\ngf\NGFDemoDataStoragePage.ets:91,未修复,接口定义变更
declare class CommonMethod<T>,ArkTS,7.0.0(26) Beta1,ALL,"=HYPERLINK(""https://developer.huawei.com/consumer/cn/doc/harmonyos-releases/changelogs-for-all-apps-7001/#ch2026010615012"",""ArkUI接口新增仅支持Stage模型的约束"")",entry\src\main\ets\pages\ngf\NGFDemoDataStoragePage.ets:92,未修复,接口定义变更
declare class CommonMethod<T>,ArkTS,7.0.0(26) Beta1,ALL,"=HYPERLINK(""https://developer.huawei.com/consumer/cn/doc/harmonyos-releases/changelogs-for-all-apps-7001/#ch2026010615012"",""ArkUI接口新增仅支持Stage模型的约束"")",entry\src\main\ets\pages\ngf\NGFDemoDeviceDisplayPage.ets:134,未修复,接口定义变更
declare class CommonMethod<T>,ArkTS,7.0.0(26) Beta1,ALL,"=HYPERLINK(""https://developer.huawei.com/consumer/cn/doc/harmonyos-releases/changelogs-for-all-apps-7001/#ch2026010615012"",""ArkUI接口新增仅支持Stage模型的约束"")",entry\src\main\ets\pages\ngf\NGFDemoDeviceDisplayPage.ets:135,未修复,接口定义变更
declare class CommonMethod<T>,ArkTS,7.0.0(26) Beta1,ALL,"=HYPERLINK(""https://developer.huawei.com/consumer/cn/doc/harmonyos-releases/changelogs-for-all-apps-7001/#ch2026010615012"",""ArkUI接口新增仅支持Stage模型的约束"")",entry\src\main\ets\pages\ngf\NGFDemoDeviceDisplayPage.ets:136,未修复,接口定义变更
declare class CommonMethod<T>,ArkTS,7.0.0(26) Beta1,ALL,"=HYPERLINK(""https://developer.huawei.com/consumer/cn/doc/harmonyos-releases/changelogs-for-all-apps-7001/#ch2026010615012"",""ArkUI接口新增仅支持Stage模型的约束"")",entry\src\main\ets\pages\ngf\NGFDemoDeviceDisplayPage.ets:140,未修复,接口定义变更
declare class CommonMethod<T>,ArkTS,7.0.0(26) Beta1,ALL,"=HYPERLINK(""https://developer.huawei.com/consumer/cn/doc/harmonyos-releases/changelogs-for-all-apps-7001/#ch2026010615012"",""ArkUI接口新增仅支持Stage模型的约束"")",entry\src\main\ets\pages\ngf\NGFDemoDeviceDisplayPage.ets:141,未修复,接口定义变更
declare class CommonMethod<T>,ArkTS,7.0.0(26) Beta1,ALL,"=HYPERLINK(""https://developer.huawei.com/consumer/cn/doc/harmonyos-releases/changelogs-for-all-apps-7001/#ch2026010615012"",""ArkUI接口新增仅支持Stage模型的约束"")",entry\src\main\ets\pages\ngf\NGFDemoDeviceDisplayPage.ets:155,未修复,接口定义变更
declare class CommonMethod<T>,ArkTS,7.0.0(26) Beta1,ALL,"=HYPERLINK(""https://developer.huawei.com/consumer/cn/doc/harmonyos-releases/changelogs-for-all-apps-7001/#ch2026010615012"",""ArkUI接口新增仅支持Stage模型的约束"")",entry\src\main\ets\pages\ngf\NGFDemoDeviceDisplayPage.ets:157,未修复,接口定义变更
declare class CommonMethod<T>,ArkTS,7.0.0(26) Beta1,ALL,"=HYPERLINK(""https://developer.huawei.com/consumer/cn/doc/harmonyos-releases/changelogs-for-all-apps-7001/#ch2026010615012"",""ArkUI接口新增仅支持Stage模型的约束"")",entry\src\main\ets\pages\ngf\NGFDemoDeviceDisplayPage.ets:158,未修复,接口定义变更
declare class CommonMethod<T>,ArkTS,7.0.0(26) Beta1,ALL,"=HYPERLINK(""https://developer.huawei.com/consumer/cn/doc/harmonyos-releases/changelogs-for-all-apps-7001/#ch2026010615012"",""ArkUI接口新增仅支持Stage模型的约束"")",entry\src\main\ets\pages\ngf\NGFDemoDeviceDisplayPage.ets:160,未修复,接口定义变更
declare class CommonMethod<T>,ArkTS,7.0.0(26) Beta1,ALL,"=HYPERLINK(""https://developer.huawei.com/consumer/cn/doc/harmonyos-releases/changelogs-for-all-apps-7001/#ch2026010615012"",""ArkUI接口新增仅支持Stage模型的约束"")",entry\src\main\ets\pages\ngf\NGFDemoDeviceDisplayPage.ets:165,未修复,接口定义变更
declare class CommonMethod<T>,ArkTS,7.0.0(26) Beta1,ALL,"=HYPERLINK(""https://developer.huawei.com/consumer/cn/doc/harmonyos-releases/changelogs-for-all-apps-7001/#ch2026010615012"",""ArkUI接口新增仅支持Stage模型的约束"")",entry\src\main\ets\pages\ngf\NGFDemoDeviceDisplayPage.ets:169,未修复,接口定义变更
declare class CommonMethod<T>,ArkTS,7.0.0(26) Beta1,ALL,"=HYPERLINK(""https://developer.huawei.com/consumer/cn/doc/harmonyos-releases/changelogs-for-all-apps-7001/#ch2026010615012"",""ArkUI接口新增仅支持Stage模型的约束"")",entry\src\main\ets\pages\ngf\NGFDemoDeviceDisplayPage.ets:170,未修复,接口定义变更
declare class CommonMethod<T>,ArkTS,7.0.0(26) Beta1,ALL,"=HYPERLINK(""https://developer.huawei.com/consumer/cn/doc/harmonyos-releases/changelogs-for-all-apps-7001/#ch2026010615012"",""ArkUI接口新增仅支持Stage模型的约束"")",entry\src\main\ets\pages\ngf\NGFDemoDeviceDisplayPage.ets:172,未修复,接口定义变更
declare class CommonMethod<T>,ArkTS,7.0.0(26) Beta1,ALL,"=HYPERLINK(""https://developer.huawei.com/consumer/cn/doc/harmonyos-releases/changelogs-for-all-apps-7001/#ch2026010615012"",""ArkUI接口新增仅支持Stage模型的约束"")",entry\src\main\ets\pages\ngf\NGFDemoDeviceDisplayPage.ets:173,未修复,接口定义变更
declare class CommonMethod<T>,ArkTS,7.0.0(26) Beta1,ALL,"=HYPERLINK(""https://developer.huawei.com/consumer/cn/doc/harmonyos-releases/changelogs-for-all-apps-7001/#ch2026010615012"",""ArkUI接口新增仅支持Stage模型的约束"")",entry\src\main\ets\pages\ngf\NGFDemoDeviceDisplayPage.ets:174,未修复,接口定义变更
declare class CommonMethod<T>,ArkTS,7.0.0(26) Beta1,ALL,"=HYPERLINK(""https://developer.huawei.com/consumer/cn/doc/harmonyos-releases/changelogs-for-all-apps-7001/#ch2026010615012"",""ArkUI接口新增仅支持Stage模型的约束"")",entry\src\main\ets\pages\ngf\NGFDemoDeviceDisplayPage.ets:178,未修复,接口定义变更
declare class CommonMethod<T>,ArkTS,7.0.0(26) Beta1,ALL,"=HYPERLINK(""https://developer.huawei.com/consumer/cn/doc/harmonyos-releases/changelogs-for-all-apps-7001/#ch2026010615012"",""ArkUI接口新增仅支持Stage模型的约束"")",entry\src\main\ets\pages\ngf\NGFDemoDeviceDisplayPage.ets:179,未修复,接口定义变更
declare class CommonMethod<T>,ArkTS,7.0.0(26) Beta1,ALL,"=HYPERLINK(""https://developer.huawei.com/consumer/cn/doc/harmonyos-releases/changelogs-for-all-apps-7001/#ch2026010615012"",""ArkUI接口新增仅支持Stage模型的约束"")",entry\src\main\ets\pages\ngf\NGFDemoDeviceDisplayPage.ets:181,未修复,接口定义变更
declare class CommonMethod<T>,ArkTS,7.0.0(26) Beta1,ALL,"=HYPERLINK(""https://developer.huawei.com/consumer/cn/doc/harmonyos-releases/changelogs-for-all-apps-7001/#ch2026010615012"",""ArkUI接口新增仅支持Stage模型的约束"")",entry\src\main\ets\pages\ngf\NGFDemoDeviceDisplayPage.ets:182,未修复,接口定义变更
declare class CommonMethod<T>,ArkTS,7.0.0(26) Beta1,ALL,"=HYPERLINK(""https://developer.huawei.com/consumer/cn/doc/harmonyos-releases/changelogs-for-all-apps-7001/#ch2026010615012"",""ArkUI接口新增仅支持Stage模型的约束"")",entry\src\main\ets\pages\ngf\NGFDemoDeviceDisplayPage.ets:183,未修复,接口定义变更
declare class CommonMethod<T>,ArkTS,7.0.0(26) Beta1,ALL,"=HYPERLINK(""https://developer.huawei.com/consumer/cn/doc/harmonyos-releases/changelogs-for-all-apps-7001/#ch2026010615012"",""ArkUI接口新增仅支持Stage模型的约束"")",entry\src\main\ets\pages\ngf\NGFDemoDeviceDisplayPage.ets:187,未修复,接口定义变更
declare class CommonMethod<T>,ArkTS,7.0.0(26) Beta1,ALL,"=HYPERLINK(""https://developer.huawei.com/consumer/cn/doc/harmonyos-releases/changelogs-for-all-apps-7001/#ch2026010615012"",""ArkUI接口新增仅支持Stage模型的约束"")",entry\src\main\ets\pages\ngf\NGFDemoDeviceDisplayPage.ets:188,未修复,接口定义变更
declare class CommonMethod<T>,ArkTS,7.0.0(26) Beta1,ALL,"=HYPERLINK(""https://developer.huawei.com/consumer/cn/doc/harmonyos-releases/changelogs-for-all-apps-7001/#ch2026010615012"",""ArkUI接口新增仅支持Stage模型的约束"")",entry\src\main\ets\pages\ngf\NGFDemoDeviceDisplayPage.ets:190,未修复,接口定义变更
declare class CommonMethod<T>,ArkTS,7.0.0(26) Beta1,ALL,"=HYPERLINK(""https://developer.huawei.com/consumer/cn/doc/harmonyos-releases/changelogs-for-all-apps-7001/#ch2026010615012"",""ArkUI接口新增仅支持Stage模型的约束"")",entry\src\main\ets\pages\ngf\NGFDemoDeviceDisplayPage.ets:191,未修复,接口定义变更
declare class CommonMethod<T>,ArkTS,7.0.0(26) Beta1,ALL,"=HYPERLINK(""https://developer.huawei.com/consumer/cn/doc/harmonyos-releases/changelogs-for-all-apps-7001/#ch2026010615012"",""ArkUI接口新增仅支持Stage模型的约束"")",entry\src\main\ets\pages\ngf\NGFDemoDeviceDisplayPage.ets:192,未修复,接口定义变更
declare class CommonMethod<T>,ArkTS,7.0.0(26) Beta1,ALL,"=HYPERLINK(""https://developer.huawei.com/consumer/cn/doc/harmonyos-releases/changelogs-for-all-apps-7001/#ch2026010615012"",""ArkUI接口新增仅支持Stage模型的约束"")",entry\src\main\ets\pages\ngf\NGFDemoDeviceDisplayPage.ets:196,未修复,接口定义变更
declare class CommonMethod<T>,ArkTS,7.0.0(26) Beta1,ALL,"=HYPERLINK(""https://developer.huawei.com/consumer/cn/doc/harmonyos-releases/changelogs-for-all-apps-7001/#ch2026010615012"",""ArkUI接口新增仅支持Stage模型的约束"")",entry\src\main\ets\pages\ngf\NGFDemoDeviceDisplayPage.ets:197,未修复,接口定义变更
declare class CommonMethod<T>,ArkTS,7.0.0(26) Beta1,ALL,"=HYPERLINK(""https://developer.huawei.com/consumer/cn/doc/harmonyos-releases/changelogs-for-all-apps-7001/#ch2026010615012"",""ArkUI接口新增仅支持Stage模型的约束"")",entry\src\main\ets\pages\ngf\NGFDemoDeviceDisplayPage.ets:199,未修复,接口定义变更
declare class CommonMethod<T>,ArkTS,7.0.0(26) Beta1,ALL,"=HYPERLINK(""https://developer.huawei.com/consumer/cn/doc/harmonyos-releases/changelogs-for-all-apps-7001/#ch2026010615012"",""ArkUI接口新增仅支持Stage模型的约束"")",entry\src\main\ets\pages\ngf\NGFDemoDeviceDisplayPage.ets:200,未修复,接口定义变更
declare class CommonMethod<T>,ArkTS,7.0.0(26) Beta1,ALL,"=HYPERLINK(""https://developer.huawei.com/consumer/cn/doc/harmonyos-releases/changelogs-for-all-apps-7001/#ch2026010615012"",""ArkUI接口新增仅支持Stage模型的约束"")",entry\src\main\ets\pages\ngf\NGFDemoDeviceDisplayPage.ets:201,未修复,接口定义变更
declare class CommonMethod<T>,ArkTS,7.0.0(26) Beta1,ALL,"=HYPERLINK(""https://developer.huawei.com/consumer/cn/doc/harmonyos-releases/changelogs-for-all-apps-7001/#ch2026010615012"",""ArkUI接口新增仅支持Stage模型的约束"")",entry\src\main\ets\pages\ngf\NGFDemoDeviceDisplayPage.ets:205,未修复,接口定义变更
declare class CommonMethod<T>,ArkTS,7.0.0(26) Beta1,ALL,"=HYPERLINK(""https://developer.huawei.com/consumer/cn/doc/harmonyos-releases/changelogs-for-all-apps-7001/#ch2026010615012"",""ArkUI接口新增仅支持Stage模型的约束"")",entry\src\main\ets\pages\ngf\NGFDemoDeviceDisplayPage.ets:214,未修复,接口定义变更
declare class CommonMethod<T>,ArkTS,7.0.0(26) Beta1,ALL,"=HYPERLINK(""https://developer.huawei.com/consumer/cn/doc/harmonyos-releases/changelogs-for-all-apps-7001/#ch2026010615012"",""ArkUI接口新增仅支持Stage模型的约束"")",entry\src\main\ets\pages\ngf\NGFDemoDeviceDisplayPage.ets:219,未修复,接口定义变更
declare class CommonMethod<T>,ArkTS,7.0.0(26) Beta1,ALL,"=HYPERLINK(""https://developer.huawei.com/consumer/cn/doc/harmonyos-releases/changelogs-for-all-apps-7001/#ch2026010615012"",""ArkUI接口新增仅支持Stage模型的约束"")",entry\src\main\ets\pages\ngf\NGFDemoDeviceDisplayPage.ets:220,未修复,接口定义变更
declare class CommonMethod<T>,ArkTS,7.0.0(26) Beta1,ALL,"=HYPERLINK(""https://developer.huawei.com/consumer/cn/doc/harmonyos-releases/changelogs-for-all-apps-7001/#ch2026010615012"",""ArkUI接口新增仅支持Stage模型的约束"")",entry\src\main\ets\pages\ngf\NGFDemoDeviceDisplayPage.ets:221,未修复,接口定义变更
declare class CommonMethod<T>,ArkTS,7.0.0(26) Beta1,ALL,"=HYPERLINK(""https://developer.huawei.com/consumer/cn/doc/harmonyos-releases/changelogs-for-all-apps-7001/#ch2026010615012"",""ArkUI接口新增仅支持Stage模型的约束"")",entry\src\main\ets\pages\ngf\NGFDemoDeviceDisplayPage.ets:222,未修复,接口定义变更
declare class CommonMethod<T>,ArkTS,7.0.0(26) Beta1,ALL,"=HYPERLINK(""https://developer.huawei.com/consumer/cn/doc/harmonyos-releases/changelogs-for-all-apps-7001/#ch2026010615012"",""ArkUI接口新增仅支持Stage模型的约束"")",entry\src\main\ets\pages\ngf\NGFDemoDeviceDisplayPage.ets:225,未修复,接口定义变更
declare class CommonMethod<T>,ArkTS,7.0.0(26) Beta1,ALL,"=HYPERLINK(""https://developer.huawei.com/consumer/cn/doc/harmonyos-releases/changelogs-for-all-apps-7001/#ch2026010615012"",""ArkUI接口新增仅支持Stage模型的约束"")",entry\src\main\ets\pages\ngf\NGFDemoDeviceDisplayPage.ets:228,未修复,接口定义变更
declare class CommonMethod<T>,ArkTS,7.0.0(26) Beta1,ALL,"=HYPERLINK(""https://developer.huawei.com/consumer/cn/doc/harmonyos-releases/changelogs-for-all-apps-7001/#ch2026010615012"",""ArkUI接口新增仅支持Stage模型的约束"")",entry\src\main\ets\pages\ngf\NGFDemoDeviceDisplayPage.ets:229,未修复,接口定义变更
declare class CommonMethod<T>,ArkTS,7.0.0(26) Beta1,ALL,"=HYPERLINK(""https://developer.huawei.com/consumer/cn/doc/harmonyos-releases/changelogs-for-all-apps-7001/#ch2026010615012"",""ArkUI接口新增仅支持Stage模型的约束"")",entry\src\main\ets\pages\ngf\NGFDemoDeviceDisplayPage.ets:230,未修复,接口定义变更
declare class CommonMethod<T>,ArkTS,7.0.0(26) Beta1,ALL,"=HYPERLINK(""https://developer.huawei.com/consumer/cn/doc/harmonyos-releases/changelogs-for-all-apps-7001/#ch2026010615012"",""ArkUI接口新增仅支持Stage模型的约束"")",entry\src\main\ets\pages\ngf\NGFDemoDeviceDisplayPage.ets:231,未修复,接口定义变更
declare class CommonMethod<T>,ArkTS,7.0.0(26) Beta1,ALL,"=HYPERLINK(""https://developer.huawei.com/consumer/cn/doc/harmonyos-releases/changelogs-for-all-apps-7001/#ch2026010615012"",""ArkUI接口新增仅支持Stage模型的约束"")",entry\src\main\ets\pages\ngf\NGFDemoDeviceDisplayPage.ets:232,未修复,接口定义变更
declare class CommonMethod<T>,ArkTS,7.0.0(26) Beta1,ALL,"=HYPERLINK(""https://developer.huawei.com/consumer/cn/doc/harmonyos-releases/changelogs-for-all-apps-7001/#ch2026010615012"",""ArkUI接口新增仅支持Stage模型的约束"")",entry\src\main\ets\pages\ngf\NGFDemoDeviceDisplayPage.ets:233,未修复,接口定义变更
declare class CommonMethod<T>,ArkTS,7.0.0(26) Beta1,ALL,"=HYPERLINK(""https://developer.huawei.com/consumer/cn/doc/harmonyos-releases/changelogs-for-all-apps-7001/#ch2026010615012"",""ArkUI接口新增仅支持Stage模型的约束"")",entry\src\main\ets\pages\ngf\NGFDemoDeviceDisplayPage.ets:245,未修复,接口定义变更
declare class CommonMethod<T>,ArkTS,7.0.0(26) Beta1,ALL,"=HYPERLINK(""https://developer.huawei.com/consumer/cn/doc/harmonyos-releases/changelogs-for-all-apps-7001/#ch2026010615012"",""ArkUI接口新增仅支持Stage模型的约束"")",entry\src\main\ets\pages\ngf\NGFDemoDeviceDisplayPage.ets:246,未修复,接口定义变更
declare class CommonMethod<T>,ArkTS,7.0.0(26) Beta1,ALL,"=HYPERLINK(""https://developer.huawei.com/consumer/cn/doc/harmonyos-releases/changelogs-for-all-apps-7001/#ch2026010615012"",""ArkUI接口新增仅支持Stage模型的约束"")",entry\src\main\ets\pages\ngf\NGFDemoDeviceDisplayPage.ets:248,未修复,接口定义变更
declare class CommonMethod<T>,ArkTS,7.0.0(26) Beta1,ALL,"=HYPERLINK(""https://developer.huawei.com/consumer/cn/doc/harmonyos-releases/changelogs-for-all-apps-7001/#ch2026010615012"",""ArkUI接口新增仅支持Stage模型的约束"")",entry\src\main\ets\pages\ngf\NGFDemoDeviceDisplayPage.ets:249,未修复,接口定义变更
declare class CommonMethod<T>,ArkTS,7.0.0(26) Beta1,ALL,"=HYPERLINK(""https://developer.huawei.com/consumer/cn/doc/harmonyos-releases/changelogs-for-all-apps-7001/#ch2026010615012"",""ArkUI接口新增仅支持Stage模型的约束"")",entry\src\main\ets\pages\ngf\NGFDemoDeviceDisplayPage.ets:250,未修复,接口定义变更
declare class CommonMethod<T>,ArkTS,7.0.0(26) Beta1,ALL,"=HYPERLINK(""https://developer.huawei.com/consumer/cn/doc/harmonyos-releases/changelogs-for-all-apps-7001/#ch2026010615012"",""ArkUI接口新增仅支持Stage模型的约束"")",entry\src\main\ets\pages\ngf\NGFDemoDeviceDisplayPage.ets:269,未修复,接口定义变更
declare class CommonMethod<T>,ArkTS,7.0.0(26) Beta1,ALL,"=HYPERLINK(""https://developer.huawei.com/consumer/cn/doc/harmonyos-releases/changelogs-for-all-apps-7001/#ch2026010615012"",""ArkUI接口新增仅支持Stage模型的约束"")",entry\src\main\ets\pages\ngf\NGFDemoDeviceDisplayPage.ets:275,未修复,接口定义变更
declare class CommonMethod<T>,ArkTS,7.0.0(26) Beta1,ALL,"=HYPERLINK(""https://developer.huawei.com/consumer/cn/doc/harmonyos-releases/changelogs-for-all-apps-7001/#ch2026010615012"",""ArkUI接口新增仅支持Stage模型的约束"")",entry\src\main\ets\pages\ngf\NGFDemoDeviceDisplayPage.ets:276,未修复,接口定义变更
declare class CommonMethod<T>,ArkTS,7.0.0(26) Beta1,ALL,"=HYPERLINK(""https://developer.huawei.com/consumer/cn/doc/harmonyos-releases/changelogs-for-all-apps-7001/#ch2026010615012"",""ArkUI接口新增仅支持Stage模型的约束"")",entry\src\main\ets\pages\ngf\NGFDemoDeviceDisplayPage.ets:277,未修复,接口定义变更
declare class CommonMethod<T>,ArkTS,7.0.0(26) Beta1,ALL,"=HYPERLINK(""https://developer.huawei.com/consumer/cn/doc/harmonyos-releases/changelogs-for-all-apps-7001/#ch2026010615012"",""ArkUI接口新增仅支持Stage模型的约束"")",entry\src\main\ets\pages\ngf\NGFDemoDeviceDisplayPage.ets:279,未修复,接口定义变更
declare class CommonMethod<T>,ArkTS,7.0.0(26) Beta1,ALL,"=HYPERLINK(""https://developer.huawei.com/consumer/cn/doc/harmonyos-releases/changelogs-for-all-apps-7001/#ch2026010615012"",""ArkUI接口新增仅支持Stage模型的约束"")",entry\src\main\ets\pages\ngf\NGFDemoDeviceDisplayPage.ets:280,未修复,接口定义变更
declare class CommonMethod<T>,ArkTS,7.0.0(26) Beta1,ALL,"=HYPERLINK(""https://developer.huawei.com/consumer/cn/doc/harmonyos-releases/changelogs-for-all-apps-7001/#ch2026010615012"",""ArkUI接口新增仅支持Stage模型的约束"")",entry\src\main\ets\pages\ngf\NGFDemoDeviceDisplayPage.ets:281,未修复,接口定义变更
declare class CommonMethod<T>,ArkTS,7.0.0(26) Beta1,ALL,"=HYPERLINK(""https://developer.huawei.com/consumer/cn/doc/harmonyos-releases/changelogs-for-all-apps-7001/#ch2026010615012"",""ArkUI接口新增仅支持Stage模型的约束"")",entry\src\main\ets\pages\ngf\NGFDemoDeviceDisplayPage.ets:282,未修复,接口定义变更
declare class CommonMethod<T>,ArkTS,7.0.0(26) Beta1,ALL,"=HYPERLINK(""https://developer.huawei.com/consumer/cn/doc/harmonyos-releases/changelogs-for-all-apps-7001/#ch2026010615012"",""ArkUI接口新增仅支持Stage模型的约束"")",entry\src\main\ets\pages\ngf\NGFDemoDeviceDisplayPage.ets:285,未修复,接口定义变更
declare class CommonMethod<T>,ArkTS,7.0.0(26) Beta1,ALL,"=HYPERLINK(""https://developer.huawei.com/consumer/cn/doc/harmonyos-releases/changelogs-for-all-apps-7001/#ch2026010615012"",""ArkUI接口新增仅支持Stage模型的约束"")",entry\src\main\ets\pages\ngf\NGFDemoDeviceDisplayPage.ets:288,未修复,接口定义变更
declare class CommonMethod<T>,ArkTS,7.0.0(26) Beta1,ALL,"=HYPERLINK(""https://developer.huawei.com/consumer/cn/doc/harmonyos-releases/changelogs-for-all-apps-7001/#ch2026010615012"",""ArkUI接口新增仅支持Stage模型的约束"")",entry\src\main\ets\pages\ngf\NGFDemoDeviceDisplayPage.ets:289,未修复,接口定义变更
declare class CommonMethod<T>,ArkTS,7.0.0(26) Beta1,ALL,"=HYPERLINK(""https://developer.huawei.com/consumer/cn/doc/harmonyos-releases/changelogs-for-all-apps-7001/#ch2026010615012"",""ArkUI接口新增仅支持Stage模型的约束"")",entry\src\main\ets\pages\ngf\NGFDemoDeviceDisplayPage.ets:290,未修复,接口定义变更
declare class CommonMethod<T>,ArkTS,7.0.0(26) Beta1,ALL,"=HYPERLINK(""https://developer.huawei.com/consumer/cn/doc/harmonyos-releases/changelogs-for-all-apps-7001/#ch2026010615012"",""ArkUI接口新增仅支持Stage模型的约束"")",entry\src\main\ets\pages\ngf\NGFDemoDeviceDisplayPage.ets:291,未修复,接口定义变更
declare class CommonMethod<T>,ArkTS,7.0.0(26) Beta1,ALL,"=HYPERLINK(""https://developer.huawei.com/consumer/cn/doc/harmonyos-releases/changelogs-for-all-apps-7001/#ch2026010615012"",""ArkUI接口新增仅支持Stage模型的约束"")",entry\src\main\ets\pages\ngf\NGFDemoDeviceDisplayPage.ets:292,未修复,接口定义变更
declare class CommonMethod<T>,ArkTS,7.0.0(26) Beta1,ALL,"=HYPERLINK(""https://developer.huawei.com/consumer/cn/doc/harmonyos-releases/changelogs-for-all-apps-7001/#ch2026010615012"",""ArkUI接口新增仅支持Stage模型的约束"")",entry\src\main\ets\pages\ngf\NGFDemoDeviceDisplayPage.ets:293,未修复,接口定义变更
declare class CommonMethod<T>,ArkTS,7.0.0(26) Beta1,ALL,"=HYPERLINK(""https://developer.huawei.com/consumer/cn/doc/harmonyos-releases/changelogs-for-all-apps-7001/#ch2026010615012"",""ArkUI接口新增仅支持Stage模型的约束"")",entry\src\main\ets\pages\ngf\NGFDemoDeviceDisplayPage.ets:306,未修复,接口定义变更
declare class CommonMethod<T>,ArkTS,7.0.0(26) Beta1,ALL,"=HYPERLINK(""https://developer.huawei.com/consumer/cn/doc/harmonyos-releases/changelogs-for-all-apps-7001/#ch2026010615012"",""ArkUI接口新增仅支持Stage模型的约束"")",entry\src\main\ets\pages\ngf\NGFDemoDeviceDisplayPage.ets:307,未修复,接口定义变更
declare class CommonMethod<T>,ArkTS,7.0.0(26) Beta1,ALL,"=HYPERLINK(""https://developer.huawei.com/consumer/cn/doc/harmonyos-releases/changelogs-for-all-apps-7001/#ch2026010615012"",""ArkUI接口新增仅支持Stage模型的约束"")",entry\src\main\ets\pages\ngf\NGFDemoDeviceDisplayPage.ets:309,未修复,接口定义变更
declare class CommonMethod<T>,ArkTS,7.0.0(26) Beta1,ALL,"=HYPERLINK(""https://developer.huawei.com/consumer/cn/doc/harmonyos-releases/changelogs-for-all-apps-7001/#ch2026010615012"",""ArkUI接口新增仅支持Stage模型的约束"")",entry\src\main\ets\pages\ngf\NGFDemoDeviceDisplayPage.ets:310,未修复,接口定义变更
declare class CommonMethod<T>,ArkTS,7.0.0(26) Beta1,ALL,"=HYPERLINK(""https://developer.huawei.com/consumer/cn/doc/harmonyos-releases/changelogs-for-all-apps-7001/#ch2026010615012"",""ArkUI接口新增仅支持Stage模型的约束"")",entry\src\main\ets\pages\ngf\NGFDemoDeviceDisplayPage.ets:312,未修复,接口定义变更
declare class CommonMethod<T>,ArkTS,7.0.0(26) Beta1,ALL,"=HYPERLINK(""https://developer.huawei.com/consumer/cn/doc/harmonyos-releases/changelogs-for-all-apps-7001/#ch2026010615012"",""ArkUI接口新增仅支持Stage模型的约束"")",entry\src\main\ets\pages\ngf\NGFDemoDeviceDisplayPage.ets:317,未修复,接口定义变更
declare class CommonMethod<T>,ArkTS,7.0.0(26) Beta1,ALL,"=HYPERLINK(""https://developer.huawei.com/consumer/cn/doc/harmonyos-releases/changelogs-for-all-apps-7001/#ch2026010615012"",""ArkUI接口新增仅支持Stage模型的约束"")",entry\src\main\ets\pages\ngf\NGFDemoDeviceDisplayPage.ets:318,未修复,接口定义变更
declare class CommonMethod<T>,ArkTS,7.0.0(26) Beta1,ALL,"=HYPERLINK(""https://developer.huawei.com/consumer/cn/doc/harmonyos-releases/changelogs-for-all-apps-7001/#ch2026010615012"",""ArkUI接口新增仅支持Stage模型的约束"")",entry\src\main\ets\pages\ngf\NGFDemoDeviceDisplayPage.ets:320,未修复,接口定义变更
declare class CommonMethod<T>,ArkTS,7.0.0(26) Beta1,ALL,"=HYPERLINK(""https://developer.huawei.com/consumer/cn/doc/harmonyos-releases/changelogs-for-all-apps-7001/#ch2026010615012"",""ArkUI接口新增仅支持Stage模型的约束"")",entry\src\main\ets\pages\ngf\NGFDemoDeviceDisplayPage.ets:321,未修复,接口定义变更
declare class CommonMethod<T>,ArkTS,7.0.0(26) Beta1,ALL,"=HYPERLINK(""https://developer.huawei.com/consumer/cn/doc/harmonyos-releases/changelogs-for-all-apps-7001/#ch2026010615012"",""ArkUI接口新增仅支持Stage模型的约束"")",entry\src\main\ets\pages\ngf\NGFDemoDeviceDisplayPage.ets:323,未修复,接口定义变更
declare class CommonMethod<T>,ArkTS,7.0.0(26) Beta1,ALL,"=HYPERLINK(""https://developer.huawei.com/consumer/cn/doc/harmonyos-releases/changelogs-for-all-apps-7001/#ch2026010615012"",""ArkUI接口新增仅支持Stage模型的约束"")",entry\src\main\ets\pages\ngf\NGFDemoDeviceDisplayPage.ets:328,未修复,接口定义变更
declare class CommonMethod<T>,ArkTS,7.0.0(26) Beta1,ALL,"=HYPERLINK(""https://developer.huawei.com/consumer/cn/doc/harmonyos-releases/changelogs-for-all-apps-7001/#ch2026010615012"",""ArkUI接口新增仅支持Stage模型的约束"")",entry\src\main\ets\pages\ngf\NGFDemoDeviceDisplayPage.ets:329,未修复,接口定义变更
declare class CommonMethod<T>,ArkTS,7.0.0(26) Beta1,ALL,"=HYPERLINK(""https://developer.huawei.com/consumer/cn/doc/harmonyos-releases/changelogs-for-all-apps-7001/#ch2026010615012"",""ArkUI接口新增仅支持Stage模型的约束"")",entry\src\main\ets\pages\ngf\NGFDemoDeviceDisplayPage.ets:331,未修复,接口定义变更
declare class CommonMethod<T>,ArkTS,7.0.0(26) Beta1,ALL,"=HYPERLINK(""https://developer.huawei.com/consumer/cn/doc/harmonyos-releases/changelogs-for-all-apps-7001/#ch2026010615012"",""ArkUI接口新增仅支持Stage模型的约束"")",entry\src\main\ets\pages\ngf\NGFDemoDeviceDisplayPage.ets:332,未修复,接口定义变更
declare class CommonMethod<T>,ArkTS,7.0.0(26) Beta1,ALL,"=HYPERLINK(""https://developer.huawei.com/consumer/cn/doc/harmonyos-releases/changelogs-for-all-apps-7001/#ch2026010615012"",""ArkUI接口新增仅支持Stage模型的约束"")",entry\src\main\ets\pages\ngf\NGFDemoDeviceDisplayPage.ets:334,未修复,接口定义变更
declare class CommonMethod<T>,ArkTS,7.0.0(26) Beta1,ALL,"=HYPERLINK(""https://developer.huawei.com/consumer/cn/doc/harmonyos-releases/changelogs-for-all-apps-7001/#ch2026010615012"",""ArkUI接口新增仅支持Stage模型的约束"")",entry\src\main\ets\pages\ngf\NGFDemoDeviceDisplayPage.ets:339,未修复,接口定义变更
declare class CommonMethod<T>,ArkTS,7.0.0(26) Beta1,ALL,"=HYPERLINK(""https://developer.huawei.com/consumer/cn/doc/harmonyos-releases/changelogs-for-all-apps-7001/#ch2026010615012"",""ArkUI接口新增仅支持Stage模型的约束"")",entry\src\main\ets\pages\ngf\NGFDemoDeviceDisplayPage.ets:340,未修复,接口定义变更
declare class CommonMethod<T>,ArkTS,7.0.0(26) Beta1,ALL,"=HYPERLINK(""https://developer.huawei.com/consumer/cn/doc/harmonyos-releases/changelogs-for-all-apps-7001/#ch2026010615012"",""ArkUI接口新增仅支持Stage模型的约束"")",entry\src\main\ets\pages\ngf\NGFDemoDeviceDisplayPage.ets:342,未修复,接口定义变更
declare class CommonMethod<T>,ArkTS,7.0.0(26) Beta1,ALL,"=HYPERLINK(""https://developer.huawei.com/consumer/cn/doc/harmonyos-releases/changelogs-for-all-apps-7001/#ch2026010615012"",""ArkUI接口新增仅支持Stage模型的约束"")",entry\src\main\ets\pages\ngf\NGFDemoDeviceDisplayPage.ets:343,未修复,接口定义变更
declare class CommonMethod<T>,ArkTS,7.0.0(26) Beta1,ALL,"=HYPERLINK(""https://developer.huawei.com/consumer/cn/doc/harmonyos-releases/changelogs-for-all-apps-7001/#ch2026010615012"",""ArkUI接口新增仅支持Stage模型的约束"")",entry\src\main\ets\pages\ngf\NGFDemoDeviceDisplayPage.ets:345,未修复,接口定义变更
declare class CommonMethod<T>,ArkTS,7.0.0(26) Beta1,ALL,"=HYPERLINK(""https://developer.huawei.com/consumer/cn/doc/harmonyos-releases/changelogs-for-all-apps-7001/#ch2026010615012"",""ArkUI接口新增仅支持Stage模型的约束"")",entry\src\main\ets\pages\ngf\NGFDemoDeviceDisplayPage.ets:350,未修复,接口定义变更
declare class CommonMethod<T>,ArkTS,7.0.0(26) Beta1,ALL,"=HYPERLINK(""https://developer.huawei.com/consumer/cn/doc/harmonyos-releases/changelogs-for-all-apps-7001/#ch2026010615012"",""ArkUI接口新增仅支持Stage模型的约束"")",entry\src\main\ets\pages\ngf\NGFDemoDeviceDisplayPage.ets:353,未修复,接口定义变更
declare class CommonMethod<T>,ArkTS,7.0.0(26) Beta1,ALL,"=HYPERLINK(""https://developer.huawei.com/consumer/cn/doc/harmonyos-releases/changelogs-for-all-apps-7001/#ch2026010615012"",""ArkUI接口新增仅支持Stage模型的约束"")",entry\src\main\ets\pages\ngf\NGFDemoDeviceDisplayPage.ets:354,未修复,接口定义变更
declare class CommonMethod<T>,ArkTS,7.0.0(26) Beta1,ALL,"=HYPERLINK(""https://developer.huawei.com/consumer/cn/doc/harmonyos-releases/changelogs-for-all-apps-7001/#ch2026010615012"",""ArkUI接口新增仅支持Stage模型的约束"")",entry\src\main\ets\pages\ngf\NGFDemoDeviceDisplayPage.ets:356,未修复,接口定义变更
declare class CommonMethod<T>,ArkTS,7.0.0(26) Beta1,ALL,"=HYPERLINK(""https://developer.huawei.com/consumer/cn/doc/harmonyos-releases/changelogs-for-all-apps-7001/#ch2026010615012"",""ArkUI接口新增仅支持Stage模型的约束"")",entry\src\main\ets\pages\ngf\NGFDemoDeviceDisplayPage.ets:357,未修复,接口定义变更
declare class CommonMethod<T>,ArkTS,7.0.0(26) Beta1,ALL,"=HYPERLINK(""https://developer.huawei.com/consumer/cn/doc/harmonyos-releases/changelogs-for-all-apps-7001/#ch2026010615012"",""ArkUI接口新增仅支持Stage模型的约束"")",entry\src\main\ets\pages\ngf\NGFDemoDeviceDisplayPage.ets:358,未修复,接口定义变更
declare class CommonMethod<T>,ArkTS,7.0.0(26) Beta1,ALL,"=HYPERLINK(""https://developer.huawei.com/consumer/cn/doc/harmonyos-releases/changelogs-for-all-apps-7001/#ch2026010615012"",""ArkUI接口新增仅支持Stage模型的约束"")",entry\src\main\ets\pages\ngf\NGFDemoDeviceDisplayPage.ets:374,未修复,接口定义变更
declare class CommonMethod<T>,ArkTS,7.0.0(26) Beta1,ALL,"=HYPERLINK(""https://developer.huawei.com/consumer/cn/doc/harmonyos-releases/changelogs-for-all-apps-7001/#ch2026010615012"",""ArkUI接口新增仅支持Stage模型的约束"")",entry\src\main\ets\pages\ngf\NGFDemoDeviceDisplayPage.ets:375,未修复,接口定义变更
declare class CommonMethod<T>,ArkTS,7.0.0(26) Beta1,ALL,"=HYPERLINK(""https://developer.huawei.com/consumer/cn/doc/harmonyos-releases/changelogs-for-all-apps-7001/#ch2026010615012"",""ArkUI接口新增仅支持Stage模型的约束"")",entry\src\main\ets\pages\ngf\NGFDemoDeviceDisplayPage.ets:376,未修复,接口定义变更
declare class CommonMethod<T>,ArkTS,7.0.0(26) Beta1,ALL,"=HYPERLINK(""https://developer.huawei.com/consumer/cn/doc/harmonyos-releases/changelogs-for-all-apps-7001/#ch2026010615012"",""ArkUI接口新增仅支持Stage模型的约束"")",entry\src\main\ets\pages\ngf\NGFDemoDeviceDisplayPage.ets:377,未修复,接口定义变更
declare class CommonMethod<T>,ArkTS,7.0.0(26) Beta1,ALL,"=HYPERLINK(""https://developer.huawei.com/consumer/cn/doc/harmonyos-releases/changelogs-for-all-apps-7001/#ch2026010615012"",""ArkUI接口新增仅支持Stage模型的约束"")",entry\src\main\ets\pages\ngf\NGFDemoDeviceDisplayPage.ets:389,未修复,接口定义变更
declare class CommonMethod<T>,ArkTS,7.0.0(26) Beta1,ALL,"=HYPERLINK(""https://developer.huawei.com/consumer/cn/doc/harmonyos-releases/changelogs-for-all-apps-7001/#ch2026010615012"",""ArkUI接口新增仅支持Stage模型的约束"")",entry\src\main\ets\pages\ngf\NGFDemoDeviceDisplayPage.ets:390,未修复,接口定义变更
declare class CommonMethod<T>,ArkTS,7.0.0(26) Beta1,ALL,"=HYPERLINK(""https://developer.huawei.com/consumer/cn/doc/harmonyos-releases/changelogs-for-all-apps-7001/#ch2026010615012"",""ArkUI接口新增仅支持Stage模型的约束"")",entry\src\main\ets\pages\ngf\NGFDemoDeviceDisplayPage.ets:391,未修复,接口定义变更
declare class CommonMethod<T>,ArkTS,7.0.0(26) Beta1,ALL,"=HYPERLINK(""https://developer.huawei.com/consumer/cn/doc/harmonyos-releases/changelogs-for-all-apps-7001/#ch2026010615012"",""ArkUI接口新增仅支持Stage模型的约束"")",entry\src\main\ets\pages\ngf\NGFDemoDeviceDisplayPage.ets:392,未修复,接口定义变更
declare class CommonMethod<T>,ArkTS,7.0.0(26) Beta1,ALL,"=HYPERLINK(""https://developer.huawei.com/consumer/cn/doc/harmonyos-releases/changelogs-for-all-apps-7001/#ch2026010615012"",""ArkUI接口新增仅支持Stage模型的约束"")",entry\src\main\ets\pages\ngf\NGFDemoDeviceDisplayPage.ets:394,未修复,接口定义变更
declare class CommonMethod<T>,ArkTS,7.0.0(26) Beta1,ALL,"=HYPERLINK(""https://developer.huawei.com/consumer/cn/doc/harmonyos-releases/changelogs-for-all-apps-7001/#ch2026010615012"",""ArkUI接口新增仅支持Stage模型的约束"")",entry\src\main\ets\pages\ngf\NGFDemoDeviceDisplayPage.ets:399,未修复,接口定义变更
declare class CommonMethod<T>,ArkTS,7.0.0(26) Beta1,ALL,"=HYPERLINK(""https://developer.huawei.com/consumer/cn/doc/harmonyos-releases/changelogs-for-all-apps-7001/#ch2026010615012"",""ArkUI接口新增仅支持Stage模型的约束"")",entry\src\main\ets\pages\ngf\NGFDemoDeviceDisplayPage.ets:400,未修复,接口定义变更
declare class CommonMethod<T>,ArkTS,7.0.0(26) Beta1,ALL,"=HYPERLINK(""https://developer.huawei.com/consumer/cn/doc/harmonyos-releases/changelogs-for-all-apps-7001/#ch2026010615012"",""ArkUI接口新增仅支持Stage模型的约束"")",entry\src\main\ets\pages\ngf\NGFDemoDeviceDisplayPage.ets:401,未修复,接口定义变更
declare class CommonMethod<T>,ArkTS,7.0.0(26) Beta1,ALL,"=HYPERLINK(""https://developer.huawei.com/consumer/cn/doc/harmonyos-releases/changelogs-for-all-apps-7001/#ch2026010615012"",""ArkUI接口新增仅支持Stage模型的约束"")",entry\src\main\ets\pages\ngf\NGFDemoDeviceDisplayPage.ets:402,未修复,接口定义变更
declare class CommonMethod<T>,ArkTS,7.0.0(26) Beta1,ALL,"=HYPERLINK(""https://developer.huawei.com/consumer/cn/doc/harmonyos-releases/changelogs-for-all-apps-7001/#ch2026010615012"",""ArkUI接口新增仅支持Stage模型的约束"")",entry\src\main\ets\pages\ngf\NGFDemoDeviceDisplayPage.ets:404,未修复,接口定义变更
declare class CommonMethod<T>,ArkTS,7.0.0(26) Beta1,ALL,"=HYPERLINK(""https://developer.huawei.com/consumer/cn/doc/harmonyos-releases/changelogs-for-all-apps-7001/#ch2026010615012"",""ArkUI接口新增仅支持Stage模型的约束"")",entry\src\main\ets\pages\ngf\NGFDemoDeviceDisplayPage.ets:405,未修复,接口定义变更
declare class CommonMethod<T>,ArkTS,7.0.0(26) Beta1,ALL,"=HYPERLINK(""https://developer.huawei.com/consumer/cn/doc/harmonyos-releases/changelogs-for-all-apps-7001/#ch2026010615012"",""ArkUI接口新增仅支持Stage模型的约束"")",entry\src\main\ets\pages\ngf\NGFDemoDeviceDisplayPage.ets:406,未修复,接口定义变更
declare class CommonMethod<T>,ArkTS,7.0.0(26) Beta1,ALL,"=HYPERLINK(""https://developer.huawei.com/consumer/cn/doc/harmonyos-releases/changelogs-for-all-apps-7001/#ch2026010615012"",""ArkUI接口新增仅支持Stage模型的约束"")",entry\src\main\ets\pages\ngf\NGFDemoDeviceDisplayPage.ets:407,未修复,接口定义变更
declare class CommonMethod<T>,ArkTS,7.0.0(26) Beta1,ALL,"=HYPERLINK(""https://developer.huawei.com/consumer/cn/doc/harmonyos-releases/changelogs-for-all-apps-7001/#ch2026010615012"",""ArkUI接口新增仅支持Stage模型的约束"")",entry\src\main\ets\pages\ngf\NGFDemoDeviceDisplayPage.ets:408,未修复,接口定义变更
declare class CommonMethod<T>,ArkTS,7.0.0(26) Beta1,ALL,"=HYPERLINK(""https://developer.huawei.com/consumer/cn/doc/harmonyos-releases/changelogs-for-all-apps-7001/#ch2026010615012"",""ArkUI接口新增仅支持Stage模型的约束"")",entry\src\main\ets\pages\ngf\NGFDemoDeviceDisplayPage.ets:409,未修复,接口定义变更
declare class CommonMethod<T>,ArkTS,7.0.0(26) Beta1,ALL,"=HYPERLINK(""https://developer.huawei.com/consumer/cn/doc/harmonyos-releases/changelogs-for-all-apps-7001/#ch2026010615012"",""ArkUI接口新增仅支持Stage模型的约束"")",entry\src\main\ets\pages\ngf\NGFDemoDeviceDisplayPage.ets:86,未修复,接口定义变更
declare class CommonMethod<T>,ArkTS,7.0.0(26) Beta1,ALL,"=HYPERLINK(""https://developer.huawei.com/consumer/cn/doc/harmonyos-releases/changelogs-for-all-apps-7001/#ch2026010615012"",""ArkUI接口新增仅支持Stage模型的约束"")",entry\src\main\ets\pages\ngf\NGFDemoDeviceDisplayPage.ets:87,未修复,接口定义变更
declare class CommonMethod<T>,ArkTS,7.0.0(26) Beta1,ALL,"=HYPERLINK(""https://developer.huawei.com/consumer/cn/doc/harmonyos-releases/changelogs-for-all-apps-7001/#ch2026010615012"",""ArkUI接口新增仅支持Stage模型的约束"")",entry\src\main\ets\pages\ngf\NGFDemoDeviceDisplayPage.ets:89,未修复,接口定义变更
declare class CommonMethod<T>,ArkTS,7.0.0(26) Beta1,ALL,"=HYPERLINK(""https://developer.huawei.com/consumer/cn/doc/harmonyos-releases/changelogs-for-all-apps-7001/#ch2026010615012"",""ArkUI接口新增仅支持Stage模型的约束"")",entry\src\main\ets\pages\ngf\NGFDemoDeviceDisplayPage.ets:90,未修复,接口定义变更
declare class CommonMethod<T>,ArkTS,7.0.0(26) Beta1,ALL,"=HYPERLINK(""https://developer.huawei.com/consumer/cn/doc/harmonyos-releases/changelogs-for-all-apps-7001/#ch2026010615012"",""ArkUI接口新增仅支持Stage模型的约束"")",entry\src\main\ets\pages\ngf\NGFDemoDeviceDisplayPage.ets:93,未修复,接口定义变更
declare class CommonMethod<T>,ArkTS,7.0.0(26) Beta1,ALL,"=HYPERLINK(""https://developer.huawei.com/consumer/cn/doc/harmonyos-releases/changelogs-for-all-apps-7001/#ch2026010615012"",""ArkUI接口新增仅支持Stage模型的约束"")",entry\src\main\ets\pages\ngf\NGFDemoDeviceDisplayPage.ets:94,未修复,接口定义变更
declare class CommonMethod<T>,ArkTS,7.0.0(26) Beta1,ALL,"=HYPERLINK(""https://developer.huawei.com/consumer/cn/doc/harmonyos-releases/changelogs-for-all-apps-7001/#ch2026010615012"",""ArkUI接口新增仅支持Stage模型的约束"")",entry\src\main\ets\pages\ngf\NGFDemoDeviceDisplayPage.ets:96,未修复,接口定义变更
declare class CommonMethod<T>,ArkTS,7.0.0(26) Beta1,ALL,"=HYPERLINK(""https://developer.huawei.com/consumer/cn/doc/harmonyos-releases/changelogs-for-all-apps-7001/#ch2026010615012"",""ArkUI接口新增仅支持Stage模型的约束"")",entry\src\main\ets\pages\ngf\NGFDemoDeviceDisplayPage.ets:97,未修复,接口定义变更
declare class CommonMethod<T>,ArkTS,7.0.0(26) Beta1,ALL,"=HYPERLINK(""https://developer.huawei.com/consumer/cn/doc/harmonyos-releases/changelogs-for-all-apps-7001/#ch2026010615012"",""ArkUI接口新增仅支持Stage模型的约束"")",entry\src\main\ets\pages\ngf\NGFDemoErrorRecoveryPage.ets:119,未修复,接口定义变更
declare class CommonMethod<T>,ArkTS,7.0.0(26) Beta1,ALL,"=HYPERLINK(""https://developer.huawei.com/consumer/cn/doc/harmonyos-releases/changelogs-for-all-apps-7001/#ch2026010615012"",""ArkUI接口新增仅支持Stage模型的约束"")",entry\src\main\ets\pages\ngf\NGFDemoErrorRecoveryPage.ets:120,未修复,接口定义变更
declare class CommonMethod<T>,ArkTS,7.0.0(26) Beta1,ALL,"=HYPERLINK(""https://developer.huawei.com/consumer/cn/doc/harmonyos-releases/changelogs-for-all-apps-7001/#ch2026010615012"",""ArkUI接口新增仅支持Stage模型的约束"")",entry\src\main\ets\pages\ngf\NGFDemoErrorRecoveryPage.ets:122,未修复,接口定义变更
declare class CommonMethod<T>,ArkTS,7.0.0(26) Beta1,ALL,"=HYPERLINK(""https://developer.huawei.com/consumer/cn/doc/harmonyos-releases/changelogs-for-all-apps-7001/#ch2026010615012"",""ArkUI接口新增仅支持Stage模型的约束"")",entry\src\main\ets\pages\ngf\NGFDemoErrorRecoveryPage.ets:123,未修复,接口定义变更
declare class CommonMethod<T>,ArkTS,7.0.0(26) Beta1,ALL,"=HYPERLINK(""https://developer.huawei.com/consumer/cn/doc/harmonyos-releases/changelogs-for-all-apps-7001/#ch2026010615012"",""ArkUI接口新增仅支持Stage模型的约束"")",entry\src\main\ets\pages\ngf\NGFDemoErrorRecoveryPage.ets:126,未修复,接口定义变更
declare class CommonMethod<T>,ArkTS,7.0.0(26) Beta1,ALL,"=HYPERLINK(""https://developer.huawei.com/consumer/cn/doc/harmonyos-releases/changelogs-for-all-apps-7001/#ch2026010615012"",""ArkUI接口新增仅支持Stage模型的约束"")",entry\src\main\ets\pages\ngf\NGFDemoErrorRecoveryPage.ets:127,未修复,接口定义变更
declare class CommonMethod<T>,ArkTS,7.0.0(26) Beta1,ALL,"=HYPERLINK(""https://developer.huawei.com/consumer/cn/doc/harmonyos-releases/changelogs-for-all-apps-7001/#ch2026010615012"",""ArkUI接口新增仅支持Stage模型的约束"")",entry\src\main\ets\pages\ngf\NGFDemoErrorRecoveryPage.ets:129,未修复,接口定义变更
declare class CommonMethod<T>,ArkTS,7.0.0(26) Beta1,ALL,"=HYPERLINK(""https://developer.huawei.com/consumer/cn/doc/harmonyos-releases/changelogs-for-all-apps-7001/#ch2026010615012"",""ArkUI接口新增仅支持Stage模型的约束"")",entry\src\main\ets\pages\ngf\NGFDemoErrorRecoveryPage.ets:130,未修复,接口定义变更
declare class CommonMethod<T>,ArkTS,7.0.0(26) Beta1,ALL,"=HYPERLINK(""https://developer.huawei.com/consumer/cn/doc/harmonyos-releases/changelogs-for-all-apps-7001/#ch2026010615012"",""ArkUI接口新增仅支持Stage模型的约束"")",entry\src\main\ets\pages\ngf\NGFDemoErrorRecoveryPage.ets:163,未修复,接口定义变更
declare class CommonMethod<T>,ArkTS,7.0.0(26) Beta1,ALL,"=HYPERLINK(""https://developer.huawei.com/consumer/cn/doc/harmonyos-releases/changelogs-for-all-apps-7001/#ch2026010615012"",""ArkUI接口新增仅支持Stage模型的约束"")",entry\src\main\ets\pages\ngf\NGFDemoErrorRecoveryPage.ets:164,未修复,接口定义变更
declare class CommonMethod<T>,ArkTS,7.0.0(26) Beta1,ALL,"=HYPERLINK(""https://developer.huawei.com/consumer/cn/doc/harmonyos-releases/changelogs-for-all-apps-7001/#ch2026010615012"",""ArkUI接口新增仅支持Stage模型的约束"")",entry\src\main\ets\pages\ngf\NGFDemoErrorRecoveryPage.ets:165,未修复,接口定义变更
declare class CommonMethod<T>,ArkTS,7.0.0(26) Beta1,ALL,"=HYPERLINK(""https://developer.huawei.com/consumer/cn/doc/harmonyos-releases/changelogs-for-all-apps-7001/#ch2026010615012"",""ArkUI接口新增仅支持Stage模型的约束"")",entry\src\main\ets\pages\ngf\NGFDemoErrorRecoveryPage.ets:169,未修复,接口定义变更
declare class CommonMethod<T>,ArkTS,7.0.0(26) Beta1,ALL,"=HYPERLINK(""https://developer.huawei.com/consumer/cn/doc/harmonyos-releases/changelogs-for-all-apps-7001/#ch2026010615012"",""ArkUI接口新增仅支持Stage模型的约束"")",entry\src\main\ets\pages\ngf\NGFDemoErrorRecoveryPage.ets:170,未修复,接口定义变更
declare class CommonMethod<T>,ArkTS,7.0.0(26) Beta1,ALL,"=HYPERLINK(""https://developer.huawei.com/consumer/cn/doc/harmonyos-releases/changelogs-for-all-apps-7001/#ch2026010615012"",""ArkUI接口新增仅支持Stage模型的约束"")",entry\src\main\ets\pages\ngf\NGFDemoErrorRecoveryPage.ets:188,未修复,接口定义变更
declare class CommonMethod<T>,ArkTS,7.0.0(26) Beta1,ALL,"=HYPERLINK(""https://developer.huawei.com/consumer/cn/doc/harmonyos-releases/changelogs-for-all-apps-7001/#ch2026010615012"",""ArkUI接口新增仅支持Stage模型的约束"")",entry\src\main\ets\pages\ngf\NGFDemoErrorRecoveryPage.ets:189,未修复,接口定义变更
declare class CommonMethod<T>,ArkTS,7.0.0(26) Beta1,ALL,"=HYPERLINK(""https://developer.huawei.com/consumer/cn/doc/harmonyos-releases/changelogs-for-all-apps-7001/#ch2026010615012"",""ArkUI接口新增仅支持Stage模型的约束"")",entry\src\main\ets\pages\ngf\NGFDemoErrorRecoveryPage.ets:191,未修复,接口定义变更
declare class CommonMethod<T>,ArkTS,7.0.0(26) Beta1,ALL,"=HYPERLINK(""https://developer.huawei.com/consumer/cn/doc/harmonyos-releases/changelogs-for-all-apps-7001/#ch2026010615012"",""ArkUI接口新增仅支持Stage模型的约束"")",entry\src\main\ets\pages\ngf\NGFDemoErrorRecoveryPage.ets:192,未修复,接口定义变更
declare class CommonMethod<T>,ArkTS,7.0.0(26) Beta1,ALL,"=HYPERLINK(""https://developer.huawei.com/consumer/cn/doc/harmonyos-releases/changelogs-for-all-apps-7001/#ch2026010615012"",""ArkUI接口新增仅支持Stage模型的约束"")",entry\src\main\ets\pages\ngf\NGFDemoErrorRecoveryPage.ets:193,未修复,接口定义变更
declare class CommonMethod<T>,ArkTS,7.0.0(26) Beta1,ALL,"=HYPERLINK(""https://developer.huawei.com/consumer/cn/doc/harmonyos-releases/changelogs-for-all-apps-7001/#ch2026010615012"",""ArkUI接口新增仅支持Stage模型的约束"")",entry\src\main\ets\pages\ngf\NGFDemoErrorRecoveryPage.ets:198,未修复,接口定义变更
declare class CommonMethod<T>,ArkTS,7.0.0(26) Beta1,ALL,"=HYPERLINK(""https://developer.huawei.com/consumer/cn/doc/harmonyos-releases/changelogs-for-all-apps-7001/#ch2026010615012"",""ArkUI接口新增仅支持Stage模型的约束"")",entry\src\main\ets\pages\ngf\NGFDemoErrorRecoveryPage.ets:199,未修复,接口定义变更
declare class CommonMethod<T>,ArkTS,7.0.0(26) Beta1,ALL,"=HYPERLINK(""https://developer.huawei.com/consumer/cn/doc/harmonyos-releases/changelogs-for-all-apps-7001/#ch2026010615012"",""ArkUI接口新增仅支持Stage模型的约束"")",entry\src\main\ets\pages\ngf\NGFDemoErrorRecoveryPage.ets:201,未修复,接口定义变更
declare class CommonMethod<T>,ArkTS,7.0.0(26) Beta1,ALL,"=HYPERLINK(""https://developer.huawei.com/consumer/cn/doc/harmonyos-releases/changelogs-for-all-apps-7001/#ch2026010615012"",""ArkUI接口新增仅支持Stage模型的约束"")",entry\src\main\ets\pages\ngf\NGFDemoErrorRecoveryPage.ets:202,未修复,接口定义变更
declare class CommonMethod<T>,ArkTS,7.0.0(26) Beta1,ALL,"=HYPERLINK(""https://developer.huawei.com/consumer/cn/doc/harmonyos-releases/changelogs-for-all-apps-7001/#ch2026010615012"",""ArkUI接口新增仅支持Stage模型的约束"")",entry\src\main\ets\pages\ngf\NGFDemoErrorRecoveryPage.ets:203,未修复,接口定义变更
declare class CommonMethod<T>,ArkTS,7.0.0(26) Beta1,ALL,"=HYPERLINK(""https://developer.huawei.com/consumer/cn/doc/harmonyos-releases/changelogs-for-all-apps-7001/#ch2026010615012"",""ArkUI接口新增仅支持Stage模型的约束"")",entry\src\main\ets\pages\ngf\NGFDemoErrorRecoveryPage.ets:208,未修复,接口定义变更
declare class CommonMethod<T>,ArkTS,7.0.0(26) Beta1,ALL,"=HYPERLINK(""https://developer.huawei.com/consumer/cn/doc/harmonyos-releases/changelogs-for-all-apps-7001/#ch2026010615012"",""ArkUI接口新增仅支持Stage模型的约束"")",entry\src\main\ets\pages\ngf\NGFDemoErrorRecoveryPage.ets:209,未修复,接口定义变更
declare class CommonMethod<T>,ArkTS,7.0.0(26) Beta1,ALL,"=HYPERLINK(""https://developer.huawei.com/consumer/cn/doc/harmonyos-releases/changelogs-for-all-apps-7001/#ch2026010615012"",""ArkUI接口新增仅支持Stage模型的约束"")",entry\src\main\ets\pages\ngf\NGFDemoErrorRecoveryPage.ets:211,未修复,接口定义变更
declare class CommonMethod<T>,ArkTS,7.0.0(26) Beta1,ALL,"=HYPERLINK(""https://developer.huawei.com/consumer/cn/doc/harmonyos-releases/changelogs-for-all-apps-7001/#ch2026010615012"",""ArkUI接口新增仅支持Stage模型的约束"")",entry\src\main\ets\pages\ngf\NGFDemoErrorRecoveryPage.ets:212,未修复,接口定义变更
declare class CommonMethod<T>,ArkTS,7.0.0(26) Beta1,ALL,"=HYPERLINK(""https://developer.huawei.com/consumer/cn/doc/harmonyos-releases/changelogs-for-all-apps-7001/#ch2026010615012"",""ArkUI接口新增仅支持Stage模型的约束"")",entry\src\main\ets\pages\ngf\NGFDemoErrorRecoveryPage.ets:213,未修复,接口定义变更
declare class CommonMethod<T>,ArkTS,7.0.0(26) Beta1,ALL,"=HYPERLINK(""https://developer.huawei.com/consumer/cn/doc/harmonyos-releases/changelogs-for-all-apps-7001/#ch2026010615012"",""ArkUI接口新增仅支持Stage模型的约束"")",entry\src\main\ets\pages\ngf\NGFDemoErrorRecoveryPage.ets:218,未修复,接口定义变更
declare class CommonMethod<T>,ArkTS,7.0.0(26) Beta1,ALL,"=HYPERLINK(""https://developer.huawei.com/consumer/cn/doc/harmonyos-releases/changelogs-for-all-apps-7001/#ch2026010615012"",""ArkUI接口新增仅支持Stage模型的约束"")",entry\src\main\ets\pages\ngf\NGFDemoErrorRecoveryPage.ets:219,未修复,接口定义变更
declare class CommonMethod<T>,ArkTS,7.0.0(26) Beta1,ALL,"=HYPERLINK(""https://developer.huawei.com/consumer/cn/doc/harmonyos-releases/changelogs-for-all-apps-7001/#ch2026010615012"",""ArkUI接口新增仅支持Stage模型的约束"")",entry\src\main\ets\pages\ngf\NGFDemoErrorRecoveryPage.ets:221,未修复,接口定义变更
declare class CommonMethod<T>,ArkTS,7.0.0(26) Beta1,ALL,"=HYPERLINK(""https://developer.huawei.com/consumer/cn/doc/harmonyos-releases/changelogs-for-all-apps-7001/#ch2026010615012"",""ArkUI接口新增仅支持Stage模型的约束"")",entry\src\main\ets\pages\ngf\NGFDemoErrorRecoveryPage.ets:222,未修复,接口定义变更
declare class CommonMethod<T>,ArkTS,7.0.0(26) Beta1,ALL,"=HYPERLINK(""https://developer.huawei.com/consumer/cn/doc/harmonyos-releases/changelogs-for-all-apps-7001/#ch2026010615012"",""ArkUI接口新增仅支持Stage模型的约束"")",entry\src\main\ets\pages\ngf\NGFDemoErrorRecoveryPage.ets:223,未修复,接口定义变更
declare class CommonMethod<T>,ArkTS,7.0.0(26) Beta1,ALL,"=HYPERLINK(""https://developer.huawei.com/consumer/cn/doc/harmonyos-releases/changelogs-for-all-apps-7001/#ch2026010615012"",""ArkUI接口新增仅支持Stage模型的约束"")",entry\src\main\ets\pages\ngf\NGFDemoErrorRecoveryPage.ets:227,未修复,接口定义变更
declare class CommonMethod<T>,ArkTS,7.0.0(26) Beta1,ALL,"=HYPERLINK(""https://developer.huawei.com/consumer/cn/doc/harmonyos-releases/changelogs-for-all-apps-7001/#ch2026010615012"",""ArkUI接口新增仅支持Stage模型的约束"")",entry\src\main\ets\pages\ngf\NGFDemoErrorRecoveryPage.ets:233,未修复,接口定义变更
declare class CommonMethod<T>,ArkTS,7.0.0(26) Beta1,ALL,"=HYPERLINK(""https://developer.huawei.com/consumer/cn/doc/harmonyos-releases/changelogs-for-all-apps-7001/#ch2026010615012"",""ArkUI接口新增仅支持Stage模型的约束"")",entry\src\main\ets\pages\ngf\NGFDemoErrorRecoveryPage.ets:234,未修复,接口定义变更
declare class CommonMethod<T>,ArkTS,7.0.0(26) Beta1,ALL,"=HYPERLINK(""https://developer.huawei.com/consumer/cn/doc/harmonyos-releases/changelogs-for-all-apps-7001/#ch2026010615012"",""ArkUI接口新增仅支持Stage模型的约束"")",entry\src\main\ets\pages\ngf\NGFDemoErrorRecoveryPage.ets:247,未修复,接口定义变更
declare class CommonMethod<T>,ArkTS,7.0.0(26) Beta1,ALL,"=HYPERLINK(""https://developer.huawei.com/consumer/cn/doc/harmonyos-releases/changelogs-for-all-apps-7001/#ch2026010615012"",""ArkUI接口新增仅支持Stage模型的约束"")",entry\src\main\ets\pages\ngf\NGFDemoErrorRecoveryPage.ets:248,未修复,接口定义变更
declare class CommonMethod<T>,ArkTS,7.0.0(26) Beta1,ALL,"=HYPERLINK(""https://developer.huawei.com/consumer/cn/doc/harmonyos-releases/changelogs-for-all-apps-7001/#ch2026010615012"",""ArkUI接口新增仅支持Stage模型的约束"")",entry\src\main\ets\pages\ngf\NGFDemoErrorRecoveryPage.ets:249,未修复,接口定义变更
declare class CommonMethod<T>,ArkTS,7.0.0(26) Beta1,ALL,"=HYPERLINK(""https://developer.huawei.com/consumer/cn/doc/harmonyos-releases/changelogs-for-all-apps-7001/#ch2026010615012"",""ArkUI接口新增仅支持Stage模型的约束"")",entry\src\main\ets\pages\ngf\NGFDemoErrorRecoveryPage.ets:250,未修复,接口定义变更
declare class CommonMethod<T>,ArkTS,7.0.0(26) Beta1,ALL,"=HYPERLINK(""https://developer.huawei.com/consumer/cn/doc/harmonyos-releases/changelogs-for-all-apps-7001/#ch2026010615012"",""ArkUI接口新增仅支持Stage模型的约束"")",entry\src\main\ets\pages\ngf\NGFDemoErrorRecoveryPage.ets:251,未修复,接口定义变更
declare class CommonMethod<T>,ArkTS,7.0.0(26) Beta1,ALL,"=HYPERLINK(""https://developer.huawei.com/consumer/cn/doc/harmonyos-releases/changelogs-for-all-apps-7001/#ch2026010615012"",""ArkUI接口新增仅支持Stage模型的约束"")",entry\src\main\ets\pages\ngf\NGFDemoErrorRecoveryPage.ets:252,未修复,接口定义变更
declare class CommonMethod<T>,ArkTS,7.0.0(26) Beta1,ALL,"=HYPERLINK(""https://developer.huawei.com/consumer/cn/doc/harmonyos-releases/changelogs-for-all-apps-7001/#ch2026010615012"",""ArkUI接口新增仅支持Stage模型的约束"")",entry\src\main\ets\pages\ngf\NGFDemoErrorRecoveryPage.ets:263,未修复,接口定义变更
declare class CommonMethod<T>,ArkTS,7.0.0(26) Beta1,ALL,"=HYPERLINK(""https://developer.huawei.com/consumer/cn/doc/harmonyos-releases/changelogs-for-all-apps-7001/#ch2026010615012"",""ArkUI接口新增仅支持Stage模型的约束"")",entry\src\main\ets\pages\ngf\NGFDemoErrorRecoveryPage.ets:268,未修复,接口定义变更
declare class CommonMethod<T>,ArkTS,7.0.0(26) Beta1,ALL,"=HYPERLINK(""https://developer.huawei.com/consumer/cn/doc/harmonyos-releases/changelogs-for-all-apps-7001/#ch2026010615012"",""ArkUI接口新增仅支持Stage模型的约束"")",entry\src\main\ets\pages\ngf\NGFDemoErrorRecoveryPage.ets:269,未修复,接口定义变更
declare class CommonMethod<T>,ArkTS,7.0.0(26) Beta1,ALL,"=HYPERLINK(""https://developer.huawei.com/consumer/cn/doc/harmonyos-releases/changelogs-for-all-apps-7001/#ch2026010615012"",""ArkUI接口新增仅支持Stage模型的约束"")",entry\src\main\ets\pages\ngf\NGFDemoErrorRecoveryPage.ets:270,未修复,接口定义变更
declare class CommonMethod<T>,ArkTS,7.0.0(26) Beta1,ALL,"=HYPERLINK(""https://developer.huawei.com/consumer/cn/doc/harmonyos-releases/changelogs-for-all-apps-7001/#ch2026010615012"",""ArkUI接口新增仅支持Stage模型的约束"")",entry\src\main\ets\pages\ngf\NGFDemoErrorRecoveryPage.ets:272,未修复,接口定义变更
declare class CommonMethod<T>,ArkTS,7.0.0(26) Beta1,ALL,"=HYPERLINK(""https://developer.huawei.com/consumer/cn/doc/harmonyos-releases/changelogs-for-all-apps-7001/#ch2026010615012"",""ArkUI接口新增仅支持Stage模型的约束"")",entry\src\main\ets\pages\ngf\NGFDemoErrorRecoveryPage.ets:280,未修复,接口定义变更
declare class CommonMethod<T>,ArkTS,7.0.0(26) Beta1,ALL,"=HYPERLINK(""https://developer.huawei.com/consumer/cn/doc/harmonyos-releases/changelogs-for-all-apps-7001/#ch2026010615012"",""ArkUI接口新增仅支持Stage模型的约束"")",entry\src\main\ets\pages\ngf\NGFDemoErrorRecoveryPage.ets:282,未修复,接口定义变更
declare class CommonMethod<T>,ArkTS,7.0.0(26) Beta1,ALL,"=HYPERLINK(""https://developer.huawei.com/consumer/cn/doc/harmonyos-releases/changelogs-for-all-apps-7001/#ch2026010615012"",""ArkUI接口新增仅支持Stage模型的约束"")",entry\src\main\ets\pages\ngf\NGFDemoErrorRecoveryPage.ets:283,未修复,接口定义变更
declare class CommonMethod<T>,ArkTS,7.0.0(26) Beta1,ALL,"=HYPERLINK(""https://developer.huawei.com/consumer/cn/doc/harmonyos-releases/changelogs-for-all-apps-7001/#ch2026010615012"",""ArkUI接口新增仅支持Stage模型的约束"")",entry\src\main\ets\pages\ngf\NGFDemoErrorRecoveryPage.ets:284,未修复,接口定义变更
declare class CommonMethod<T>,ArkTS,7.0.0(26) Beta1,ALL,"=HYPERLINK(""https://developer.huawei.com/consumer/cn/doc/harmonyos-releases/changelogs-for-all-apps-7001/#ch2026010615012"",""ArkUI接口新增仅支持Stage模型的约束"")",entry\src\main\ets\pages\ngf\NGFDemoErrorRecoveryPage.ets:285,未修复,接口定义变更
declare class CommonMethod<T>,ArkTS,7.0.0(26) Beta1,ALL,"=HYPERLINK(""https://developer.huawei.com/consumer/cn/doc/harmonyos-releases/changelogs-for-all-apps-7001/#ch2026010615012"",""ArkUI接口新增仅支持Stage模型的约束"")",entry\src\main\ets\pages\ngf\NGFDemoErrorRecoveryPage.ets:286,未修复,接口定义变更
declare class CommonMethod<T>,ArkTS,7.0.0(26) Beta1,ALL,"=HYPERLINK(""https://developer.huawei.com/consumer/cn/doc/harmonyos-releases/changelogs-for-all-apps-7001/#ch2026010615012"",""ArkUI接口新增仅支持Stage模型的约束"")",entry\src\main\ets\pages\ngf\NGFDemoErrorRecoveryPage.ets:287,未修复,接口定义变更
declare class CommonMethod<T>,ArkTS,7.0.0(26) Beta1,ALL,"=HYPERLINK(""https://developer.huawei.com/consumer/cn/doc/harmonyos-releases/changelogs-for-all-apps-7001/#ch2026010615012"",""ArkUI接口新增仅支持Stage模型的约束"")",entry\src\main\ets\pages\ngf\NGFDemoErrorRecoveryPage.ets:294,未修复,接口定义变更
declare class CommonMethod<T>,ArkTS,7.0.0(26) Beta1,ALL,"=HYPERLINK(""https://developer.huawei.com/consumer/cn/doc/harmonyos-releases/changelogs-for-all-apps-7001/#ch2026010615012"",""ArkUI接口新增仅支持Stage模型的约束"")",entry\src\main\ets\pages\ngf\NGFDemoErrorRecoveryPage.ets:295,未修复,接口定义变更
declare class CommonMethod<T>,ArkTS,7.0.0(26) Beta1,ALL,"=HYPERLINK(""https://developer.huawei.com/consumer/cn/doc/harmonyos-releases/changelogs-for-all-apps-7001/#ch2026010615012"",""ArkUI接口新增仅支持Stage模型的约束"")",entry\src\main\ets\pages\ngf\NGFDemoErrorRecoveryPage.ets:296,未修复,接口定义变更
declare class CommonMethod<T>,ArkTS,7.0.0(26) Beta1,ALL,"=HYPERLINK(""https://developer.huawei.com/consumer/cn/doc/harmonyos-releases/changelogs-for-all-apps-7001/#ch2026010615012"",""ArkUI接口新增仅支持Stage模型的约束"")",entry\src\main\ets\pages\ngf\NGFDemoErrorRecoveryPage.ets:297,未修复,接口定义变更
declare class CommonMethod<T>,ArkTS,7.0.0(26) Beta1,ALL,"=HYPERLINK(""https://developer.huawei.com/consumer/cn/doc/harmonyos-releases/changelogs-for-all-apps-7001/#ch2026010615012"",""ArkUI接口新增仅支持Stage模型的约束"")",entry\src\main\ets\pages\ngf\NGFDemoErrorRecoveryPage.ets:309,未修复,接口定义变更
declare class CommonMethod<T>,ArkTS,7.0.0(26) Beta1,ALL,"=HYPERLINK(""https://developer.huawei.com/consumer/cn/doc/harmonyos-releases/changelogs-for-all-apps-7001/#ch2026010615012"",""ArkUI接口新增仅支持Stage模型的约束"")",entry\src\main\ets\pages\ngf\NGFDemoErrorRecoveryPage.ets:311,未修复,接口定义变更
declare class CommonMethod<T>,ArkTS,7.0.0(26) Beta1,ALL,"=HYPERLINK(""https://developer.huawei.com/consumer/cn/doc/harmonyos-releases/changelogs-for-all-apps-7001/#ch2026010615012"",""ArkUI接口新增仅支持Stage模型的约束"")",entry\src\main\ets\pages\ngf\NGFDemoErrorRecoveryPage.ets:312,未修复,接口定义变更
declare class CommonMethod<T>,ArkTS,7.0.0(26) Beta1,ALL,"=HYPERLINK(""https://developer.huawei.com/consumer/cn/doc/harmonyos-releases/changelogs-for-all-apps-7001/#ch2026010615012"",""ArkUI接口新增仅支持Stage模型的约束"")",entry\src\main\ets\pages\ngf\NGFDemoErrorRecoveryPage.ets:313,未修复,接口定义变更
declare class CommonMethod<T>,ArkTS,7.0.0(26) Beta1,ALL,"=HYPERLINK(""https://developer.huawei.com/consumer/cn/doc/harmonyos-releases/changelogs-for-all-apps-7001/#ch2026010615012"",""ArkUI接口新增仅支持Stage模型的约束"")",entry\src\main\ets\pages\ngf\NGFDemoErrorRecoveryPage.ets:314,未修复,接口定义变更
declare class CommonMethod<T>,ArkTS,7.0.0(26) Beta1,ALL,"=HYPERLINK(""https://developer.huawei.com/consumer/cn/doc/harmonyos-releases/changelogs-for-all-apps-7001/#ch2026010615012"",""ArkUI接口新增仅支持Stage模型的约束"")",entry\src\main\ets\pages\ngf\NGFDemoErrorRecoveryPage.ets:329,未修复,接口定义变更
declare class CommonMethod<T>,ArkTS,7.0.0(26) Beta1,ALL,"=HYPERLINK(""https://developer.huawei.com/consumer/cn/doc/harmonyos-releases/changelogs-for-all-apps-7001/#ch2026010615012"",""ArkUI接口新增仅支持Stage模型的约束"")",entry\src\main\ets\pages\ngf\NGFDemoErrorRecoveryPage.ets:331,未修复,接口定义变更
declare class CommonMethod<T>,ArkTS,7.0.0(26) Beta1,ALL,"=HYPERLINK(""https://developer.huawei.com/consumer/cn/doc/harmonyos-releases/changelogs-for-all-apps-7001/#ch2026010615012"",""ArkUI接口新增仅支持Stage模型的约束"")",entry\src\main\ets\pages\ngf\NGFDemoErrorRecoveryPage.ets:346,未修复,接口定义变更
declare class CommonMethod<T>,ArkTS,7.0.0(26) Beta1,ALL,"=HYPERLINK(""https://developer.huawei.com/consumer/cn/doc/harmonyos-releases/changelogs-for-all-apps-7001/#ch2026010615012"",""ArkUI接口新增仅支持Stage模型的约束"")",entry\src\main\ets\pages\ngf\NGFDemoErrorRecoveryPage.ets:352,未修复,接口定义变更
declare class CommonMethod<T>,ArkTS,7.0.0(26) Beta1,ALL,"=HYPERLINK(""https://developer.huawei.com/consumer/cn/doc/harmonyos-releases/changelogs-for-all-apps-7001/#ch2026010615012"",""ArkUI接口新增仅支持Stage模型的约束"")",entry\src\main\ets\pages\ngf\NGFDemoErrorRecoveryPage.ets:353,未修复,接口定义变更
declare class CommonMethod<T>,ArkTS,7.0.0(26) Beta1,ALL,"=HYPERLINK(""https://developer.huawei.com/consumer/cn/doc/harmonyos-releases/changelogs-for-all-apps-7001/#ch2026010615012"",""ArkUI接口新增仅支持Stage模型的约束"")",entry\src\main\ets\pages\ngf\NGFDemoErrorRecoveryPage.ets:354,未修复,接口定义变更
declare class CommonMethod<T>,ArkTS,7.0.0(26) Beta1,ALL,"=HYPERLINK(""https://developer.huawei.com/consumer/cn/doc/harmonyos-releases/changelogs-for-all-apps-7001/#ch2026010615012"",""ArkUI接口新增仅支持Stage模型的约束"")",entry\src\main\ets\pages\ngf\NGFDemoErrorRecoveryPage.ets:356,未修复,接口定义变更
declare class CommonMethod<T>,ArkTS,7.0.0(26) Beta1,ALL,"=HYPERLINK(""https://developer.huawei.com/consumer/cn/doc/harmonyos-releases/changelogs-for-all-apps-7001/#ch2026010615012"",""ArkUI接口新增仅支持Stage模型的约束"")",entry\src\main\ets\pages\ngf\NGFDemoErrorRecoveryPage.ets:357,未修复,接口定义变更
declare class CommonMethod<T>,ArkTS,7.0.0(26) Beta1,ALL,"=HYPERLINK(""https://developer.huawei.com/consumer/cn/doc/harmonyos-releases/changelogs-for-all-apps-7001/#ch2026010615012"",""ArkUI接口新增仅支持Stage模型的约束"")",entry\src\main\ets\pages\ngf\NGFDemoErrorRecoveryPage.ets:358,未修复,接口定义变更
declare class CommonMethod<T>,ArkTS,7.0.0(26) Beta1,ALL,"=HYPERLINK(""https://developer.huawei.com/consumer/cn/doc/harmonyos-releases/changelogs-for-all-apps-7001/#ch2026010615012"",""ArkUI接口新增仅支持Stage模型的约束"")",entry\src\main\ets\pages\ngf\NGFDemoErrorRecoveryPage.ets:359,未修复,接口定义变更
declare class CommonMethod<T>,ArkTS,7.0.0(26) Beta1,ALL,"=HYPERLINK(""https://developer.huawei.com/consumer/cn/doc/harmonyos-releases/changelogs-for-all-apps-7001/#ch2026010615012"",""ArkUI接口新增仅支持Stage模型的约束"")",entry\src\main\ets\pages\ngf\NGFDemoErrorRecoveryPage.ets:362,未修复,接口定义变更
declare class CommonMethod<T>,ArkTS,7.0.0(26) Beta1,ALL,"=HYPERLINK(""https://developer.huawei.com/consumer/cn/doc/harmonyos-releases/changelogs-for-all-apps-7001/#ch2026010615012"",""ArkUI接口新增仅支持Stage模型的约束"")",entry\src\main\ets\pages\ngf\NGFDemoErrorRecoveryPage.ets:365,未修复,接口定义变更
declare class CommonMethod<T>,ArkTS,7.0.0(26) Beta1,ALL,"=HYPERLINK(""https://developer.huawei.com/consumer/cn/doc/harmonyos-releases/changelogs-for-all-apps-7001/#ch2026010615012"",""ArkUI接口新增仅支持Stage模型的约束"")",entry\src\main\ets\pages\ngf\NGFDemoErrorRecoveryPage.ets:366,未修复,接口定义变更
declare class CommonMethod<T>,ArkTS,7.0.0(26) Beta1,ALL,"=HYPERLINK(""https://developer.huawei.com/consumer/cn/doc/harmonyos-releases/changelogs-for-all-apps-7001/#ch2026010615012"",""ArkUI接口新增仅支持Stage模型的约束"")",entry\src\main\ets\pages\ngf\NGFDemoErrorRecoveryPage.ets:367,未修复,接口定义变更
declare class CommonMethod<T>,ArkTS,7.0.0(26) Beta1,ALL,"=HYPERLINK(""https://developer.huawei.com/consumer/cn/doc/harmonyos-releases/changelogs-for-all-apps-7001/#ch2026010615012"",""ArkUI接口新增仅支持Stage模型的约束"")",entry\src\main\ets\pages\ngf\NGFDemoErrorRecoveryPage.ets:368,未修复,接口定义变更
declare class CommonMethod<T>,ArkTS,7.0.0(26) Beta1,ALL,"=HYPERLINK(""https://developer.huawei.com/consumer/cn/doc/harmonyos-releases/changelogs-for-all-apps-7001/#ch2026010615012"",""ArkUI接口新增仅支持Stage模型的约束"")",entry\src\main\ets\pages\ngf\NGFDemoErrorRecoveryPage.ets:369,未修复,接口定义变更
declare class CommonMethod<T>,ArkTS,7.0.0(26) Beta1,ALL,"=HYPERLINK(""https://developer.huawei.com/consumer/cn/doc/harmonyos-releases/changelogs-for-all-apps-7001/#ch2026010615012"",""ArkUI接口新增仅支持Stage模型的约束"")",entry\src\main\ets\pages\ngf\NGFDemoErrorRecoveryPage.ets:370,未修复,接口定义变更
declare class CommonMethod<T>,ArkTS,7.0.0(26) Beta1,ALL,"=HYPERLINK(""https://developer.huawei.com/consumer/cn/doc/harmonyos-releases/changelogs-for-all-apps-7001/#ch2026010615012"",""ArkUI接口新增仅支持Stage模型的约束"")",entry\src\main\ets\pages\ngf\NGFDemoMultitonPage.ets:43,未修复,接口定义变更
declare class CommonMethod<T>,ArkTS,7.0.0(26) Beta1,ALL,"=HYPERLINK(""https://developer.huawei.com/consumer/cn/doc/harmonyos-releases/changelogs-for-all-apps-7001/#ch2026010615012"",""ArkUI接口新增仅支持Stage模型的约束"")",entry\src\main\ets\pages\ngf\NGFDemoMultitonPage.ets:44,未修复,接口定义变更
declare class CommonMethod<T>,ArkTS,7.0.0(26) Beta1,ALL,"=HYPERLINK(""https://developer.huawei.com/consumer/cn/doc/harmonyos-releases/changelogs-for-all-apps-7001/#ch2026010615012"",""ArkUI接口新增仅支持Stage模型的约束"")",entry\src\main\ets\pages\ngf\NGFDemoMultitonPage.ets:45,未修复,接口定义变更
declare class CommonMethod<T>,ArkTS,7.0.0(26) Beta1,ALL,"=HYPERLINK(""https://developer.huawei.com/consumer/cn/doc/harmonyos-releases/changelogs-for-all-apps-7001/#ch2026010615012"",""ArkUI接口新增仅支持Stage模型的约束"")",entry\src\main\ets\pages\ngf\NGFDemoSecurityPerfPage.ets:102,未修复,接口定义变更
declare class CommonMethod<T>,ArkTS,7.0.0(26) Beta1,ALL,"=HYPERLINK(""https://developer.huawei.com/consumer/cn/doc/harmonyos-releases/changelogs-for-all-apps-7001/#ch2026010615012"",""ArkUI接口新增仅支持Stage模型的约束"")",entry\src\main\ets\pages\ngf\NGFDemoSecurityPerfPage.ets:103,未修复,接口定义变更
declare class CommonMethod<T>,ArkTS,7.0.0(26) Beta1,ALL,"=HYPERLINK(""https://developer.huawei.com/consumer/cn/doc/harmonyos-releases/changelogs-for-all-apps-7001/#ch2026010615012"",""ArkUI接口新增仅支持Stage模型的约束"")",entry\src\main\ets\pages\ngf\NGFDemoSecurityPerfPage.ets:105,未修复,接口定义变更
declare class CommonMethod<T>,ArkTS,7.0.0(26) Beta1,ALL,"=HYPERLINK(""https://developer.huawei.com/consumer/cn/doc/harmonyos-releases/changelogs-for-all-apps-7001/#ch2026010615012"",""ArkUI接口新增仅支持Stage模型的约束"")",entry\src\main\ets\pages\ngf\NGFDemoSecurityPerfPage.ets:106,未修复,接口定义变更
declare class CommonMethod<T>,ArkTS,7.0.0(26) Beta1,ALL,"=HYPERLINK(""https://developer.huawei.com/consumer/cn/doc/harmonyos-releases/changelogs-for-all-apps-7001/#ch2026010615012"",""ArkUI接口新增仅支持Stage模型的约束"")",entry\src\main\ets\pages\ngf\NGFDemoSecurityPerfPage.ets:143,未修复,接口定义变更
declare class CommonMethod<T>,ArkTS,7.0.0(26) Beta1,ALL,"=HYPERLINK(""https://developer.huawei.com/consumer/cn/doc/harmonyos-releases/changelogs-for-all-apps-7001/#ch2026010615012"",""ArkUI接口新增仅支持Stage模型的约束"")",entry\src\main\ets\pages\ngf\NGFDemoSecurityPerfPage.ets:144,未修复,接口定义变更
declare class CommonMethod<T>,ArkTS,7.0.0(26) Beta1,ALL,"=HYPERLINK(""https://developer.huawei.com/consumer/cn/doc/harmonyos-releases/changelogs-for-all-apps-7001/#ch2026010615012"",""ArkUI接口新增仅支持Stage模型的约束"")",entry\src\main\ets\pages\ngf\NGFDemoSecurityPerfPage.ets:145,未修复,接口定义变更
declare class CommonMethod<T>,ArkTS,7.0.0(26) Beta1,ALL,"=HYPERLINK(""https://developer.huawei.com/consumer/cn/doc/harmonyos-releases/changelogs-for-all-apps-7001/#ch2026010615012"",""ArkUI接口新增仅支持Stage模型的约束"")",entry\src\main\ets\pages\ngf\NGFDemoSecurityPerfPage.ets:149,未修复,接口定义变更
declare class CommonMethod<T>,ArkTS,7.0.0(26) Beta1,ALL,"=HYPERLINK(""https://developer.huawei.com/consumer/cn/doc/harmonyos-releases/changelogs-for-all-apps-7001/#ch2026010615012"",""ArkUI接口新增仅支持Stage模型的约束"")",entry\src\main\ets\pages\ngf\NGFDemoSecurityPerfPage.ets:150,未修复,接口定义变更
declare class CommonMethod<T>,ArkTS,7.0.0(26) Beta1,ALL,"=HYPERLINK(""https://developer.huawei.com/consumer/cn/doc/harmonyos-releases/changelogs-for-all-apps-7001/#ch2026010615012"",""ArkUI接口新增仅支持Stage模型的约束"")",entry\src\main\ets\pages\ngf\NGFDemoSecurityPerfPage.ets:162,未修复,接口定义变更
declare class CommonMethod<T>,ArkTS,7.0.0(26) Beta1,ALL,"=HYPERLINK(""https://developer.huawei.com/consumer/cn/doc/harmonyos-releases/changelogs-for-all-apps-7001/#ch2026010615012"",""ArkUI接口新增仅支持Stage模型的约束"")",entry\src\main\ets\pages\ngf\NGFDemoSecurityPerfPage.ets:163,未修复,接口定义变更
declare class CommonMethod<T>,ArkTS,7.0.0(26) Beta1,ALL,"=HYPERLINK(""https://developer.huawei.com/consumer/cn/doc/harmonyos-releases/changelogs-for-all-apps-7001/#ch2026010615012"",""ArkUI接口新增仅支持Stage模型的约束"")",entry\src\main\ets\pages\ngf\NGFDemoSecurityPerfPage.ets:172,未修复,接口定义变更
declare class CommonMethod<T>,ArkTS,7.0.0(26) Beta1,ALL,"=HYPERLINK(""https://developer.huawei.com/consumer/cn/doc/harmonyos-releases/changelogs-for-all-apps-7001/#ch2026010615012"",""ArkUI接口新增仅支持Stage模型的约束"")",entry\src\main\ets\pages\ngf\NGFDemoSecurityPerfPage.ets:174,未修复,接口定义变更
declare class CommonMethod<T>,ArkTS,7.0.0(26) Beta1,ALL,"=HYPERLINK(""https://developer.huawei.com/consumer/cn/doc/harmonyos-releases/changelogs-for-all-apps-7001/#ch2026010615012"",""ArkUI接口新增仅支持Stage模型的约束"")",entry\src\main\ets\pages\ngf\NGFDemoSecurityPerfPage.ets:175,未修复,接口定义变更
declare class CommonMethod<T>,ArkTS,7.0.0(26) Beta1,ALL,"=HYPERLINK(""https://developer.huawei.com/consumer/cn/doc/harmonyos-releases/changelogs-for-all-apps-7001/#ch2026010615012"",""ArkUI接口新增仅支持Stage模型的约束"")",entry\src\main\ets\pages\ngf\NGFDemoSecurityPerfPage.ets:177,未修复,接口定义变更
declare class CommonMethod<T>,ArkTS,7.0.0(26) Beta1,ALL,"=HYPERLINK(""https://developer.huawei.com/consumer/cn/doc/harmonyos-releases/changelogs-for-all-apps-7001/#ch2026010615012"",""ArkUI接口新增仅支持Stage模型的约束"")",entry\src\main\ets\pages\ngf\NGFDemoSecurityPerfPage.ets:182,未修复,接口定义变更
declare class CommonMethod<T>,ArkTS,7.0.0(26) Beta1,ALL,"=HYPERLINK(""https://developer.huawei.com/consumer/cn/doc/harmonyos-releases/changelogs-for-all-apps-7001/#ch2026010615012"",""ArkUI接口新增仅支持Stage模型的约束"")",entry\src\main\ets\pages\ngf\NGFDemoSecurityPerfPage.ets:185,未修复,接口定义变更
declare class CommonMethod<T>,ArkTS,7.0.0(26) Beta1,ALL,"=HYPERLINK(""https://developer.huawei.com/consumer/cn/doc/harmonyos-releases/changelogs-for-all-apps-7001/#ch2026010615012"",""ArkUI接口新增仅支持Stage模型的约束"")",entry\src\main\ets\pages\ngf\NGFDemoSecurityPerfPage.ets:186,未修复,接口定义变更
declare class CommonMethod<T>,ArkTS,7.0.0(26) Beta1,ALL,"=HYPERLINK(""https://developer.huawei.com/consumer/cn/doc/harmonyos-releases/changelogs-for-all-apps-7001/#ch2026010615012"",""ArkUI接口新增仅支持Stage模型的约束"")",entry\src\main\ets\pages\ngf\NGFDemoSecurityPerfPage.ets:188,未修复,接口定义变更
declare class CommonMethod<T>,ArkTS,7.0.0(26) Beta1,ALL,"=HYPERLINK(""https://developer.huawei.com/consumer/cn/doc/harmonyos-releases/changelogs-for-all-apps-7001/#ch2026010615012"",""ArkUI接口新增仅支持Stage模型的约束"")",entry\src\main\ets\pages\ngf\NGFDemoSecurityPerfPage.ets:189,未修复,接口定义变更
declare class CommonMethod<T>,ArkTS,7.0.0(26) Beta1,ALL,"=HYPERLINK(""https://developer.huawei.com/consumer/cn/doc/harmonyos-releases/changelogs-for-all-apps-7001/#ch2026010615012"",""ArkUI接口新增仅支持Stage模型的约束"")",entry\src\main\ets\pages\ngf\NGFDemoSecurityPerfPage.ets:190,未修复,接口定义变更
declare class CommonMethod<T>,ArkTS,7.0.0(26) Beta1,ALL,"=HYPERLINK(""https://developer.huawei.com/consumer/cn/doc/harmonyos-releases/changelogs-for-all-apps-7001/#ch2026010615012"",""ArkUI接口新增仅支持Stage模型的约束"")",entry\src\main\ets\pages\ngf\NGFDemoSecurityPerfPage.ets:205,未修复,接口定义变更
declare class CommonMethod<T>,ArkTS,7.0.0(26) Beta1,ALL,"=HYPERLINK(""https://developer.huawei.com/consumer/cn/doc/harmonyos-releases/changelogs-for-all-apps-7001/#ch2026010615012"",""ArkUI接口新增仅支持Stage模型的约束"")",entry\src\main\ets\pages\ngf\NGFDemoSecurityPerfPage.ets:206,未修复,接口定义变更
declare class CommonMethod<T>,ArkTS,7.0.0(26) Beta1,ALL,"=HYPERLINK(""https://developer.huawei.com/consumer/cn/doc/harmonyos-releases/changelogs-for-all-apps-7001/#ch2026010615012"",""ArkUI接口新增仅支持Stage模型的约束"")",entry\src\main\ets\pages\ngf\NGFDemoSecurityPerfPage.ets:207,未修复,接口定义变更
declare class CommonMethod<T>,ArkTS,7.0.0(26) Beta1,ALL,"=HYPERLINK(""https://developer.huawei.com/consumer/cn/doc/harmonyos-releases/changelogs-for-all-apps-7001/#ch2026010615012"",""ArkUI接口新增仅支持Stage模型的约束"")",entry\src\main\ets\pages\ngf\NGFDemoSecurityPerfPage.ets:208,未修复,接口定义变更
declare class CommonMethod<T>,ArkTS,7.0.0(26) Beta1,ALL,"=HYPERLINK(""https://developer.huawei.com/consumer/cn/doc/harmonyos-releases/changelogs-for-all-apps-7001/#ch2026010615012"",""ArkUI接口新增仅支持Stage模型的约束"")",entry\src\main\ets\pages\ngf\NGFDemoSecurityPerfPage.ets:210,未修复,接口定义变更
declare class CommonMethod<T>,ArkTS,7.0.0(26) Beta1,ALL,"=HYPERLINK(""https://developer.huawei.com/consumer/cn/doc/harmonyos-releases/changelogs-for-all-apps-7001/#ch2026010615012"",""ArkUI接口新增仅支持Stage模型的约束"")",entry\src\main\ets\pages\ngf\NGFDemoSecurityPerfPage.ets:214,未修复,接口定义变更
declare class CommonMethod<T>,ArkTS,7.0.0(26) Beta1,ALL,"=HYPERLINK(""https://developer.huawei.com/consumer/cn/doc/harmonyos-releases/changelogs-for-all-apps-7001/#ch2026010615012"",""ArkUI接口新增仅支持Stage模型的约束"")",entry\src\main\ets\pages\ngf\NGFDemoSecurityPerfPage.ets:215,未修复,接口定义变更
declare class CommonMethod<T>,ArkTS,7.0.0(26) Beta1,ALL,"=HYPERLINK(""https://developer.huawei.com/consumer/cn/doc/harmonyos-releases/changelogs-for-all-apps-7001/#ch2026010615012"",""ArkUI接口新增仅支持Stage模型的约束"")",entry\src\main\ets\pages\ngf\NGFDemoSecurityPerfPage.ets:216,未修复,接口定义变更
declare class CommonMethod<T>,ArkTS,7.0.0(26) Beta1,ALL,"=HYPERLINK(""https://developer.huawei.com/consumer/cn/doc/harmonyos-releases/changelogs-for-all-apps-7001/#ch2026010615012"",""ArkUI接口新增仅支持Stage模型的约束"")",entry\src\main\ets\pages\ngf\NGFDemoSecurityPerfPage.ets:217,未修复,接口定义变更
declare class CommonMethod<T>,ArkTS,7.0.0(26) Beta1,ALL,"=HYPERLINK(""https://developer.huawei.com/consumer/cn/doc/harmonyos-releases/changelogs-for-all-apps-7001/#ch2026010615012"",""ArkUI接口新增仅支持Stage模型的约束"")",entry\src\main\ets\pages\ngf\NGFDemoSecurityPerfPage.ets:218,未修复,接口定义变更
declare class CommonMethod<T>,ArkTS,7.0.0(26) Beta1,ALL,"=HYPERLINK(""https://developer.huawei.com/consumer/cn/doc/harmonyos-releases/changelogs-for-all-apps-7001/#ch2026010615012"",""ArkUI接口新增仅支持Stage模型的约束"")",entry\src\main\ets\pages\ngf\NGFDemoSecurityPerfPage.ets:219,未修复,接口定义变更
declare class CommonMethod<T>,ArkTS,7.0.0(26) Beta1,ALL,"=HYPERLINK(""https://developer.huawei.com/consumer/cn/doc/harmonyos-releases/changelogs-for-all-apps-7001/#ch2026010615012"",""ArkUI接口新增仅支持Stage模型的约束"")",entry\src\main\ets\pages\ngf\NGFDemoSecurityPerfPage.ets:231,未修复,接口定义变更
declare class CommonMethod<T>,ArkTS,7.0.0(26) Beta1,ALL,"=HYPERLINK(""https://developer.huawei.com/consumer/cn/doc/harmonyos-releases/changelogs-for-all-apps-7001/#ch2026010615012"",""ArkUI接口新增仅支持Stage模型的约束"")",entry\src\main\ets\pages\ngf\NGFDemoSecurityPerfPage.ets:232,未修复,接口定义变更
declare class CommonMethod<T>,ArkTS,7.0.0(26) Beta1,ALL,"=HYPERLINK(""https://developer.huawei.com/consumer/cn/doc/harmonyos-releases/changelogs-for-all-apps-7001/#ch2026010615012"",""ArkUI接口新增仅支持Stage模型的约束"")",entry\src\main\ets\pages\ngf\NGFDemoSecurityPerfPage.ets:240,未修复,接口定义变更
declare class CommonMethod<T>,ArkTS,7.0.0(26) Beta1,ALL,"=HYPERLINK(""https://developer.huawei.com/consumer/cn/doc/harmonyos-releases/changelogs-for-all-apps-7001/#ch2026010615012"",""ArkUI接口新增仅支持Stage模型的约束"")",entry\src\main\ets\pages\ngf\NGFDemoSecurityPerfPage.ets:241,未修复,接口定义变更
declare class CommonMethod<T>,ArkTS,7.0.0(26) Beta1,ALL,"=HYPERLINK(""https://developer.huawei.com/consumer/cn/doc/harmonyos-releases/changelogs-for-all-apps-7001/#ch2026010615012"",""ArkUI接口新增仅支持Stage模型的约束"")",entry\src\main\ets\pages\ngf\NGFDemoSecurityPerfPage.ets:243,未修复,接口定义变更
declare class CommonMethod<T>,ArkTS,7.0.0(26) Beta1,ALL,"=HYPERLINK(""https://developer.huawei.com/consumer/cn/doc/harmonyos-releases/changelogs-for-all-apps-7001/#ch2026010615012"",""ArkUI接口新增仅支持Stage模型的约束"")",entry\src\main\ets\pages\ngf\NGFDemoSecurityPerfPage.ets:244,未修复,接口定义变更
declare class CommonMethod<T>,ArkTS,7.0.0(26) Beta1,ALL,"=HYPERLINK(""https://developer.huawei.com/consumer/cn/doc/harmonyos-releases/changelogs-for-all-apps-7001/#ch2026010615012"",""ArkUI接口新增仅支持Stage模型的约束"")",entry\src\main\ets\pages\ngf\NGFDemoSecurityPerfPage.ets:245,未修复,接口定义变更
declare class CommonMethod<T>,ArkTS,7.0.0(26) Beta1,ALL,"=HYPERLINK(""https://developer.huawei.com/consumer/cn/doc/harmonyos-releases/changelogs-for-all-apps-7001/#ch2026010615012"",""ArkUI接口新增仅支持Stage模型的约束"")",entry\src\main\ets\pages\ngf\NGFDemoSecurityPerfPage.ets:249,未修复,接口定义变更
declare class CommonMethod<T>,ArkTS,7.0.0(26) Beta1,ALL,"=HYPERLINK(""https://developer.huawei.com/consumer/cn/doc/harmonyos-releases/changelogs-for-all-apps-7001/#ch2026010615012"",""ArkUI接口新增仅支持Stage模型的约束"")",entry\src\main\ets\pages\ngf\NGFDemoSecurityPerfPage.ets:250,未修复,接口定义变更
declare class CommonMethod<T>,ArkTS,7.0.0(26) Beta1,ALL,"=HYPERLINK(""https://developer.huawei.com/consumer/cn/doc/harmonyos-releases/changelogs-for-all-apps-7001/#ch2026010615012"",""ArkUI接口新增仅支持Stage模型的约束"")",entry\src\main\ets\pages\ngf\NGFDemoSecurityPerfPage.ets:252,未修复,接口定义变更
declare class CommonMethod<T>,ArkTS,7.0.0(26) Beta1,ALL,"=HYPERLINK(""https://developer.huawei.com/consumer/cn/doc/harmonyos-releases/changelogs-for-all-apps-7001/#ch2026010615012"",""ArkUI接口新增仅支持Stage模型的约束"")",entry\src\main\ets\pages\ngf\NGFDemoSecurityPerfPage.ets:253,未修复,接口定义变更
declare class CommonMethod<T>,ArkTS,7.0.0(26) Beta1,ALL,"=HYPERLINK(""https://developer.huawei.com/consumer/cn/doc/harmonyos-releases/changelogs-for-all-apps-7001/#ch2026010615012"",""ArkUI接口新增仅支持Stage模型的约束"")",entry\src\main\ets\pages\ngf\NGFDemoSecurityPerfPage.ets:254,未修复,接口定义变更
declare class CommonMethod<T>,ArkTS,7.0.0(26) Beta1,ALL,"=HYPERLINK(""https://developer.huawei.com/consumer/cn/doc/harmonyos-releases/changelogs-for-all-apps-7001/#ch2026010615012"",""ArkUI接口新增仅支持Stage模型的约束"")",entry\src\main\ets\pages\ngf\NGFDemoSecurityPerfPage.ets:258,未修复,接口定义变更
declare class CommonMethod<T>,ArkTS,7.0.0(26) Beta1,ALL,"=HYPERLINK(""https://developer.huawei.com/consumer/cn/doc/harmonyos-releases/changelogs-for-all-apps-7001/#ch2026010615012"",""ArkUI接口新增仅支持Stage模型的约束"")",entry\src\main\ets\pages\ngf\NGFDemoSecurityPerfPage.ets:270,未修复,接口定义变更
declare class CommonMethod<T>,ArkTS,7.0.0(26) Beta1,ALL,"=HYPERLINK(""https://developer.huawei.com/consumer/cn/doc/harmonyos-releases/changelogs-for-all-apps-7001/#ch2026010615012"",""ArkUI接口新增仅支持Stage模型的约束"")",entry\src\main\ets\pages\ngf\NGFDemoSecurityPerfPage.ets:271,未修复,接口定义变更
declare class CommonMethod<T>,ArkTS,7.0.0(26) Beta1,ALL,"=HYPERLINK(""https://developer.huawei.com/consumer/cn/doc/harmonyos-releases/changelogs-for-all-apps-7001/#ch2026010615012"",""ArkUI接口新增仅支持Stage模型的约束"")",entry\src\main\ets\pages\ngf\NGFDemoSecurityPerfPage.ets:272,未修复,接口定义变更
declare class CommonMethod<T>,ArkTS,7.0.0(26) Beta1,ALL,"=HYPERLINK(""https://developer.huawei.com/consumer/cn/doc/harmonyos-releases/changelogs-for-all-apps-7001/#ch2026010615012"",""ArkUI接口新增仅支持Stage模型的约束"")",entry\src\main\ets\pages\ngf\NGFDemoSecurityPerfPage.ets:273,未修复,接口定义变更
declare class CommonMethod<T>,ArkTS,7.0.0(26) Beta1,ALL,"=HYPERLINK(""https://developer.huawei.com/consumer/cn/doc/harmonyos-releases/changelogs-for-all-apps-7001/#ch2026010615012"",""ArkUI接口新增仅支持Stage模型的约束"")",entry\src\main\ets\pages\ngf\NGFDemoSecurityPerfPage.ets:275,未修复,接口定义变更
declare class CommonMethod<T>,ArkTS,7.0.0(26) Beta1,ALL,"=HYPERLINK(""https://developer.huawei.com/consumer/cn/doc/harmonyos-releases/changelogs-for-all-apps-7001/#ch2026010615012"",""ArkUI接口新增仅支持Stage模型的约束"")",entry\src\main\ets\pages\ngf\NGFDemoSecurityPerfPage.ets:288,未修复,接口定义变更
declare class CommonMethod<T>,ArkTS,7.0.0(26) Beta1,ALL,"=HYPERLINK(""https://developer.huawei.com/consumer/cn/doc/harmonyos-releases/changelogs-for-all-apps-7001/#ch2026010615012"",""ArkUI接口新增仅支持Stage模型的约束"")",entry\src\main\ets\pages\ngf\NGFDemoSecurityPerfPage.ets:289,未修复,接口定义变更
declare class CommonMethod<T>,ArkTS,7.0.0(26) Beta1,ALL,"=HYPERLINK(""https://developer.huawei.com/consumer/cn/doc/harmonyos-releases/changelogs-for-all-apps-7001/#ch2026010615012"",""ArkUI接口新增仅支持Stage模型的约束"")",entry\src\main\ets\pages\ngf\NGFDemoSecurityPerfPage.ets:290,未修复,接口定义变更
declare class CommonMethod<T>,ArkTS,7.0.0(26) Beta1,ALL,"=HYPERLINK(""https://developer.huawei.com/consumer/cn/doc/harmonyos-releases/changelogs-for-all-apps-7001/#ch2026010615012"",""ArkUI接口新增仅支持Stage模型的约束"")",entry\src\main\ets\pages\ngf\NGFDemoSecurityPerfPage.ets:291,未修复,接口定义变更
declare class CommonMethod<T>,ArkTS,7.0.0(26) Beta1,ALL,"=HYPERLINK(""https://developer.huawei.com/consumer/cn/doc/harmonyos-releases/changelogs-for-all-apps-7001/#ch2026010615012"",""ArkUI接口新增仅支持Stage模型的约束"")",entry\src\main\ets\pages\ngf\NGFDemoSecurityPerfPage.ets:293,未修复,接口定义变更
declare class CommonMethod<T>,ArkTS,7.0.0(26) Beta1,ALL,"=HYPERLINK(""https://developer.huawei.com/consumer/cn/doc/harmonyos-releases/changelogs-for-all-apps-7001/#ch2026010615012"",""ArkUI接口新增仅支持Stage模型的约束"")",entry\src\main\ets\pages\ngf\NGFDemoSecurityPerfPage.ets:297,未修复,接口定义变更
declare class CommonMethod<T>,ArkTS,7.0.0(26) Beta1,ALL,"=HYPERLINK(""https://developer.huawei.com/consumer/cn/doc/harmonyos-releases/changelogs-for-all-apps-7001/#ch2026010615012"",""ArkUI接口新增仅支持Stage模型的约束"")",entry\src\main\ets\pages\ngf\NGFDemoSecurityPerfPage.ets:298,未修复,接口定义变更
declare class CommonMethod<T>,ArkTS,7.0.0(26) Beta1,ALL,"=HYPERLINK(""https://developer.huawei.com/consumer/cn/doc/harmonyos-releases/changelogs-for-all-apps-7001/#ch2026010615012"",""ArkUI接口新增仅支持Stage模型的约束"")",entry\src\main\ets\pages\ngf\NGFDemoSecurityPerfPage.ets:299,未修复,接口定义变更
declare class CommonMethod<T>,ArkTS,7.0.0(26) Beta1,ALL,"=HYPERLINK(""https://developer.huawei.com/consumer/cn/doc/harmonyos-releases/changelogs-for-all-apps-7001/#ch2026010615012"",""ArkUI接口新增仅支持Stage模型的约束"")",entry\src\main\ets\pages\ngf\NGFDemoSecurityPerfPage.ets:300,未修复,接口定义变更
declare class CommonMethod<T>,ArkTS,7.0.0(26) Beta1,ALL,"=HYPERLINK(""https://developer.huawei.com/consumer/cn/doc/harmonyos-releases/changelogs-for-all-apps-7001/#ch2026010615012"",""ArkUI接口新增仅支持Stage模型的约束"")",entry\src\main\ets\pages\ngf\NGFDemoSecurityPerfPage.ets:301,未修复,接口定义变更
declare class CommonMethod<T>,ArkTS,7.0.0(26) Beta1,ALL,"=HYPERLINK(""https://developer.huawei.com/consumer/cn/doc/harmonyos-releases/changelogs-for-all-apps-7001/#ch2026010615012"",""ArkUI接口新增仅支持Stage模型的约束"")",entry\src\main\ets\pages\ngf\NGFDemoSecurityPerfPage.ets:302,未修复,接口定义变更
declare class CommonMethod<T>,ArkTS,7.0.0(26) Beta1,ALL,"=HYPERLINK(""https://developer.huawei.com/consumer/cn/doc/harmonyos-releases/changelogs-for-all-apps-7001/#ch2026010615012"",""ArkUI接口新增仅支持Stage模型的约束"")",entry\src\main\ets\pages\ngf\NGFDemoSecurityPerfPage.ets:315,未修复,接口定义变更
declare class CommonMethod<T>,ArkTS,7.0.0(26) Beta1,ALL,"=HYPERLINK(""https://developer.huawei.com/consumer/cn/doc/harmonyos-releases/changelogs-for-all-apps-7001/#ch2026010615012"",""ArkUI接口新增仅支持Stage模型的约束"")",entry\src\main\ets\pages\ngf\NGFDemoSecurityPerfPage.ets:316,未修复,接口定义变更
declare class CommonMethod<T>,ArkTS,7.0.0(26) Beta1,ALL,"=HYPERLINK(""https://developer.huawei.com/consumer/cn/doc/harmonyos-releases/changelogs-for-all-apps-7001/#ch2026010615012"",""ArkUI接口新增仅支持Stage模型的约束"")",entry\src\main\ets\pages\ngf\NGFDemoSecurityPerfPage.ets:318,未修复,接口定义变更
declare class CommonMethod<T>,ArkTS,7.0.0(26) Beta1,ALL,"=HYPERLINK(""https://developer.huawei.com/consumer/cn/doc/harmonyos-releases/changelogs-for-all-apps-7001/#ch2026010615012"",""ArkUI接口新增仅支持Stage模型的约束"")",entry\src\main\ets\pages\ngf\NGFDemoSecurityPerfPage.ets:319,未修复,接口定义变更
declare class CommonMethod<T>,ArkTS,7.0.0(26) Beta1,ALL,"=HYPERLINK(""https://developer.huawei.com/consumer/cn/doc/harmonyos-releases/changelogs-for-all-apps-7001/#ch2026010615012"",""ArkUI接口新增仅支持Stage模型的约束"")",entry\src\main\ets\pages\ngf\NGFDemoSecurityPerfPage.ets:320,未修复,接口定义变更
declare class CommonMethod<T>,ArkTS,7.0.0(26) Beta1,ALL,"=HYPERLINK(""https://developer.huawei.com/consumer/cn/doc/harmonyos-releases/changelogs-for-all-apps-7001/#ch2026010615012"",""ArkUI接口新增仅支持Stage模型的约束"")",entry\src\main\ets\pages\ngf\NGFDemoSecurityPerfPage.ets:325,未修复,接口定义变更
declare class CommonMethod<T>,ArkTS,7.0.0(26) Beta1,ALL,"=HYPERLINK(""https://developer.huawei.com/consumer/cn/doc/harmonyos-releases/changelogs-for-all-apps-7001/#ch2026010615012"",""ArkUI接口新增仅支持Stage模型的约束"")",entry\src\main\ets\pages\ngf\NGFDemoSecurityPerfPage.ets:326,未修复,接口定义变更
declare class CommonMethod<T>,ArkTS,7.0.0(26) Beta1,ALL,"=HYPERLINK(""https://developer.huawei.com/consumer/cn/doc/harmonyos-releases/changelogs-for-all-apps-7001/#ch2026010615012"",""ArkUI接口新增仅支持Stage模型的约束"")",entry\src\main\ets\pages\ngf\NGFDemoSecurityPerfPage.ets:328,未修复,接口定义变更
declare class CommonMethod<T>,ArkTS,7.0.0(26) Beta1,ALL,"=HYPERLINK(""https://developer.huawei.com/consumer/cn/doc/harmonyos-releases/changelogs-for-all-apps-7001/#ch2026010615012"",""ArkUI接口新增仅支持Stage模型的约束"")",entry\src\main\ets\pages\ngf\NGFDemoSecurityPerfPage.ets:329,未修复,接口定义变更
declare class CommonMethod<T>,ArkTS,7.0.0(26) Beta1,ALL,"=HYPERLINK(""https://developer.huawei.com/consumer/cn/doc/harmonyos-releases/changelogs-for-all-apps-7001/#ch2026010615012"",""ArkUI接口新增仅支持Stage模型的约束"")",entry\src\main\ets\pages\ngf\NGFDemoSecurityPerfPage.ets:330,未修复,接口定义变更
declare class CommonMethod<T>,ArkTS,7.0.0(26) Beta1,ALL,"=HYPERLINK(""https://developer.huawei.com/consumer/cn/doc/harmonyos-releases/changelogs-for-all-apps-7001/#ch2026010615012"",""ArkUI接口新增仅支持Stage模型的约束"")",entry\src\main\ets\pages\ngf\NGFDemoSecurityPerfPage.ets:344,未修复,接口定义变更
declare class CommonMethod<T>,ArkTS,7.0.0(26) Beta1,ALL,"=HYPERLINK(""https://developer.huawei.com/consumer/cn/doc/harmonyos-releases/changelogs-for-all-apps-7001/#ch2026010615012"",""ArkUI接口新增仅支持Stage模型的约束"")",entry\src\main\ets\pages\ngf\NGFDemoSecurityPerfPage.ets:358,未修复,接口定义变更
declare class CommonMethod<T>,ArkTS,7.0.0(26) Beta1,ALL,"=HYPERLINK(""https://developer.huawei.com/consumer/cn/doc/harmonyos-releases/changelogs-for-all-apps-7001/#ch2026010615012"",""ArkUI接口新增仅支持Stage模型的约束"")",entry\src\main\ets\pages\ngf\NGFDemoSecurityPerfPage.ets:360,未修复,接口定义变更
declare class CommonMethod<T>,ArkTS,7.0.0(26) Beta1,ALL,"=HYPERLINK(""https://developer.huawei.com/consumer/cn/doc/harmonyos-releases/changelogs-for-all-apps-7001/#ch2026010615012"",""ArkUI接口新增仅支持Stage模型的约束"")",entry\src\main\ets\pages\ngf\NGFDemoSecurityPerfPage.ets:361,未修复,接口定义变更
declare class CommonMethod<T>,ArkTS,7.0.0(26) Beta1,ALL,"=HYPERLINK(""https://developer.huawei.com/consumer/cn/doc/harmonyos-releases/changelogs-for-all-apps-7001/#ch2026010615012"",""ArkUI接口新增仅支持Stage模型的约束"")",entry\src\main\ets\pages\ngf\NGFDemoSecurityPerfPage.ets:362,未修复,接口定义变更
declare class CommonMethod<T>,ArkTS,7.0.0(26) Beta1,ALL,"=HYPERLINK(""https://developer.huawei.com/consumer/cn/doc/harmonyos-releases/changelogs-for-all-apps-7001/#ch2026010615012"",""ArkUI接口新增仅支持Stage模型的约束"")",entry\src\main\ets\pages\ngf\NGFDemoSecurityPerfPage.ets:365,未修复,接口定义变更
declare class CommonMethod<T>,ArkTS,7.0.0(26) Beta1,ALL,"=HYPERLINK(""https://developer.huawei.com/consumer/cn/doc/harmonyos-releases/changelogs-for-all-apps-7001/#ch2026010615012"",""ArkUI接口新增仅支持Stage模型的约束"")",entry\src\main\ets\pages\ngf\NGFDemoSecurityPerfPage.ets:368,未修复,接口定义变更
declare class CommonMethod<T>,ArkTS,7.0.0(26) Beta1,ALL,"=HYPERLINK(""https://developer.huawei.com/consumer/cn/doc/harmonyos-releases/changelogs-for-all-apps-7001/#ch2026010615012"",""ArkUI接口新增仅支持Stage模型的约束"")",entry\src\main\ets\pages\ngf\NGFDemoSecurityPerfPage.ets:369,未修复,接口定义变更
declare class CommonMethod<T>,ArkTS,7.0.0(26) Beta1,ALL,"=HYPERLINK(""https://developer.huawei.com/consumer/cn/doc/harmonyos-releases/changelogs-for-all-apps-7001/#ch2026010615012"",""ArkUI接口新增仅支持Stage模型的约束"")",entry\src\main\ets\pages\ngf\NGFDemoSecurityPerfPage.ets:370,未修复,接口定义变更
declare class CommonMethod<T>,ArkTS,7.0.0(26) Beta1,ALL,"=HYPERLINK(""https://developer.huawei.com/consumer/cn/doc/harmonyos-releases/changelogs-for-all-apps-7001/#ch2026010615012"",""ArkUI接口新增仅支持Stage模型的约束"")",entry\src\main\ets\pages\ngf\NGFDemoSecurityPerfPage.ets:371,未修复,接口定义变更
declare class CommonMethod<T>,ArkTS,7.0.0(26) Beta1,ALL,"=HYPERLINK(""https://developer.huawei.com/consumer/cn/doc/harmonyos-releases/changelogs-for-all-apps-7001/#ch2026010615012"",""ArkUI接口新增仅支持Stage模型的约束"")",entry\src\main\ets\pages\ngf\NGFDemoSecurityPerfPage.ets:372,未修复,接口定义变更
declare class CommonMethod<T>,ArkTS,7.0.0(26) Beta1,ALL,"=HYPERLINK(""https://developer.huawei.com/consumer/cn/doc/harmonyos-releases/changelogs-for-all-apps-7001/#ch2026010615012"",""ArkUI接口新增仅支持Stage模型的约束"")",entry\src\main\ets\pages\ngf\NGFDemoSecurityPerfPage.ets:373,未修复,接口定义变更
declare class CommonMethod<T>,ArkTS,7.0.0(26) Beta1,ALL,"=HYPERLINK(""https://developer.huawei.com/consumer/cn/doc/harmonyos-releases/changelogs-for-all-apps-7001/#ch2026010615012"",""ArkUI接口新增仅支持Stage模型的约束"")",entry\src\main\ets\pages\ngf\NGFDemoSecurityPerfPage.ets:385,未修复,接口定义变更
declare class CommonMethod<T>,ArkTS,7.0.0(26) Beta1,ALL,"=HYPERLINK(""https://developer.huawei.com/consumer/cn/doc/harmonyos-releases/changelogs-for-all-apps-7001/#ch2026010615012"",""ArkUI接口新增仅支持Stage模型的约束"")",entry\src\main\ets\pages\ngf\NGFDemoSecurityPerfPage.ets:386,未修复,接口定义变更
declare class CommonMethod<T>,ArkTS,7.0.0(26) Beta1,ALL,"=HYPERLINK(""https://developer.huawei.com/consumer/cn/doc/harmonyos-releases/changelogs-for-all-apps-7001/#ch2026010615012"",""ArkUI接口新增仅支持Stage模型的约束"")",entry\src\main\ets\pages\ngf\NGFDemoSecurityPerfPage.ets:388,未修复,接口定义变更
declare class CommonMethod<T>,ArkTS,7.0.0(26) Beta1,ALL,"=HYPERLINK(""https://developer.huawei.com/consumer/cn/doc/harmonyos-releases/changelogs-for-all-apps-7001/#ch2026010615012"",""ArkUI接口新增仅支持Stage模型的约束"")",entry\src\main\ets\pages\ngf\NGFDemoSecurityPerfPage.ets:389,未修复,接口定义变更
declare class CommonMethod<T>,ArkTS,7.0.0(26) Beta1,ALL,"=HYPERLINK(""https://developer.huawei.com/consumer/cn/doc/harmonyos-releases/changelogs-for-all-apps-7001/#ch2026010615012"",""ArkUI接口新增仅支持Stage模型的约束"")",entry\src\main\ets\pages\ngf\NGFDemoSecurityPerfPage.ets:390,未修复,接口定义变更
declare class CommonMethod<T>,ArkTS,7.0.0(26) Beta1,ALL,"=HYPERLINK(""https://developer.huawei.com/consumer/cn/doc/harmonyos-releases/changelogs-for-all-apps-7001/#ch2026010615012"",""ArkUI接口新增仅支持Stage模型的约束"")",entry\src\main\ets\pages\ngf\NGFDemoSecurityPerfPage.ets:415,未修复,接口定义变更
declare class CommonMethod<T>,ArkTS,7.0.0(26) Beta1,ALL,"=HYPERLINK(""https://developer.huawei.com/consumer/cn/doc/harmonyos-releases/changelogs-for-all-apps-7001/#ch2026010615012"",""ArkUI接口新增仅支持Stage模型的约束"")",entry\src\main\ets\pages\ngf\NGFDemoSecurityPerfPage.ets:417,未修复,接口定义变更
declare class CommonMethod<T>,ArkTS,7.0.0(26) Beta1,ALL,"=HYPERLINK(""https://developer.huawei.com/consumer/cn/doc/harmonyos-releases/changelogs-for-all-apps-7001/#ch2026010615012"",""ArkUI接口新增仅支持Stage模型的约束"")",entry\src\main\ets\pages\ngf\NGFDemoSecurityPerfPage.ets:418,未修复,接口定义变更
declare class CommonMethod<T>,ArkTS,7.0.0(26) Beta1,ALL,"=HYPERLINK(""https://developer.huawei.com/consumer/cn/doc/harmonyos-releases/changelogs-for-all-apps-7001/#ch2026010615012"",""ArkUI接口新增仅支持Stage模型的约束"")",entry\src\main\ets\pages\ngf\NGFDemoSecurityPerfPage.ets:419,未修复,接口定义变更
declare class CommonMethod<T>,ArkTS,7.0.0(26) Beta1,ALL,"=HYPERLINK(""https://developer.huawei.com/consumer/cn/doc/harmonyos-releases/changelogs-for-all-apps-7001/#ch2026010615012"",""ArkUI接口新增仅支持Stage模型的约束"")",entry\src\main\ets\pages\ngf\NGFDemoSecurityPerfPage.ets:422,未修复,接口定义变更
declare class CommonMethod<T>,ArkTS,7.0.0(26) Beta1,ALL,"=HYPERLINK(""https://developer.huawei.com/consumer/cn/doc/harmonyos-releases/changelogs-for-all-apps-7001/#ch2026010615012"",""ArkUI接口新增仅支持Stage模型的约束"")",entry\src\main\ets\pages\ngf\NGFDemoSecurityPerfPage.ets:425,未修复,接口定义变更
declare class CommonMethod<T>,ArkTS,7.0.0(26) Beta1,ALL,"=HYPERLINK(""https://developer.huawei.com/consumer/cn/doc/harmonyos-releases/changelogs-for-all-apps-7001/#ch2026010615012"",""ArkUI接口新增仅支持Stage模型的约束"")",entry\src\main\ets\pages\ngf\NGFDemoSecurityPerfPage.ets:426,未修复,接口定义变更
declare class CommonMethod<T>,ArkTS,7.0.0(26) Beta1,ALL,"=HYPERLINK(""https://developer.huawei.com/consumer/cn/doc/harmonyos-releases/changelogs-for-all-apps-7001/#ch2026010615012"",""ArkUI接口新增仅支持Stage模型的约束"")",entry\src\main\ets\pages\ngf\NGFDemoSecurityPerfPage.ets:427,未修复,接口定义变更
declare class CommonMethod<T>,ArkTS,7.0.0(26) Beta1,ALL,"=HYPERLINK(""https://developer.huawei.com/consumer/cn/doc/harmonyos-releases/changelogs-for-all-apps-7001/#ch2026010615012"",""ArkUI接口新增仅支持Stage模型的约束"")",entry\src\main\ets\pages\ngf\NGFDemoSecurityPerfPage.ets:428,未修复,接口定义变更
declare class CommonMethod<T>,ArkTS,7.0.0(26) Beta1,ALL,"=HYPERLINK(""https://developer.huawei.com/consumer/cn/doc/harmonyos-releases/changelogs-for-all-apps-7001/#ch2026010615012"",""ArkUI接口新增仅支持Stage模型的约束"")",entry\src\main\ets\pages\ngf\NGFDemoSecurityPerfPage.ets:429,未修复,接口定义变更
declare class CommonMethod<T>,ArkTS,7.0.0(26) Beta1,ALL,"=HYPERLINK(""https://developer.huawei.com/consumer/cn/doc/harmonyos-releases/changelogs-for-all-apps-7001/#ch2026010615012"",""ArkUI接口新增仅支持Stage模型的约束"")",entry\src\main\ets\pages\ngf\NGFDemoSecurityPerfPage.ets:430,未修复,接口定义变更
declare class CommonMethod<T>,ArkTS,7.0.0(26) Beta1,ALL,"=HYPERLINK(""https://developer.huawei.com/consumer/cn/doc/harmonyos-releases/changelogs-for-all-apps-7001/#ch2026010615012"",""ArkUI接口新增仅支持Stage模型的约束"")",entry\src\main\ets\pages\ngf\NGFDemoSecurityPerfPage.ets:95,未修复,接口定义变更
declare class CommonMethod<T>,ArkTS,7.0.0(26) Beta1,ALL,"=HYPERLINK(""https://developer.huawei.com/consumer/cn/doc/harmonyos-releases/changelogs-for-all-apps-7001/#ch2026010615012"",""ArkUI接口新增仅支持Stage模型的约束"")",entry\src\main\ets\pages\ngf\NGFDemoSecurityPerfPage.ets:96,未修复,接口定义变更
declare class CommonMethod<T>,ArkTS,7.0.0(26) Beta1,ALL,"=HYPERLINK(""https://developer.huawei.com/consumer/cn/doc/harmonyos-releases/changelogs-for-all-apps-7001/#ch2026010615012"",""ArkUI接口新增仅支持Stage模型的约束"")",entry\src\main\ets\pages\ngf\NGFDemoSecurityPerfPage.ets:98,未修复,接口定义变更
declare class CommonMethod<T>,ArkTS,7.0.0(26) Beta1,ALL,"=HYPERLINK(""https://developer.huawei.com/consumer/cn/doc/harmonyos-releases/changelogs-for-all-apps-7001/#ch2026010615012"",""ArkUI接口新增仅支持Stage模型的约束"")",entry\src\main\ets\pages\ngf\NGFDemoSecurityPerfPage.ets:99,未修复,接口定义变更
declare class CommonMethod<T>,ArkTS,7.0.0(26) Beta1,ALL,"=HYPERLINK(""https://developer.huawei.com/consumer/cn/doc/harmonyos-releases/changelogs-for-all-apps-7001/#ch2026010615012"",""ArkUI接口新增仅支持Stage模型的约束"")",entry\src\main\ets\pages\ngf\NGFDemoSubWindowPage.ets:100,未修复,接口定义变更
declare class CommonMethod<T>,ArkTS,7.0.0(26) Beta1,ALL,"=HYPERLINK(""https://developer.huawei.com/consumer/cn/doc/harmonyos-releases/changelogs-for-all-apps-7001/#ch2026010615012"",""ArkUI接口新增仅支持Stage模型的约束"")",entry\src\main\ets\pages\ngf\NGFDemoSubWindowPage.ets:101,未修复,接口定义变更
declare class CommonMethod<T>,ArkTS,7.0.0(26) Beta1,ALL,"=HYPERLINK(""https://developer.huawei.com/consumer/cn/doc/harmonyos-releases/changelogs-for-all-apps-7001/#ch2026010615012"",""ArkUI接口新增仅支持Stage模型的约束"")",entry\src\main\ets\pages\ngf\NGFDemoSubWindowPage.ets:102,未修复,接口定义变更
declare class CommonMethod<T>,ArkTS,7.0.0(26) Beta1,ALL,"=HYPERLINK(""https://developer.huawei.com/consumer/cn/doc/harmonyos-releases/changelogs-for-all-apps-7001/#ch2026010615012"",""ArkUI接口新增仅支持Stage模型的约束"")",entry\src\main\ets\pages\ngf\NGFDemoSubWindowPage.ets:108,未修复,接口定义变更
declare class CommonMethod<T>,ArkTS,7.0.0(26) Beta1,ALL,"=HYPERLINK(""https://developer.huawei.com/consumer/cn/doc/harmonyos-releases/changelogs-for-all-apps-7001/#ch2026010615012"",""ArkUI接口新增仅支持Stage模型的约束"")",entry\src\main\ets\pages\ngf\NGFDemoSubWindowPage.ets:109,未修复,接口定义变更
declare class CommonMethod<T>,ArkTS,7.0.0(26) Beta1,ALL,"=HYPERLINK(""https://developer.huawei.com/consumer/cn/doc/harmonyos-releases/changelogs-for-all-apps-7001/#ch2026010615012"",""ArkUI接口新增仅支持Stage模型的约束"")",entry\src\main\ets\pages\ngf\NGFDemoSubWindowPage.ets:110,未修复,接口定义变更
declare class CommonMethod<T>,ArkTS,7.0.0(26) Beta1,ALL,"=HYPERLINK(""https://developer.huawei.com/consumer/cn/doc/harmonyos-releases/changelogs-for-all-apps-7001/#ch2026010615012"",""ArkUI接口新增仅支持Stage模型的约束"")",entry\src\main\ets\pages\ngf\NGFDemoSubWindowPage.ets:61,未修复,接口定义变更
declare class CommonMethod<T>,ArkTS,7.0.0(26) Beta1,ALL,"=HYPERLINK(""https://developer.huawei.com/consumer/cn/doc/harmonyos-releases/changelogs-for-all-apps-7001/#ch2026010615012"",""ArkUI接口新增仅支持Stage模型的约束"")",entry\src\main\ets\pages\ngf\NGFDemoSubWindowPage.ets:63,未修复,接口定义变更
declare class CommonMethod<T>,ArkTS,7.0.0(26) Beta1,ALL,"=HYPERLINK(""https://developer.huawei.com/consumer/cn/doc/harmonyos-releases/changelogs-for-all-apps-7001/#ch2026010615012"",""ArkUI接口新增仅支持Stage模型的约束"")",entry\src\main\ets\pages\ngf\NGFDemoSubWindowPage.ets:64,未修复,接口定义变更
declare class CommonMethod<T>,ArkTS,7.0.0(26) Beta1,ALL,"=HYPERLINK(""https://developer.huawei.com/consumer/cn/doc/harmonyos-releases/changelogs-for-all-apps-7001/#ch2026010615012"",""ArkUI接口新增仅支持Stage模型的约束"")",entry\src\main\ets\pages\ngf\NGFDemoSubWindowPage.ets:68,未修复,接口定义变更
declare class CommonMethod<T>,ArkTS,7.0.0(26) Beta1,ALL,"=HYPERLINK(""https://developer.huawei.com/consumer/cn/doc/harmonyos-releases/changelogs-for-all-apps-7001/#ch2026010615012"",""ArkUI接口新增仅支持Stage模型的约束"")",entry\src\main\ets\pages\ngf\NGFDemoSubWindowPage.ets:70,未修复,接口定义变更
declare class CommonMethod<T>,ArkTS,7.0.0(26) Beta1,ALL,"=HYPERLINK(""https://developer.huawei.com/consumer/cn/doc/harmonyos-releases/changelogs-for-all-apps-7001/#ch2026010615012"",""ArkUI接口新增仅支持Stage模型的约束"")",entry\src\main\ets\pages\ngf\NGFDemoSubWindowPage.ets:71,未修复,接口定义变更
declare class CommonMethod<T>,ArkTS,7.0.0(26) Beta1,ALL,"=HYPERLINK(""https://developer.huawei.com/consumer/cn/doc/harmonyos-releases/changelogs-for-all-apps-7001/#ch2026010615012"",""ArkUI接口新增仅支持Stage模型的约束"")",entry\src\main\ets\pages\ngf\NGFDemoSubWindowPage.ets:72,未修复,接口定义变更
declare class CommonMethod<T>,ArkTS,7.0.0(26) Beta1,ALL,"=HYPERLINK(""https://developer.huawei.com/consumer/cn/doc/harmonyos-releases/changelogs-for-all-apps-7001/#ch2026010615012"",""ArkUI接口新增仅支持Stage模型的约束"")",entry\src\main\ets\pages\ngf\NGFDemoSubWindowPage.ets:73,未修复,接口定义变更
declare class CommonMethod<T>,ArkTS,7.0.0(26) Beta1,ALL,"=HYPERLINK(""https://developer.huawei.com/consumer/cn/doc/harmonyos-releases/changelogs-for-all-apps-7001/#ch2026010615012"",""ArkUI接口新增仅支持Stage模型的约束"")",entry\src\main\ets\pages\ngf\NGFDemoSubWindowPage.ets:74,未修复,接口定义变更
declare class CommonMethod<T>,ArkTS,7.0.0(26) Beta1,ALL,"=HYPERLINK(""https://developer.huawei.com/consumer/cn/doc/harmonyos-releases/changelogs-for-all-apps-7001/#ch2026010615012"",""ArkUI接口新增仅支持Stage模型的约束"")",entry\src\main\ets\pages\ngf\NGFDemoSubWindowPage.ets:75,未修复,接口定义变更
declare class CommonMethod<T>,ArkTS,7.0.0(26) Beta1,ALL,"=HYPERLINK(""https://developer.huawei.com/consumer/cn/doc/harmonyos-releases/changelogs-for-all-apps-7001/#ch2026010615012"",""ArkUI接口新增仅支持Stage模型的约束"")",entry\src\main\ets\pages\ngf\NGFDemoSubWindowPage.ets:86,未修复,接口定义变更
declare class CommonMethod<T>,ArkTS,7.0.0(26) Beta1,ALL,"=HYPERLINK(""https://developer.huawei.com/consumer/cn/doc/harmonyos-releases/changelogs-for-all-apps-7001/#ch2026010615012"",""ArkUI接口新增仅支持Stage模型的约束"")",entry\src\main\ets\pages\ngf\NGFDemoSubWindowPage.ets:88,未修复,接口定义变更
declare class CommonMethod<T>,ArkTS,7.0.0(26) Beta1,ALL,"=HYPERLINK(""https://developer.huawei.com/consumer/cn/doc/harmonyos-releases/changelogs-for-all-apps-7001/#ch2026010615012"",""ArkUI接口新增仅支持Stage模型的约束"")",entry\src\main\ets\pages\ngf\NGFDemoSubWindowPage.ets:89,未修复,接口定义变更
declare class CommonMethod<T>,ArkTS,7.0.0(26) Beta1,ALL,"=HYPERLINK(""https://developer.huawei.com/consumer/cn/doc/harmonyos-releases/changelogs-for-all-apps-7001/#ch2026010615012"",""ArkUI接口新增仅支持Stage模型的约束"")",entry\src\main\ets\pages\ngf\NGFDemoSubWindowPage.ets:97,未修复,接口定义变更
declare class CommonMethod<T>,ArkTS,7.0.0(26) Beta1,ALL,"=HYPERLINK(""https://developer.huawei.com/consumer/cn/doc/harmonyos-releases/changelogs-for-all-apps-7001/#ch2026010615012"",""ArkUI接口新增仅支持Stage模型的约束"")",entry\src\main\ets\pages\ngf\NGFDemoSubWindowPage.ets:98,未修复,接口定义变更
declare class CommonMethod<T>,ArkTS,7.0.0(26) Beta1,ALL,"=HYPERLINK(""https://developer.huawei.com/consumer/cn/doc/harmonyos-releases/changelogs-for-all-apps-7001/#ch2026010615012"",""ArkUI接口新增仅支持Stage模型的约束"")",entry\src\main\ets\pages\ngf\NGFDemoSubWindowPage.ets:99,未修复,接口定义变更
declare class CommonMethod<T>,ArkTS,7.0.0(26) Beta1,ALL,"=HYPERLINK(""https://developer.huawei.com/consumer/cn/doc/harmonyos-releases/changelogs-for-all-apps-7001/#ch2026010615012"",""ArkUI接口新增仅支持Stage模型的约束"")",entry\src\main\ets\pages\ngf\NGFDemoSyncManagerPage.ets:205,未修复,接口定义变更
declare class CommonMethod<T>,ArkTS,7.0.0(26) Beta1,ALL,"=HYPERLINK(""https://developer.huawei.com/consumer/cn/doc/harmonyos-releases/changelogs-for-all-apps-7001/#ch2026010615012"",""ArkUI接口新增仅支持Stage模型的约束"")",entry\src\main\ets\pages\ngf\NGFDemoSyncManagerPage.ets:206,未修复,接口定义变更
declare class CommonMethod<T>,ArkTS,7.0.0(26) Beta1,ALL,"=HYPERLINK(""https://developer.huawei.com/consumer/cn/doc/harmonyos-releases/changelogs-for-all-apps-7001/#ch2026010615012"",""ArkUI接口新增仅支持Stage模型的约束"")",entry\src\main\ets\pages\ngf\NGFDemoSyncManagerPage.ets:208,未修复,接口定义变更
declare class CommonMethod<T>,ArkTS,7.0.0(26) Beta1,ALL,"=HYPERLINK(""https://developer.huawei.com/consumer/cn/doc/harmonyos-releases/changelogs-for-all-apps-7001/#ch2026010615012"",""ArkUI接口新增仅支持Stage模型的约束"")",entry\src\main\ets\pages\ngf\NGFDemoSyncManagerPage.ets:209,未修复,接口定义变更
declare class CommonMethod<T>,ArkTS,7.0.0(26) Beta1,ALL,"=HYPERLINK(""https://developer.huawei.com/consumer/cn/doc/harmonyos-releases/changelogs-for-all-apps-7001/#ch2026010615012"",""ArkUI接口新增仅支持Stage模型的约束"")",entry\src\main\ets\pages\ngf\NGFDemoSyncManagerPage.ets:212,未修复,接口定义变更
declare class CommonMethod<T>,ArkTS,7.0.0(26) Beta1,ALL,"=HYPERLINK(""https://developer.huawei.com/consumer/cn/doc/harmonyos-releases/changelogs-for-all-apps-7001/#ch2026010615012"",""ArkUI接口新增仅支持Stage模型的约束"")",entry\src\main\ets\pages\ngf\NGFDemoSyncManagerPage.ets:213,未修复,接口定义变更
declare class CommonMethod<T>,ArkTS,7.0.0(26) Beta1,ALL,"=HYPERLINK(""https://developer.huawei.com/consumer/cn/doc/harmonyos-releases/changelogs-for-all-apps-7001/#ch2026010615012"",""ArkUI接口新增仅支持Stage模型的约束"")",entry\src\main\ets\pages\ngf\NGFDemoSyncManagerPage.ets:215,未修复,接口定义变更
declare class CommonMethod<T>,ArkTS,7.0.0(26) Beta1,ALL,"=HYPERLINK(""https://developer.huawei.com/consumer/cn/doc/harmonyos-releases/changelogs-for-all-apps-7001/#ch2026010615012"",""ArkUI接口新增仅支持Stage模型的约束"")",entry\src\main\ets\pages\ngf\NGFDemoSyncManagerPage.ets:216,未修复,接口定义变更
declare class CommonMethod<T>,ArkTS,7.0.0(26) Beta1,ALL,"=HYPERLINK(""https://developer.huawei.com/consumer/cn/doc/harmonyos-releases/changelogs-for-all-apps-7001/#ch2026010615012"",""ArkUI接口新增仅支持Stage模型的约束"")",entry\src\main\ets\pages\ngf\NGFDemoSyncManagerPage.ets:249,未修复,接口定义变更
declare class CommonMethod<T>,ArkTS,7.0.0(26) Beta1,ALL,"=HYPERLINK(""https://developer.huawei.com/consumer/cn/doc/harmonyos-releases/changelogs-for-all-apps-7001/#ch2026010615012"",""ArkUI接口新增仅支持Stage模型的约束"")",entry\src\main\ets\pages\ngf\NGFDemoSyncManagerPage.ets:250,未修复,接口定义变更
declare class CommonMethod<T>,ArkTS,7.0.0(26) Beta1,ALL,"=HYPERLINK(""https://developer.huawei.com/consumer/cn/doc/harmonyos-releases/changelogs-for-all-apps-7001/#ch2026010615012"",""ArkUI接口新增仅支持Stage模型的约束"")",entry\src\main\ets\pages\ngf\NGFDemoSyncManagerPage.ets:251,未修复,接口定义变更
declare class CommonMethod<T>,ArkTS,7.0.0(26) Beta1,ALL,"=HYPERLINK(""https://developer.huawei.com/consumer/cn/doc/harmonyos-releases/changelogs-for-all-apps-7001/#ch2026010615012"",""ArkUI接口新增仅支持Stage模型的约束"")",entry\src\main\ets\pages\ngf\NGFDemoSyncManagerPage.ets:255,未修复,接口定义变更
declare class CommonMethod<T>,ArkTS,7.0.0(26) Beta1,ALL,"=HYPERLINK(""https://developer.huawei.com/consumer/cn/doc/harmonyos-releases/changelogs-for-all-apps-7001/#ch2026010615012"",""ArkUI接口新增仅支持Stage模型的约束"")",entry\src\main\ets\pages\ngf\NGFDemoSyncManagerPage.ets:256,未修复,接口定义变更
declare class CommonMethod<T>,ArkTS,7.0.0(26) Beta1,ALL,"=HYPERLINK(""https://developer.huawei.com/consumer/cn/doc/harmonyos-releases/changelogs-for-all-apps-7001/#ch2026010615012"",""ArkUI接口新增仅支持Stage模型的约束"")",entry\src\main\ets\pages\ngf\NGFDemoSyncManagerPage.ets:273,未修复,接口定义变更
declare class CommonMethod<T>,ArkTS,7.0.0(26) Beta1,ALL,"=HYPERLINK(""https://developer.huawei.com/consumer/cn/doc/harmonyos-releases/changelogs-for-all-apps-7001/#ch2026010615012"",""ArkUI接口新增仅支持Stage模型的约束"")",entry\src\main\ets\pages\ngf\NGFDemoSyncManagerPage.ets:276,未修复,接口定义变更
declare class CommonMethod<T>,ArkTS,7.0.0(26) Beta1,ALL,"=HYPERLINK(""https://developer.huawei.com/consumer/cn/doc/harmonyos-releases/changelogs-for-all-apps-7001/#ch2026010615012"",""ArkUI接口新增仅支持Stage模型的约束"")",entry\src\main\ets\pages\ngf\NGFDemoSyncManagerPage.ets:278,未修复,接口定义变更
declare class CommonMethod<T>,ArkTS,7.0.0(26) Beta1,ALL,"=HYPERLINK(""https://developer.huawei.com/consumer/cn/doc/harmonyos-releases/changelogs-for-all-apps-7001/#ch2026010615012"",""ArkUI接口新增仅支持Stage模型的约束"")",entry\src\main\ets\pages\ngf\NGFDemoSyncManagerPage.ets:279,未修复,接口定义变更
declare class CommonMethod<T>,ArkTS,7.0.0(26) Beta1,ALL,"=HYPERLINK(""https://developer.huawei.com/consumer/cn/doc/harmonyos-releases/changelogs-for-all-apps-7001/#ch2026010615012"",""ArkUI接口新增仅支持Stage模型的约束"")",entry\src\main\ets\pages\ngf\NGFDemoSyncManagerPage.ets:280,未修复,接口定义变更
declare class CommonMethod<T>,ArkTS,7.0.0(26) Beta1,ALL,"=HYPERLINK(""https://developer.huawei.com/consumer/cn/doc/harmonyos-releases/changelogs-for-all-apps-7001/#ch2026010615012"",""ArkUI接口新增仅支持Stage模型的约束"")",entry\src\main\ets\pages\ngf\NGFDemoSyncManagerPage.ets:284,未修复,接口定义变更
declare class CommonMethod<T>,ArkTS,7.0.0(26) Beta1,ALL,"=HYPERLINK(""https://developer.huawei.com/consumer/cn/doc/harmonyos-releases/changelogs-for-all-apps-7001/#ch2026010615012"",""ArkUI接口新增仅支持Stage模型的约束"")",entry\src\main\ets\pages\ngf\NGFDemoSyncManagerPage.ets:294,未修复,接口定义变更
declare class CommonMethod<T>,ArkTS,7.0.0(26) Beta1,ALL,"=HYPERLINK(""https://developer.huawei.com/consumer/cn/doc/harmonyos-releases/changelogs-for-all-apps-7001/#ch2026010615012"",""ArkUI接口新增仅支持Stage模型的约束"")",entry\src\main\ets\pages\ngf\NGFDemoSyncManagerPage.ets:296,未修复,接口定义变更
declare class CommonMethod<T>,ArkTS,7.0.0(26) Beta1,ALL,"=HYPERLINK(""https://developer.huawei.com/consumer/cn/doc/harmonyos-releases/changelogs-for-all-apps-7001/#ch2026010615012"",""ArkUI接口新增仅支持Stage模型的约束"")",entry\src\main\ets\pages\ngf\NGFDemoSyncManagerPage.ets:299,未修复,接口定义变更
declare class CommonMethod<T>,ArkTS,7.0.0(26) Beta1,ALL,"=HYPERLINK(""https://developer.huawei.com/consumer/cn/doc/harmonyos-releases/changelogs-for-all-apps-7001/#ch2026010615012"",""ArkUI接口新增仅支持Stage模型的约束"")",entry\src\main\ets\pages\ngf\NGFDemoSyncManagerPage.ets:300,未修复,接口定义变更
declare class CommonMethod<T>,ArkTS,7.0.0(26) Beta1,ALL,"=HYPERLINK(""https://developer.huawei.com/consumer/cn/doc/harmonyos-releases/changelogs-for-all-apps-7001/#ch2026010615012"",""ArkUI接口新增仅支持Stage模型的约束"")",entry\src\main\ets\pages\ngf\NGFDemoSyncManagerPage.ets:301,未修复,接口定义变更
declare class CommonMethod<T>,ArkTS,7.0.0(26) Beta1,ALL,"=HYPERLINK(""https://developer.huawei.com/consumer/cn/doc/harmonyos-releases/changelogs-for-all-apps-7001/#ch2026010615012"",""ArkUI接口新增仅支持Stage模型的约束"")",entry\src\main\ets\pages\ngf\NGFDemoSyncManagerPage.ets:302,未修复,接口定义变更
declare class CommonMethod<T>,ArkTS,7.0.0(26) Beta1,ALL,"=HYPERLINK(""https://developer.huawei.com/consumer/cn/doc/harmonyos-releases/changelogs-for-all-apps-7001/#ch2026010615012"",""ArkUI接口新增仅支持Stage模型的约束"")",entry\src\main\ets\pages\ngf\NGFDemoSyncManagerPage.ets:303,未修复,接口定义变更
declare class CommonMethod<T>,ArkTS,7.0.0(26) Beta1,ALL,"=HYPERLINK(""https://developer.huawei.com/consumer/cn/doc/harmonyos-releases/changelogs-for-all-apps-7001/#ch2026010615012"",""ArkUI接口新增仅支持Stage模型的约束"")",entry\src\main\ets\pages\ngf\NGFDemoSyncManagerPage.ets:304,未修复,接口定义变更
declare class CommonMethod<T>,ArkTS,7.0.0(26) Beta1,ALL,"=HYPERLINK(""https://developer.huawei.com/consumer/cn/doc/harmonyos-releases/changelogs-for-all-apps-7001/#ch2026010615012"",""ArkUI接口新增仅支持Stage模型的约束"")",entry\src\main\ets\pages\ngf\NGFDemoSyncManagerPage.ets:315,未修复,接口定义变更
declare class CommonMethod<T>,ArkTS,7.0.0(26) Beta1,ALL,"=HYPERLINK(""https://developer.huawei.com/consumer/cn/doc/harmonyos-releases/changelogs-for-all-apps-7001/#ch2026010615012"",""ArkUI接口新增仅支持Stage模型的约束"")",entry\src\main\ets\pages\ngf\NGFDemoSyncManagerPage.ets:321,未修复,接口定义变更
declare class CommonMethod<T>,ArkTS,7.0.0(26) Beta1,ALL,"=HYPERLINK(""https://developer.huawei.com/consumer/cn/doc/harmonyos-releases/changelogs-for-all-apps-7001/#ch2026010615012"",""ArkUI接口新增仅支持Stage模型的约束"")",entry\src\main\ets\pages\ngf\NGFDemoSyncManagerPage.ets:337,未修复,接口定义变更
declare class CommonMethod<T>,ArkTS,7.0.0(26) Beta1,ALL,"=HYPERLINK(""https://developer.huawei.com/consumer/cn/doc/harmonyos-releases/changelogs-for-all-apps-7001/#ch2026010615012"",""ArkUI接口新增仅支持Stage模型的约束"")",entry\src\main\ets\pages\ngf\NGFDemoSyncManagerPage.ets:340,未修复,接口定义变更
declare class CommonMethod<T>,ArkTS,7.0.0(26) Beta1,ALL,"=HYPERLINK(""https://developer.huawei.com/consumer/cn/doc/harmonyos-releases/changelogs-for-all-apps-7001/#ch2026010615012"",""ArkUI接口新增仅支持Stage模型的约束"")",entry\src\main\ets\pages\ngf\NGFDemoSyncManagerPage.ets:341,未修复,接口定义变更
declare class CommonMethod<T>,ArkTS,7.0.0(26) Beta1,ALL,"=HYPERLINK(""https://developer.huawei.com/consumer/cn/doc/harmonyos-releases/changelogs-for-all-apps-7001/#ch2026010615012"",""ArkUI接口新增仅支持Stage模型的约束"")",entry\src\main\ets\pages\ngf\NGFDemoSyncManagerPage.ets:342,未修复,接口定义变更
declare class CommonMethod<T>,ArkTS,7.0.0(26) Beta1,ALL,"=HYPERLINK(""https://developer.huawei.com/consumer/cn/doc/harmonyos-releases/changelogs-for-all-apps-7001/#ch2026010615012"",""ArkUI接口新增仅支持Stage模型的约束"")",entry\src\main\ets\pages\ngf\NGFDemoSyncManagerPage.ets:343,未修复,接口定义变更
declare class CommonMethod<T>,ArkTS,7.0.0(26) Beta1,ALL,"=HYPERLINK(""https://developer.huawei.com/consumer/cn/doc/harmonyos-releases/changelogs-for-all-apps-7001/#ch2026010615012"",""ArkUI接口新增仅支持Stage模型的约束"")",entry\src\main\ets\pages\ngf\NGFDemoSyncManagerPage.ets:344,未修复,接口定义变更
declare class CommonMethod<T>,ArkTS,7.0.0(26) Beta1,ALL,"=HYPERLINK(""https://developer.huawei.com/consumer/cn/doc/harmonyos-releases/changelogs-for-all-apps-7001/#ch2026010615012"",""ArkUI接口新增仅支持Stage模型的约束"")",entry\src\main\ets\pages\ngf\NGFDemoSyncManagerPage.ets:357,未修复,接口定义变更
declare class CommonMethod<T>,ArkTS,7.0.0(26) Beta1,ALL,"=HYPERLINK(""https://developer.huawei.com/consumer/cn/doc/harmonyos-releases/changelogs-for-all-apps-7001/#ch2026010615012"",""ArkUI接口新增仅支持Stage模型的约束"")",entry\src\main\ets\pages\ngf\NGFDemoSyncManagerPage.ets:360,未修复,接口定义变更
declare class CommonMethod<T>,ArkTS,7.0.0(26) Beta1,ALL,"=HYPERLINK(""https://developer.huawei.com/consumer/cn/doc/harmonyos-releases/changelogs-for-all-apps-7001/#ch2026010615012"",""ArkUI接口新增仅支持Stage模型的约束"")",entry\src\main\ets\pages\ngf\NGFDemoSyncManagerPage.ets:361,未修复,接口定义变更
declare class CommonMethod<T>,ArkTS,7.0.0(26) Beta1,ALL,"=HYPERLINK(""https://developer.huawei.com/consumer/cn/doc/harmonyos-releases/changelogs-for-all-apps-7001/#ch2026010615012"",""ArkUI接口新增仅支持Stage模型的约束"")",entry\src\main\ets\pages\ngf\NGFDemoSyncManagerPage.ets:362,未修复,接口定义变更
declare class CommonMethod<T>,ArkTS,7.0.0(26) Beta1,ALL,"=HYPERLINK(""https://developer.huawei.com/consumer/cn/doc/harmonyos-releases/changelogs-for-all-apps-7001/#ch2026010615012"",""ArkUI接口新增仅支持Stage模型的约束"")",entry\src\main\ets\pages\ngf\NGFDemoSyncManagerPage.ets:363,未修复,接口定义变更
declare class CommonMethod<T>,ArkTS,7.0.0(26) Beta1,ALL,"=HYPERLINK(""https://developer.huawei.com/consumer/cn/doc/harmonyos-releases/changelogs-for-all-apps-7001/#ch2026010615012"",""ArkUI接口新增仅支持Stage模型的约束"")",entry\src\main\ets\pages\ngf\NGFDemoSyncManagerPage.ets:364,未修复,接口定义变更
declare class CommonMethod<T>,ArkTS,7.0.0(26) Beta1,ALL,"=HYPERLINK(""https://developer.huawei.com/consumer/cn/doc/harmonyos-releases/changelogs-for-all-apps-7001/#ch2026010615012"",""ArkUI接口新增仅支持Stage模型的约束"")",entry\src\main\ets\pages\ngf\NGFDemoSyncManagerPage.ets:377,未修复,接口定义变更
declare class CommonMethod<T>,ArkTS,7.0.0(26) Beta1,ALL,"=HYPERLINK(""https://developer.huawei.com/consumer/cn/doc/harmonyos-releases/changelogs-for-all-apps-7001/#ch2026010615012"",""ArkUI接口新增仅支持Stage模型的约束"")",entry\src\main\ets\pages\ngf\NGFDemoSyncManagerPage.ets:380,未修复,接口定义变更
declare class CommonMethod<T>,ArkTS,7.0.0(26) Beta1,ALL,"=HYPERLINK(""https://developer.huawei.com/consumer/cn/doc/harmonyos-releases/changelogs-for-all-apps-7001/#ch2026010615012"",""ArkUI接口新增仅支持Stage模型的约束"")",entry\src\main\ets\pages\ngf\NGFDemoSyncManagerPage.ets:381,未修复,接口定义变更
declare class CommonMethod<T>,ArkTS,7.0.0(26) Beta1,ALL,"=HYPERLINK(""https://developer.huawei.com/consumer/cn/doc/harmonyos-releases/changelogs-for-all-apps-7001/#ch2026010615012"",""ArkUI接口新增仅支持Stage模型的约束"")",entry\src\main\ets\pages\ngf\NGFDemoSyncManagerPage.ets:382,未修复,接口定义变更
declare class CommonMethod<T>,ArkTS,7.0.0(26) Beta1,ALL,"=HYPERLINK(""https://developer.huawei.com/consumer/cn/doc/harmonyos-releases/changelogs-for-all-apps-7001/#ch2026010615012"",""ArkUI接口新增仅支持Stage模型的约束"")",entry\src\main\ets\pages\ngf\NGFDemoSyncManagerPage.ets:383,未修复,接口定义变更
declare class CommonMethod<T>,ArkTS,7.0.0(26) Beta1,ALL,"=HYPERLINK(""https://developer.huawei.com/consumer/cn/doc/harmonyos-releases/changelogs-for-all-apps-7001/#ch2026010615012"",""ArkUI接口新增仅支持Stage模型的约束"")",entry\src\main\ets\pages\ngf\NGFDemoSyncManagerPage.ets:384,未修复,接口定义变更
declare class CommonMethod<T>,ArkTS,7.0.0(26) Beta1,ALL,"=HYPERLINK(""https://developer.huawei.com/consumer/cn/doc/harmonyos-releases/changelogs-for-all-apps-7001/#ch2026010615012"",""ArkUI接口新增仅支持Stage模型的约束"")",entry\src\main\ets\pages\ngf\NGFDemoSyncManagerPage.ets:388,未修复,接口定义变更
declare class CommonMethod<T>,ArkTS,7.0.0(26) Beta1,ALL,"=HYPERLINK(""https://developer.huawei.com/consumer/cn/doc/harmonyos-releases/changelogs-for-all-apps-7001/#ch2026010615012"",""ArkUI接口新增仅支持Stage模型的约束"")",entry\src\main\ets\pages\ngf\NGFDemoSyncManagerPage.ets:392,未修复,接口定义变更
declare class CommonMethod<T>,ArkTS,7.0.0(26) Beta1,ALL,"=HYPERLINK(""https://developer.huawei.com/consumer/cn/doc/harmonyos-releases/changelogs-for-all-apps-7001/#ch2026010615012"",""ArkUI接口新增仅支持Stage模型的约束"")",entry\src\main\ets\pages\ngf\NGFDemoSyncManagerPage.ets:393,未修复,接口定义变更
declare class CommonMethod<T>,ArkTS,7.0.0(26) Beta1,ALL,"=HYPERLINK(""https://developer.huawei.com/consumer/cn/doc/harmonyos-releases/changelogs-for-all-apps-7001/#ch2026010615012"",""ArkUI接口新增仅支持Stage模型的约束"")",entry\src\main\ets\pages\ngf\NGFDemoSyncManagerPage.ets:395,未修复,接口定义变更
declare class CommonMethod<T>,ArkTS,7.0.0(26) Beta1,ALL,"=HYPERLINK(""https://developer.huawei.com/consumer/cn/doc/harmonyos-releases/changelogs-for-all-apps-7001/#ch2026010615012"",""ArkUI接口新增仅支持Stage模型的约束"")",entry\src\main\ets\pages\ngf\NGFDemoSyncManagerPage.ets:396,未修复,接口定义变更
declare class CommonMethod<T>,ArkTS,7.0.0(26) Beta1,ALL,"=HYPERLINK(""https://developer.huawei.com/consumer/cn/doc/harmonyos-releases/changelogs-for-all-apps-7001/#ch2026010615012"",""ArkUI接口新增仅支持Stage模型的约束"")",entry\src\main\ets\pages\ngf\NGFDemoSyncManagerPage.ets:397,未修复,接口定义变更
declare class CommonMethod<T>,ArkTS,7.0.0(26) Beta1,ALL,"=HYPERLINK(""https://developer.huawei.com/consumer/cn/doc/harmonyos-releases/changelogs-for-all-apps-7001/#ch2026010615012"",""ArkUI接口新增仅支持Stage模型的约束"")",entry\src\main\ets\pages\ngf\NGFDemoSyncManagerPage.ets:402,未修复,接口定义变更
declare class CommonMethod<T>,ArkTS,7.0.0(26) Beta1,ALL,"=HYPERLINK(""https://developer.huawei.com/consumer/cn/doc/harmonyos-releases/changelogs-for-all-apps-7001/#ch2026010615012"",""ArkUI接口新增仅支持Stage模型的约束"")",entry\src\main\ets\pages\ngf\NGFDemoSyncManagerPage.ets:403,未修复,接口定义变更
declare class CommonMethod<T>,ArkTS,7.0.0(26) Beta1,ALL,"=HYPERLINK(""https://developer.huawei.com/consumer/cn/doc/harmonyos-releases/changelogs-for-all-apps-7001/#ch2026010615012"",""ArkUI接口新增仅支持Stage模型的约束"")",entry\src\main\ets\pages\ngf\NGFDemoSyncManagerPage.ets:405,未修复,接口定义变更
declare class CommonMethod<T>,ArkTS,7.0.0(26) Beta1,ALL,"=HYPERLINK(""https://developer.huawei.com/consumer/cn/doc/harmonyos-releases/changelogs-for-all-apps-7001/#ch2026010615012"",""ArkUI接口新增仅支持Stage模型的约束"")",entry\src\main\ets\pages\ngf\NGFDemoSyncManagerPage.ets:406,未修复,接口定义变更
declare class CommonMethod<T>,ArkTS,7.0.0(26) Beta1,ALL,"=HYPERLINK(""https://developer.huawei.com/consumer/cn/doc/harmonyos-releases/changelogs-for-all-apps-7001/#ch2026010615012"",""ArkUI接口新增仅支持Stage模型的约束"")",entry\src\main\ets\pages\ngf\NGFDemoSyncManagerPage.ets:408,未修复,接口定义变更
declare class CommonMethod<T>,ArkTS,7.0.0(26) Beta1,ALL,"=HYPERLINK(""https://developer.huawei.com/consumer/cn/doc/harmonyos-releases/changelogs-for-all-apps-7001/#ch2026010615012"",""ArkUI接口新增仅支持Stage模型的约束"")",entry\src\main\ets\pages\ngf\NGFDemoSyncManagerPage.ets:412,未修复,接口定义变更
declare class CommonMethod<T>,ArkTS,7.0.0(26) Beta1,ALL,"=HYPERLINK(""https://developer.huawei.com/consumer/cn/doc/harmonyos-releases/changelogs-for-all-apps-7001/#ch2026010615012"",""ArkUI接口新增仅支持Stage模型的约束"")",entry\src\main\ets\pages\ngf\NGFDemoSyncManagerPage.ets:422,未修复,接口定义变更
declare class CommonMethod<T>,ArkTS,7.0.0(26) Beta1,ALL,"=HYPERLINK(""https://developer.huawei.com/consumer/cn/doc/harmonyos-releases/changelogs-for-all-apps-7001/#ch2026010615012"",""ArkUI接口新增仅支持Stage模型的约束"")",entry\src\main\ets\pages\ngf\NGFDemoSyncManagerPage.ets:423,未修复,接口定义变更
declare class CommonMethod<T>,ArkTS,7.0.0(26) Beta1,ALL,"=HYPERLINK(""https://developer.huawei.com/consumer/cn/doc/harmonyos-releases/changelogs-for-all-apps-7001/#ch2026010615012"",""ArkUI接口新增仅支持Stage模型的约束"")",entry\src\main\ets\pages\ngf\NGFDemoSyncManagerPage.ets:424,未修复,接口定义变更
declare class CommonMethod<T>,ArkTS,7.0.0(26) Beta1,ALL,"=HYPERLINK(""https://developer.huawei.com/consumer/cn/doc/harmonyos-releases/changelogs-for-all-apps-7001/#ch2026010615012"",""ArkUI接口新增仅支持Stage模型的约束"")",entry\src\main\ets\pages\ngf\NGFDemoSyncManagerPage.ets:430,未修复,接口定义变更
declare class CommonMethod<T>,ArkTS,7.0.0(26) Beta1,ALL,"=HYPERLINK(""https://developer.huawei.com/consumer/cn/doc/harmonyos-releases/changelogs-for-all-apps-7001/#ch2026010615012"",""ArkUI接口新增仅支持Stage模型的约束"")",entry\src\main\ets\pages\ngf\NGFDemoSyncManagerPage.ets:432,未修复,接口定义变更
declare class CommonMethod<T>,ArkTS,7.0.0(26) Beta1,ALL,"=HYPERLINK(""https://developer.huawei.com/consumer/cn/doc/harmonyos-releases/changelogs-for-all-apps-7001/#ch2026010615012"",""ArkUI接口新增仅支持Stage模型的约束"")",entry\src\main\ets\pages\ngf\NGFDemoSyncManagerPage.ets:433,未修复,接口定义变更
declare class CommonMethod<T>,ArkTS,7.0.0(26) Beta1,ALL,"=HYPERLINK(""https://developer.huawei.com/consumer/cn/doc/harmonyos-releases/changelogs-for-all-apps-7001/#ch2026010615012"",""ArkUI接口新增仅支持Stage模型的约束"")",entry\src\main\ets\pages\ngf\NGFDemoSyncManagerPage.ets:434,未修复,接口定义变更
declare class CommonMethod<T>,ArkTS,7.0.0(26) Beta1,ALL,"=HYPERLINK(""https://developer.huawei.com/consumer/cn/doc/harmonyos-releases/changelogs-for-all-apps-7001/#ch2026010615012"",""ArkUI接口新增仅支持Stage模型的约束"")",entry\src\main\ets\pages\ngf\NGFDemoSyncManagerPage.ets:435,未修复,接口定义变更
declare class CommonMethod<T>,ArkTS,7.0.0(26) Beta1,ALL,"=HYPERLINK(""https://developer.huawei.com/consumer/cn/doc/harmonyos-releases/changelogs-for-all-apps-7001/#ch2026010615012"",""ArkUI接口新增仅支持Stage模型的约束"")",entry\src\main\ets\pages\ngf\NGFDemoSyncManagerPage.ets:438,未修复,接口定义变更
declare class CommonMethod<T>,ArkTS,7.0.0(26) Beta1,ALL,"=HYPERLINK(""https://developer.huawei.com/consumer/cn/doc/harmonyos-releases/changelogs-for-all-apps-7001/#ch2026010615012"",""ArkUI接口新增仅支持Stage模型的约束"")",entry\src\main\ets\pages\ngf\NGFDemoSyncManagerPage.ets:441,未修复,接口定义变更
declare class CommonMethod<T>,ArkTS,7.0.0(26) Beta1,ALL,"=HYPERLINK(""https://developer.huawei.com/consumer/cn/doc/harmonyos-releases/changelogs-for-all-apps-7001/#ch2026010615012"",""ArkUI接口新增仅支持Stage模型的约束"")",entry\src\main\ets\pages\ngf\NGFDemoSyncManagerPage.ets:442,未修复,接口定义变更
declare class CommonMethod<T>,ArkTS,7.0.0(26) Beta1,ALL,"=HYPERLINK(""https://developer.huawei.com/consumer/cn/doc/harmonyos-releases/changelogs-for-all-apps-7001/#ch2026010615012"",""ArkUI接口新增仅支持Stage模型的约束"")",entry\src\main\ets\pages\ngf\NGFDemoSyncManagerPage.ets:443,未修复,接口定义变更
declare class CommonMethod<T>,ArkTS,7.0.0(26) Beta1,ALL,"=HYPERLINK(""https://developer.huawei.com/consumer/cn/doc/harmonyos-releases/changelogs-for-all-apps-7001/#ch2026010615012"",""ArkUI接口新增仅支持Stage模型的约束"")",entry\src\main\ets\pages\ngf\NGFDemoSyncManagerPage.ets:444,未修复,接口定义变更
declare class CommonMethod<T>,ArkTS,7.0.0(26) Beta1,ALL,"=HYPERLINK(""https://developer.huawei.com/consumer/cn/doc/harmonyos-releases/changelogs-for-all-apps-7001/#ch2026010615012"",""ArkUI接口新增仅支持Stage模型的约束"")",entry\src\main\ets\pages\ngf\NGFDemoSyncManagerPage.ets:445,未修复,接口定义变更
declare class CommonMethod<T>,ArkTS,7.0.0(26) Beta1,ALL,"=HYPERLINK(""https://developer.huawei.com/consumer/cn/doc/harmonyos-releases/changelogs-for-all-apps-7001/#ch2026010615012"",""ArkUI接口新增仅支持Stage模型的约束"")",entry\src\main\ets\pages\ngf\NGFDemoSyncManagerPage.ets:446,未修复,接口定义变更
declare class CommonMethod<T>,ArkTS,7.0.0(26) Beta1,ALL,"=HYPERLINK(""https://developer.huawei.com/consumer/cn/doc/harmonyos-releases/changelogs-for-all-apps-7001/#ch2026010615012"",""ArkUI接口新增仅支持Stage模型的约束"")",entry\src\main\ets\pages\ngf\NGFDemoSyncManagerPage.ets:462,未修复,接口定义变更
declare class CommonMethod<T>,ArkTS,7.0.0(26) Beta1,ALL,"=HYPERLINK(""https://developer.huawei.com/consumer/cn/doc/harmonyos-releases/changelogs-for-all-apps-7001/#ch2026010615012"",""ArkUI接口新增仅支持Stage模型的约束"")",entry\src\main\ets\pages\ngf\NGFDemoSyncManagerPage.ets:464,未修复,接口定义变更
declare class CommonMethod<T>,ArkTS,7.0.0(26) Beta1,ALL,"=HYPERLINK(""https://developer.huawei.com/consumer/cn/doc/harmonyos-releases/changelogs-for-all-apps-7001/#ch2026010615012"",""ArkUI接口新增仅支持Stage模型的约束"")",entry\src\main\ets\pages\ngf\NGFDemoSyncManagerPage.ets:465,未修复,接口定义变更
declare class CommonMethod<T>,ArkTS,7.0.0(26) Beta1,ALL,"=HYPERLINK(""https://developer.huawei.com/consumer/cn/doc/harmonyos-releases/changelogs-for-all-apps-7001/#ch2026010615012"",""ArkUI接口新增仅支持Stage模型的约束"")",entry\src\main\ets\pages\ngf\NGFDemoSyncManagerPage.ets:466,未修复,接口定义变更
declare class CommonMethod<T>,ArkTS,7.0.0(26) Beta1,ALL,"=HYPERLINK(""https://developer.huawei.com/consumer/cn/doc/harmonyos-releases/changelogs-for-all-apps-7001/#ch2026010615012"",""ArkUI接口新增仅支持Stage模型的约束"")",entry\src\main\ets\pages\ngf\NGFDemoSyncManagerPage.ets:467,未修复,接口定义变更
declare class CommonMethod<T>,ArkTS,7.0.0(26) Beta1,ALL,"=HYPERLINK(""https://developer.huawei.com/consumer/cn/doc/harmonyos-releases/changelogs-for-all-apps-7001/#ch2026010615012"",""ArkUI接口新增仅支持Stage模型的约束"")",entry\src\main\ets\pages\ngf\NGFDemoSyncManagerPage.ets:468,未修复,接口定义变更
declare class CommonMethod<T>,ArkTS,7.0.0(26) Beta1,ALL,"=HYPERLINK(""https://developer.huawei.com/consumer/cn/doc/harmonyos-releases/changelogs-for-all-apps-7001/#ch2026010615012"",""ArkUI接口新增仅支持Stage模型的约束"")",entry\src\main\ets\pages\ngf\NGFDemoSyncManagerPage.ets:469,未修复,接口定义变更
declare class CommonMethod<T>,ArkTS,7.0.0(26) Beta1,ALL,"=HYPERLINK(""https://developer.huawei.com/consumer/cn/doc/harmonyos-releases/changelogs-for-all-apps-7001/#ch2026010615012"",""ArkUI接口新增仅支持Stage模型的约束"")",entry\src\main\ets\pages\ngf\NGFDemoSyncManagerPage.ets:475,未修复,接口定义变更
declare class CommonMethod<T>,ArkTS,7.0.0(26) Beta1,ALL,"=HYPERLINK(""https://developer.huawei.com/consumer/cn/doc/harmonyos-releases/changelogs-for-all-apps-7001/#ch2026010615012"",""ArkUI接口新增仅支持Stage模型的约束"")",entry\src\main\ets\pages\ngf\NGFDemoSyncManagerPage.ets:476,未修复,接口定义变更
declare class CommonMethod<T>,ArkTS,7.0.0(26) Beta1,ALL,"=HYPERLINK(""https://developer.huawei.com/consumer/cn/doc/harmonyos-releases/changelogs-for-all-apps-7001/#ch2026010615012"",""ArkUI接口新增仅支持Stage模型的约束"")",entry\src\main\ets\pages\ngf\NGFDemoSyncManagerPage.ets:478,未修复,接口定义变更
declare class CommonMethod<T>,ArkTS,7.0.0(26) Beta1,ALL,"=HYPERLINK(""https://developer.huawei.com/consumer/cn/doc/harmonyos-releases/changelogs-for-all-apps-7001/#ch2026010615012"",""ArkUI接口新增仅支持Stage模型的约束"")",entry\src\main\ets\pages\ngf\NGFDemoSyncManagerPage.ets:479,未修复,接口定义变更
declare class CommonMethod<T>,ArkTS,7.0.0(26) Beta1,ALL,"=HYPERLINK(""https://developer.huawei.com/consumer/cn/doc/harmonyos-releases/changelogs-for-all-apps-7001/#ch2026010615012"",""ArkUI接口新增仅支持Stage模型的约束"")",entry\src\main\ets\pages\ngf\NGFDemoSyncManagerPage.ets:485,未修复,接口定义变更
declare class CommonMethod<T>,ArkTS,7.0.0(26) Beta1,ALL,"=HYPERLINK(""https://developer.huawei.com/consumer/cn/doc/harmonyos-releases/changelogs-for-all-apps-7001/#ch2026010615012"",""ArkUI接口新增仅支持Stage模型的约束"")",entry\src\main\ets\pages\ngf\NGFDemoSyncManagerPage.ets:504,未修复,接口定义变更
declare class CommonMethod<T>,ArkTS,7.0.0(26) Beta1,ALL,"=HYPERLINK(""https://developer.huawei.com/consumer/cn/doc/harmonyos-releases/changelogs-for-all-apps-7001/#ch2026010615012"",""ArkUI接口新增仅支持Stage模型的约束"")",entry\src\main\ets\pages\ngf\NGFDemoSyncManagerPage.ets:515,未修复,接口定义变更
declare class CommonMethod<T>,ArkTS,7.0.0(26) Beta1,ALL,"=HYPERLINK(""https://developer.huawei.com/consumer/cn/doc/harmonyos-releases/changelogs-for-all-apps-7001/#ch2026010615012"",""ArkUI接口新增仅支持Stage模型的约束"")",entry\src\main\ets\pages\ngf\NGFDemoSyncManagerPage.ets:518,未修复,接口定义变更
declare class CommonMethod<T>,ArkTS,7.0.0(26) Beta1,ALL,"=HYPERLINK(""https://developer.huawei.com/consumer/cn/doc/harmonyos-releases/changelogs-for-all-apps-7001/#ch2026010615012"",""ArkUI接口新增仅支持Stage模型的约束"")",entry\src\main\ets\pages\ngf\NGFDemoSyncManagerPage.ets:519,未修复,接口定义变更
declare class CommonMethod<T>,ArkTS,7.0.0(26) Beta1,ALL,"=HYPERLINK(""https://developer.huawei.com/consumer/cn/doc/harmonyos-releases/changelogs-for-all-apps-7001/#ch2026010615012"",""ArkUI接口新增仅支持Stage模型的约束"")",entry\src\main\ets\pages\ngf\NGFDemoSyncManagerPage.ets:520,未修复,接口定义变更
declare class CommonMethod<T>,ArkTS,7.0.0(26) Beta1,ALL,"=HYPERLINK(""https://developer.huawei.com/consumer/cn/doc/harmonyos-releases/changelogs-for-all-apps-7001/#ch2026010615012"",""ArkUI接口新增仅支持Stage模型的约束"")",entry\src\main\ets\pages\ngf\NGFDemoSyncManagerPage.ets:521,未修复,接口定义变更
declare class CommonMethod<T>,ArkTS,7.0.0(26) Beta1,ALL,"=HYPERLINK(""https://developer.huawei.com/consumer/cn/doc/harmonyos-releases/changelogs-for-all-apps-7001/#ch2026010615012"",""ArkUI接口新增仅支持Stage模型的约束"")",entry\src\main\ets\pages\ngf\NGFDemoSyncManagerPage.ets:522,未修复,接口定义变更
declare class CommonMethod<T>,ArkTS,7.0.0(26) Beta1,ALL,"=HYPERLINK(""https://developer.huawei.com/consumer/cn/doc/harmonyos-releases/changelogs-for-all-apps-7001/#ch2026010615012"",""ArkUI接口新增仅支持Stage模型的约束"")",entry\src\main\ets\pages\ngf\NGFDemoSyncManagerPage.ets:523,未修复,接口定义变更
declare class CommonMethod<T>,ArkTS,7.0.0(26) Beta1,ALL,"=HYPERLINK(""https://developer.huawei.com/consumer/cn/doc/harmonyos-releases/changelogs-for-all-apps-7001/#ch2026010615012"",""ArkUI接口新增仅支持Stage模型的约束"")",entry\src\main\ets\pages\ngf\NGFDemoSyncManagerPage.ets:538,未修复,接口定义变更
declare class CommonMethod<T>,ArkTS,7.0.0(26) Beta1,ALL,"=HYPERLINK(""https://developer.huawei.com/consumer/cn/doc/harmonyos-releases/changelogs-for-all-apps-7001/#ch2026010615012"",""ArkUI接口新增仅支持Stage模型的约束"")",entry\src\main\ets\pages\ngf\NGFDemoSyncManagerPage.ets:539,未修复,接口定义变更
declare class CommonMethod<T>,ArkTS,7.0.0(26) Beta1,ALL,"=HYPERLINK(""https://developer.huawei.com/consumer/cn/doc/harmonyos-releases/changelogs-for-all-apps-7001/#ch2026010615012"",""ArkUI接口新增仅支持Stage模型的约束"")",entry\src\main\ets\pages\ngf\NGFDemoSyncManagerPage.ets:540,未修复,接口定义变更
declare class CommonMethod<T>,ArkTS,7.0.0(26) Beta1,ALL,"=HYPERLINK(""https://developer.huawei.com/consumer/cn/doc/harmonyos-releases/changelogs-for-all-apps-7001/#ch2026010615012"",""ArkUI接口新增仅支持Stage模型的约束"")",entry\src\main\ets\pages\ngf\NGFDemoSyncManagerPage.ets:541,未修复,接口定义变更
declare class CommonMethod<T>,ArkTS,7.0.0(26) Beta1,ALL,"=HYPERLINK(""https://developer.huawei.com/consumer/cn/doc/harmonyos-releases/changelogs-for-all-apps-7001/#ch2026010615012"",""ArkUI接口新增仅支持Stage模型的约束"")",entry\src\main\ets\pages\ngf\NGFDemoWorkflowPage.ets:100,未修复,接口定义变更
declare class CommonMethod<T>,ArkTS,7.0.0(26) Beta1,ALL,"=HYPERLINK(""https://developer.huawei.com/consumer/cn/doc/harmonyos-releases/changelogs-for-all-apps-7001/#ch2026010615012"",""ArkUI接口新增仅支持Stage模型的约束"")",entry\src\main\ets\pages\ngf\NGFDemoWorkflowPage.ets:101,未修复,接口定义变更
declare class CommonMethod<T>,ArkTS,7.0.0(26) Beta1,ALL,"=HYPERLINK(""https://developer.huawei.com/consumer/cn/doc/harmonyos-releases/changelogs-for-all-apps-7001/#ch2026010615012"",""ArkUI接口新增仅支持Stage模型的约束"")",entry\src\main\ets\pages\ngf\NGFDemoWorkflowPage.ets:104,未修复,接口定义变更
declare class CommonMethod<T>,ArkTS,7.0.0(26) Beta1,ALL,"=HYPERLINK(""https://developer.huawei.com/consumer/cn/doc/harmonyos-releases/changelogs-for-all-apps-7001/#ch2026010615012"",""ArkUI接口新增仅支持Stage模型的约束"")",entry\src\main\ets\pages\ngf\NGFDemoWorkflowPage.ets:105,未修复,接口定义变更
declare class CommonMethod<T>,ArkTS,7.0.0(26) Beta1,ALL,"=HYPERLINK(""https://developer.huawei.com/consumer/cn/doc/harmonyos-releases/changelogs-for-all-apps-7001/#ch2026010615012"",""ArkUI接口新增仅支持Stage模型的约束"")",entry\src\main\ets\pages\ngf\NGFDemoWorkflowPage.ets:107,未修复,接口定义变更
declare class CommonMethod<T>,ArkTS,7.0.0(26) Beta1,ALL,"=HYPERLINK(""https://developer.huawei.com/consumer/cn/doc/harmonyos-releases/changelogs-for-all-apps-7001/#ch2026010615012"",""ArkUI接口新增仅支持Stage模型的约束"")",entry\src\main\ets\pages\ngf\NGFDemoWorkflowPage.ets:108,未修复,接口定义变更
declare class CommonMethod<T>,ArkTS,7.0.0(26) Beta1,ALL,"=HYPERLINK(""https://developer.huawei.com/consumer/cn/doc/harmonyos-releases/changelogs-for-all-apps-7001/#ch2026010615012"",""ArkUI接口新增仅支持Stage模型的约束"")",entry\src\main\ets\pages\ngf\NGFDemoWorkflowPage.ets:145,未修复,接口定义变更
declare class CommonMethod<T>,ArkTS,7.0.0(26) Beta1,ALL,"=HYPERLINK(""https://developer.huawei.com/consumer/cn/doc/harmonyos-releases/changelogs-for-all-apps-7001/#ch2026010615012"",""ArkUI接口新增仅支持Stage模型的约束"")",entry\src\main\ets\pages\ngf\NGFDemoWorkflowPage.ets:146,未修复,接口定义变更
declare class CommonMethod<T>,ArkTS,7.0.0(26) Beta1,ALL,"=HYPERLINK(""https://developer.huawei.com/consumer/cn/doc/harmonyos-releases/changelogs-for-all-apps-7001/#ch2026010615012"",""ArkUI接口新增仅支持Stage模型的约束"")",entry\src\main\ets\pages\ngf\NGFDemoWorkflowPage.ets:147,未修复,接口定义变更
declare class CommonMethod<T>,ArkTS,7.0.0(26) Beta1,ALL,"=HYPERLINK(""https://developer.huawei.com/consumer/cn/doc/harmonyos-releases/changelogs-for-all-apps-7001/#ch2026010615012"",""ArkUI接口新增仅支持Stage模型的约束"")",entry\src\main\ets\pages\ngf\NGFDemoWorkflowPage.ets:151,未修复,接口定义变更
declare class CommonMethod<T>,ArkTS,7.0.0(26) Beta1,ALL,"=HYPERLINK(""https://developer.huawei.com/consumer/cn/doc/harmonyos-releases/changelogs-for-all-apps-7001/#ch2026010615012"",""ArkUI接口新增仅支持Stage模型的约束"")",entry\src\main\ets\pages\ngf\NGFDemoWorkflowPage.ets:152,未修复,接口定义变更
declare class CommonMethod<T>,ArkTS,7.0.0(26) Beta1,ALL,"=HYPERLINK(""https://developer.huawei.com/consumer/cn/doc/harmonyos-releases/changelogs-for-all-apps-7001/#ch2026010615012"",""ArkUI接口新增仅支持Stage模型的约束"")",entry\src\main\ets\pages\ngf\NGFDemoWorkflowPage.ets:170,未修复,接口定义变更
declare class CommonMethod<T>,ArkTS,7.0.0(26) Beta1,ALL,"=HYPERLINK(""https://developer.huawei.com/consumer/cn/doc/harmonyos-releases/changelogs-for-all-apps-7001/#ch2026010615012"",""ArkUI接口新增仅支持Stage模型的约束"")",entry\src\main\ets\pages\ngf\NGFDemoWorkflowPage.ets:171,未修复,接口定义变更
declare class CommonMethod<T>,ArkTS,7.0.0(26) Beta1,ALL,"=HYPERLINK(""https://developer.huawei.com/consumer/cn/doc/harmonyos-releases/changelogs-for-all-apps-7001/#ch2026010615012"",""ArkUI接口新增仅支持Stage模型的约束"")",entry\src\main\ets\pages\ngf\NGFDemoWorkflowPage.ets:173,未修复,接口定义变更
declare class CommonMethod<T>,ArkTS,7.0.0(26) Beta1,ALL,"=HYPERLINK(""https://developer.huawei.com/consumer/cn/doc/harmonyos-releases/changelogs-for-all-apps-7001/#ch2026010615012"",""ArkUI接口新增仅支持Stage模型的约束"")",entry\src\main\ets\pages\ngf\NGFDemoWorkflowPage.ets:174,未修复,接口定义变更
declare class CommonMethod<T>,ArkTS,7.0.0(26) Beta1,ALL,"=HYPERLINK(""https://developer.huawei.com/consumer/cn/doc/harmonyos-releases/changelogs-for-all-apps-7001/#ch2026010615012"",""ArkUI接口新增仅支持Stage模型的约束"")",entry\src\main\ets\pages\ngf\NGFDemoWorkflowPage.ets:175,未修复,接口定义变更
declare class CommonMethod<T>,ArkTS,7.0.0(26) Beta1,ALL,"=HYPERLINK(""https://developer.huawei.com/consumer/cn/doc/harmonyos-releases/changelogs-for-all-apps-7001/#ch2026010615012"",""ArkUI接口新增仅支持Stage模型的约束"")",entry\src\main\ets\pages\ngf\NGFDemoWorkflowPage.ets:179,未修复,接口定义变更
declare class CommonMethod<T>,ArkTS,7.0.0(26) Beta1,ALL,"=HYPERLINK(""https://developer.huawei.com/consumer/cn/doc/harmonyos-releases/changelogs-for-all-apps-7001/#ch2026010615012"",""ArkUI接口新增仅支持Stage模型的约束"")",entry\src\main\ets\pages\ngf\NGFDemoWorkflowPage.ets:180,未修复,接口定义变更
declare class CommonMethod<T>,ArkTS,7.0.0(26) Beta1,ALL,"=HYPERLINK(""https://developer.huawei.com/consumer/cn/doc/harmonyos-releases/changelogs-for-all-apps-7001/#ch2026010615012"",""ArkUI接口新增仅支持Stage模型的约束"")",entry\src\main\ets\pages\ngf\NGFDemoWorkflowPage.ets:182,未修复,接口定义变更
declare class CommonMethod<T>,ArkTS,7.0.0(26) Beta1,ALL,"=HYPERLINK(""https://developer.huawei.com/consumer/cn/doc/harmonyos-releases/changelogs-for-all-apps-7001/#ch2026010615012"",""ArkUI接口新增仅支持Stage模型的约束"")",entry\src\main\ets\pages\ngf\NGFDemoWorkflowPage.ets:183,未修复,接口定义变更
declare class CommonMethod<T>,ArkTS,7.0.0(26) Beta1,ALL,"=HYPERLINK(""https://developer.huawei.com/consumer/cn/doc/harmonyos-releases/changelogs-for-all-apps-7001/#ch2026010615012"",""ArkUI接口新增仅支持Stage模型的约束"")",entry\src\main\ets\pages\ngf\NGFDemoWorkflowPage.ets:184,未修复,接口定义变更
declare class CommonMethod<T>,ArkTS,7.0.0(26) Beta1,ALL,"=HYPERLINK(""https://developer.huawei.com/consumer/cn/doc/harmonyos-releases/changelogs-for-all-apps-7001/#ch2026010615012"",""ArkUI接口新增仅支持Stage模型的约束"")",entry\src\main\ets\pages\ngf\NGFDemoWorkflowPage.ets:188,未修复,接口定义变更
declare class CommonMethod<T>,ArkTS,7.0.0(26) Beta1,ALL,"=HYPERLINK(""https://developer.huawei.com/consumer/cn/doc/harmonyos-releases/changelogs-for-all-apps-7001/#ch2026010615012"",""ArkUI接口新增仅支持Stage模型的约束"")",entry\src\main\ets\pages\ngf\NGFDemoWorkflowPage.ets:216,未修复,接口定义变更
declare class CommonMethod<T>,ArkTS,7.0.0(26) Beta1,ALL,"=HYPERLINK(""https://developer.huawei.com/consumer/cn/doc/harmonyos-releases/changelogs-for-all-apps-7001/#ch2026010615012"",""ArkUI接口新增仅支持Stage模型的约束"")",entry\src\main\ets\pages\ngf\NGFDemoWorkflowPage.ets:222,未修复,接口定义变更
declare class CommonMethod<T>,ArkTS,7.0.0(26) Beta1,ALL,"=HYPERLINK(""https://developer.huawei.com/consumer/cn/doc/harmonyos-releases/changelogs-for-all-apps-7001/#ch2026010615012"",""ArkUI接口新增仅支持Stage模型的约束"")",entry\src\main\ets\pages\ngf\NGFDemoWorkflowPage.ets:223,未修复,接口定义变更
declare class CommonMethod<T>,ArkTS,7.0.0(26) Beta1,ALL,"=HYPERLINK(""https://developer.huawei.com/consumer/cn/doc/harmonyos-releases/changelogs-for-all-apps-7001/#ch2026010615012"",""ArkUI接口新增仅支持Stage模型的约束"")",entry\src\main\ets\pages\ngf\NGFDemoWorkflowPage.ets:224,未修复,接口定义变更
declare class CommonMethod<T>,ArkTS,7.0.0(26) Beta1,ALL,"=HYPERLINK(""https://developer.huawei.com/consumer/cn/doc/harmonyos-releases/changelogs-for-all-apps-7001/#ch2026010615012"",""ArkUI接口新增仅支持Stage模型的约束"")",entry\src\main\ets\pages\ngf\NGFDemoWorkflowPage.ets:226,未修复,接口定义变更
declare class CommonMethod<T>,ArkTS,7.0.0(26) Beta1,ALL,"=HYPERLINK(""https://developer.huawei.com/consumer/cn/doc/harmonyos-releases/changelogs-for-all-apps-7001/#ch2026010615012"",""ArkUI接口新增仅支持Stage模型的约束"")",entry\src\main\ets\pages\ngf\NGFDemoWorkflowPage.ets:227,未修复,接口定义变更
declare class CommonMethod<T>,ArkTS,7.0.0(26) Beta1,ALL,"=HYPERLINK(""https://developer.huawei.com/consumer/cn/doc/harmonyos-releases/changelogs-for-all-apps-7001/#ch2026010615012"",""ArkUI接口新增仅支持Stage模型的约束"")",entry\src\main\ets\pages\ngf\NGFDemoWorkflowPage.ets:228,未修复,接口定义变更
declare class CommonMethod<T>,ArkTS,7.0.0(26) Beta1,ALL,"=HYPERLINK(""https://developer.huawei.com/consumer/cn/doc/harmonyos-releases/changelogs-for-all-apps-7001/#ch2026010615012"",""ArkUI接口新增仅支持Stage模型的约束"")",entry\src\main\ets\pages\ngf\NGFDemoWorkflowPage.ets:229,未修复,接口定义变更
declare class CommonMethod<T>,ArkTS,7.0.0(26) Beta1,ALL,"=HYPERLINK(""https://developer.huawei.com/consumer/cn/doc/harmonyos-releases/changelogs-for-all-apps-7001/#ch2026010615012"",""ArkUI接口新增仅支持Stage模型的约束"")",entry\src\main\ets\pages\ngf\NGFDemoWorkflowPage.ets:232,未修复,接口定义变更
declare class CommonMethod<T>,ArkTS,7.0.0(26) Beta1,ALL,"=HYPERLINK(""https://developer.huawei.com/consumer/cn/doc/harmonyos-releases/changelogs-for-all-apps-7001/#ch2026010615012"",""ArkUI接口新增仅支持Stage模型的约束"")",entry\src\main\ets\pages\ngf\NGFDemoWorkflowPage.ets:245,未修复,接口定义变更
declare class CommonMethod<T>,ArkTS,7.0.0(26) Beta1,ALL,"=HYPERLINK(""https://developer.huawei.com/consumer/cn/doc/harmonyos-releases/changelogs-for-all-apps-7001/#ch2026010615012"",""ArkUI接口新增仅支持Stage模型的约束"")",entry\src\main\ets\pages\ngf\NGFDemoWorkflowPage.ets:246,未修复,接口定义变更
declare class CommonMethod<T>,ArkTS,7.0.0(26) Beta1,ALL,"=HYPERLINK(""https://developer.huawei.com/consumer/cn/doc/harmonyos-releases/changelogs-for-all-apps-7001/#ch2026010615012"",""ArkUI接口新增仅支持Stage模型的约束"")",entry\src\main\ets\pages\ngf\NGFDemoWorkflowPage.ets:247,未修复,接口定义变更
declare class CommonMethod<T>,ArkTS,7.0.0(26) Beta1,ALL,"=HYPERLINK(""https://developer.huawei.com/consumer/cn/doc/harmonyos-releases/changelogs-for-all-apps-7001/#ch2026010615012"",""ArkUI接口新增仅支持Stage模型的约束"")",entry\src\main\ets\pages\ngf\NGFDemoWorkflowPage.ets:248,未修复,接口定义变更
declare class CommonMethod<T>,ArkTS,7.0.0(26) Beta1,ALL,"=HYPERLINK(""https://developer.huawei.com/consumer/cn/doc/harmonyos-releases/changelogs-for-all-apps-7001/#ch2026010615012"",""ArkUI接口新增仅支持Stage模型的约束"")",entry\src\main\ets\pages\ngf\NGFDemoWorkflowPage.ets:250,未修复,接口定义变更
declare class CommonMethod<T>,ArkTS,7.0.0(26) Beta1,ALL,"=HYPERLINK(""https://developer.huawei.com/consumer/cn/doc/harmonyos-releases/changelogs-for-all-apps-7001/#ch2026010615012"",""ArkUI接口新增仅支持Stage模型的约束"")",entry\src\main\ets\pages\ngf\NGFDemoWorkflowPage.ets:254,未修复,接口定义变更
declare class CommonMethod<T>,ArkTS,7.0.0(26) Beta1,ALL,"=HYPERLINK(""https://developer.huawei.com/consumer/cn/doc/harmonyos-releases/changelogs-for-all-apps-7001/#ch2026010615012"",""ArkUI接口新增仅支持Stage模型的约束"")",entry\src\main\ets\pages\ngf\NGFDemoWorkflowPage.ets:255,未修复,接口定义变更
declare class CommonMethod<T>,ArkTS,7.0.0(26) Beta1,ALL,"=HYPERLINK(""https://developer.huawei.com/consumer/cn/doc/harmonyos-releases/changelogs-for-all-apps-7001/#ch2026010615012"",""ArkUI接口新增仅支持Stage模型的约束"")",entry\src\main\ets\pages\ngf\NGFDemoWorkflowPage.ets:256,未修复,接口定义变更
declare class CommonMethod<T>,ArkTS,7.0.0(26) Beta1,ALL,"=HYPERLINK(""https://developer.huawei.com/consumer/cn/doc/harmonyos-releases/changelogs-for-all-apps-7001/#ch2026010615012"",""ArkUI接口新增仅支持Stage模型的约束"")",entry\src\main\ets\pages\ngf\NGFDemoWorkflowPage.ets:257,未修复,接口定义变更
declare class CommonMethod<T>,ArkTS,7.0.0(26) Beta1,ALL,"=HYPERLINK(""https://developer.huawei.com/consumer/cn/doc/harmonyos-releases/changelogs-for-all-apps-7001/#ch2026010615012"",""ArkUI接口新增仅支持Stage模型的约束"")",entry\src\main\ets\pages\ngf\NGFDemoWorkflowPage.ets:258,未修复,接口定义变更
declare class CommonMethod<T>,ArkTS,7.0.0(26) Beta1,ALL,"=HYPERLINK(""https://developer.huawei.com/consumer/cn/doc/harmonyos-releases/changelogs-for-all-apps-7001/#ch2026010615012"",""ArkUI接口新增仅支持Stage模型的约束"")",entry\src\main\ets\pages\ngf\NGFDemoWorkflowPage.ets:259,未修复,接口定义变更
declare class CommonMethod<T>,ArkTS,7.0.0(26) Beta1,ALL,"=HYPERLINK(""https://developer.huawei.com/consumer/cn/doc/harmonyos-releases/changelogs-for-all-apps-7001/#ch2026010615012"",""ArkUI接口新增仅支持Stage模型的约束"")",entry\src\main\ets\pages\ngf\NGFDemoWorkflowPage.ets:272,未修复,接口定义变更
declare class CommonMethod<T>,ArkTS,7.0.0(26) Beta1,ALL,"=HYPERLINK(""https://developer.huawei.com/consumer/cn/doc/harmonyos-releases/changelogs-for-all-apps-7001/#ch2026010615012"",""ArkUI接口新增仅支持Stage模型的约束"")",entry\src\main\ets\pages\ngf\NGFDemoWorkflowPage.ets:273,未修复,接口定义变更
declare class CommonMethod<T>,ArkTS,7.0.0(26) Beta1,ALL,"=HYPERLINK(""https://developer.huawei.com/consumer/cn/doc/harmonyos-releases/changelogs-for-all-apps-7001/#ch2026010615012"",""ArkUI接口新增仅支持Stage模型的约束"")",entry\src\main\ets\pages\ngf\NGFDemoWorkflowPage.ets:275,未修复,接口定义变更
declare class CommonMethod<T>,ArkTS,7.0.0(26) Beta1,ALL,"=HYPERLINK(""https://developer.huawei.com/consumer/cn/doc/harmonyos-releases/changelogs-for-all-apps-7001/#ch2026010615012"",""ArkUI接口新增仅支持Stage模型的约束"")",entry\src\main\ets\pages\ngf\NGFDemoWorkflowPage.ets:276,未修复,接口定义变更
declare class CommonMethod<T>,ArkTS,7.0.0(26) Beta1,ALL,"=HYPERLINK(""https://developer.huawei.com/consumer/cn/doc/harmonyos-releases/changelogs-for-all-apps-7001/#ch2026010615012"",""ArkUI接口新增仅支持Stage模型的约束"")",entry\src\main\ets\pages\ngf\NGFDemoWorkflowPage.ets:277,未修复,接口定义变更
declare class CommonMethod<T>,ArkTS,7.0.0(26) Beta1,ALL,"=HYPERLINK(""https://developer.huawei.com/consumer/cn/doc/harmonyos-releases/changelogs-for-all-apps-7001/#ch2026010615012"",""ArkUI接口新增仅支持Stage模型的约束"")",entry\src\main\ets\pages\ngf\NGFDemoWorkflowPage.ets:281,未修复,接口定义变更
declare class CommonMethod<T>,ArkTS,7.0.0(26) Beta1,ALL,"=HYPERLINK(""https://developer.huawei.com/consumer/cn/doc/harmonyos-releases/changelogs-for-all-apps-7001/#ch2026010615012"",""ArkUI接口新增仅支持Stage模型的约束"")",entry\src\main\ets\pages\ngf\NGFDemoWorkflowPage.ets:282,未修复,接口定义变更
declare class CommonMethod<T>,ArkTS,7.0.0(26) Beta1,ALL,"=HYPERLINK(""https://developer.huawei.com/consumer/cn/doc/harmonyos-releases/changelogs-for-all-apps-7001/#ch2026010615012"",""ArkUI接口新增仅支持Stage模型的约束"")",entry\src\main\ets\pages\ngf\NGFDemoWorkflowPage.ets:284,未修复,接口定义变更
declare class CommonMethod<T>,ArkTS,7.0.0(26) Beta1,ALL,"=HYPERLINK(""https://developer.huawei.com/consumer/cn/doc/harmonyos-releases/changelogs-for-all-apps-7001/#ch2026010615012"",""ArkUI接口新增仅支持Stage模型的约束"")",entry\src\main\ets\pages\ngf\NGFDemoWorkflowPage.ets:285,未修复,接口定义变更
declare class CommonMethod<T>,ArkTS,7.0.0(26) Beta1,ALL,"=HYPERLINK(""https://developer.huawei.com/consumer/cn/doc/harmonyos-releases/changelogs-for-all-apps-7001/#ch2026010615012"",""ArkUI接口新增仅支持Stage模型的约束"")",entry\src\main\ets\pages\ngf\NGFDemoWorkflowPage.ets:286,未修复,接口定义变更
declare class CommonMethod<T>,ArkTS,7.0.0(26) Beta1,ALL,"=HYPERLINK(""https://developer.huawei.com/consumer/cn/doc/harmonyos-releases/changelogs-for-all-apps-7001/#ch2026010615012"",""ArkUI接口新增仅支持Stage模型的约束"")",entry\src\main\ets\pages\ngf\NGFDemoWorkflowPage.ets:290,未修复,接口定义变更
declare class CommonMethod<T>,ArkTS,7.0.0(26) Beta1,ALL,"=HYPERLINK(""https://developer.huawei.com/consumer/cn/doc/harmonyos-releases/changelogs-for-all-apps-7001/#ch2026010615012"",""ArkUI接口新增仅支持Stage模型的约束"")",entry\src\main\ets\pages\ngf\NGFDemoWorkflowPage.ets:291,未修复,接口定义变更
declare class CommonMethod<T>,ArkTS,7.0.0(26) Beta1,ALL,"=HYPERLINK(""https://developer.huawei.com/consumer/cn/doc/harmonyos-releases/changelogs-for-all-apps-7001/#ch2026010615012"",""ArkUI接口新增仅支持Stage模型的约束"")",entry\src\main\ets\pages\ngf\NGFDemoWorkflowPage.ets:293,未修复,接口定义变更
declare class CommonMethod<T>,ArkTS,7.0.0(26) Beta1,ALL,"=HYPERLINK(""https://developer.huawei.com/consumer/cn/doc/harmonyos-releases/changelogs-for-all-apps-7001/#ch2026010615012"",""ArkUI接口新增仅支持Stage模型的约束"")",entry\src\main\ets\pages\ngf\NGFDemoWorkflowPage.ets:294,未修复,接口定义变更
declare class CommonMethod<T>,ArkTS,7.0.0(26) Beta1,ALL,"=HYPERLINK(""https://developer.huawei.com/consumer/cn/doc/harmonyos-releases/changelogs-for-all-apps-7001/#ch2026010615012"",""ArkUI接口新增仅支持Stage模型的约束"")",entry\src\main\ets\pages\ngf\NGFDemoWorkflowPage.ets:295,未修复,接口定义变更
declare class CommonMethod<T>,ArkTS,7.0.0(26) Beta1,ALL,"=HYPERLINK(""https://developer.huawei.com/consumer/cn/doc/harmonyos-releases/changelogs-for-all-apps-7001/#ch2026010615012"",""ArkUI接口新增仅支持Stage模型的约束"")",entry\src\main\ets\pages\ngf\NGFDemoWorkflowPage.ets:299,未修复,接口定义变更
declare class CommonMethod<T>,ArkTS,7.0.0(26) Beta1,ALL,"=HYPERLINK(""https://developer.huawei.com/consumer/cn/doc/harmonyos-releases/changelogs-for-all-apps-7001/#ch2026010615012"",""ArkUI接口新增仅支持Stage模型的约束"")",entry\src\main\ets\pages\ngf\NGFDemoWorkflowPage.ets:300,未修复,接口定义变更
declare class CommonMethod<T>,ArkTS,7.0.0(26) Beta1,ALL,"=HYPERLINK(""https://developer.huawei.com/consumer/cn/doc/harmonyos-releases/changelogs-for-all-apps-7001/#ch2026010615012"",""ArkUI接口新增仅支持Stage模型的约束"")",entry\src\main\ets\pages\ngf\NGFDemoWorkflowPage.ets:302,未修复,接口定义变更
declare class CommonMethod<T>,ArkTS,7.0.0(26) Beta1,ALL,"=HYPERLINK(""https://developer.huawei.com/consumer/cn/doc/harmonyos-releases/changelogs-for-all-apps-7001/#ch2026010615012"",""ArkUI接口新增仅支持Stage模型的约束"")",entry\src\main\ets\pages\ngf\NGFDemoWorkflowPage.ets:303,未修复,接口定义变更
declare class CommonMethod<T>,ArkTS,7.0.0(26) Beta1,ALL,"=HYPERLINK(""https://developer.huawei.com/consumer/cn/doc/harmonyos-releases/changelogs-for-all-apps-7001/#ch2026010615012"",""ArkUI接口新增仅支持Stage模型的约束"")",entry\src\main\ets\pages\ngf\NGFDemoWorkflowPage.ets:304,未修复,接口定义变更
declare class CommonMethod<T>,ArkTS,7.0.0(26) Beta1,ALL,"=HYPERLINK(""https://developer.huawei.com/consumer/cn/doc/harmonyos-releases/changelogs-for-all-apps-7001/#ch2026010615012"",""ArkUI接口新增仅支持Stage模型的约束"")",entry\src\main\ets\pages\ngf\NGFDemoWorkflowPage.ets:310,未修复,接口定义变更
declare class CommonMethod<T>,ArkTS,7.0.0(26) Beta1,ALL,"=HYPERLINK(""https://developer.huawei.com/consumer/cn/doc/harmonyos-releases/changelogs-for-all-apps-7001/#ch2026010615012"",""ArkUI接口新增仅支持Stage模型的约束"")",entry\src\main\ets\pages\ngf\NGFDemoWorkflowPage.ets:316,未修复,接口定义变更
declare class CommonMethod<T>,ArkTS,7.0.0(26) Beta1,ALL,"=HYPERLINK(""https://developer.huawei.com/consumer/cn/doc/harmonyos-releases/changelogs-for-all-apps-7001/#ch2026010615012"",""ArkUI接口新增仅支持Stage模型的约束"")",entry\src\main\ets\pages\ngf\NGFDemoWorkflowPage.ets:327,未修复,接口定义变更
declare class CommonMethod<T>,ArkTS,7.0.0(26) Beta1,ALL,"=HYPERLINK(""https://developer.huawei.com/consumer/cn/doc/harmonyos-releases/changelogs-for-all-apps-7001/#ch2026010615012"",""ArkUI接口新增仅支持Stage模型的约束"")",entry\src\main\ets\pages\ngf\NGFDemoWorkflowPage.ets:331,未修复,接口定义变更
declare class CommonMethod<T>,ArkTS,7.0.0(26) Beta1,ALL,"=HYPERLINK(""https://developer.huawei.com/consumer/cn/doc/harmonyos-releases/changelogs-for-all-apps-7001/#ch2026010615012"",""ArkUI接口新增仅支持Stage模型的约束"")",entry\src\main\ets\pages\ngf\NGFDemoWorkflowPage.ets:335,未修复,接口定义变更
declare class CommonMethod<T>,ArkTS,7.0.0(26) Beta1,ALL,"=HYPERLINK(""https://developer.huawei.com/consumer/cn/doc/harmonyos-releases/changelogs-for-all-apps-7001/#ch2026010615012"",""ArkUI接口新增仅支持Stage模型的约束"")",entry\src\main\ets\pages\ngf\NGFDemoWorkflowPage.ets:337,未修复,接口定义变更
declare class CommonMethod<T>,ArkTS,7.0.0(26) Beta1,ALL,"=HYPERLINK(""https://developer.huawei.com/consumer/cn/doc/harmonyos-releases/changelogs-for-all-apps-7001/#ch2026010615012"",""ArkUI接口新增仅支持Stage模型的约束"")",entry\src\main\ets\pages\ngf\NGFDemoWorkflowPage.ets:338,未修复,接口定义变更
declare class CommonMethod<T>,ArkTS,7.0.0(26) Beta1,ALL,"=HYPERLINK(""https://developer.huawei.com/consumer/cn/doc/harmonyos-releases/changelogs-for-all-apps-7001/#ch2026010615012"",""ArkUI接口新增仅支持Stage模型的约束"")",entry\src\main\ets\pages\ngf\NGFDemoWorkflowPage.ets:339,未修复,接口定义变更
declare class CommonMethod<T>,ArkTS,7.0.0(26) Beta1,ALL,"=HYPERLINK(""https://developer.huawei.com/consumer/cn/doc/harmonyos-releases/changelogs-for-all-apps-7001/#ch2026010615012"",""ArkUI接口新增仅支持Stage模型的约束"")",entry\src\main\ets\pages\ngf\NGFDemoWorkflowPage.ets:340,未修复,接口定义变更
declare class CommonMethod<T>,ArkTS,7.0.0(26) Beta1,ALL,"=HYPERLINK(""https://developer.huawei.com/consumer/cn/doc/harmonyos-releases/changelogs-for-all-apps-7001/#ch2026010615012"",""ArkUI接口新增仅支持Stage模型的约束"")",entry\src\main\ets\pages\ngf\NGFDemoWorkflowPage.ets:343,未修复,接口定义变更
declare class CommonMethod<T>,ArkTS,7.0.0(26) Beta1,ALL,"=HYPERLINK(""https://developer.huawei.com/consumer/cn/doc/harmonyos-releases/changelogs-for-all-apps-7001/#ch2026010615012"",""ArkUI接口新增仅支持Stage模型的约束"")",entry\src\main\ets\pages\ngf\NGFDemoWorkflowPage.ets:346,未修复,接口定义变更
declare class CommonMethod<T>,ArkTS,7.0.0(26) Beta1,ALL,"=HYPERLINK(""https://developer.huawei.com/consumer/cn/doc/harmonyos-releases/changelogs-for-all-apps-7001/#ch2026010615012"",""ArkUI接口新增仅支持Stage模型的约束"")",entry\src\main\ets\pages\ngf\NGFDemoWorkflowPage.ets:347,未修复,接口定义变更
declare class CommonMethod<T>,ArkTS,7.0.0(26) Beta1,ALL,"=HYPERLINK(""https://developer.huawei.com/consumer/cn/doc/harmonyos-releases/changelogs-for-all-apps-7001/#ch2026010615012"",""ArkUI接口新增仅支持Stage模型的约束"")",entry\src\main\ets\pages\ngf\NGFDemoWorkflowPage.ets:348,未修复,接口定义变更
declare class CommonMethod<T>,ArkTS,7.0.0(26) Beta1,ALL,"=HYPERLINK(""https://developer.huawei.com/consumer/cn/doc/harmonyos-releases/changelogs-for-all-apps-7001/#ch2026010615012"",""ArkUI接口新增仅支持Stage模型的约束"")",entry\src\main\ets\pages\ngf\NGFDemoWorkflowPage.ets:349,未修复,接口定义变更
declare class CommonMethod<T>,ArkTS,7.0.0(26) Beta1,ALL,"=HYPERLINK(""https://developer.huawei.com/consumer/cn/doc/harmonyos-releases/changelogs-for-all-apps-7001/#ch2026010615012"",""ArkUI接口新增仅支持Stage模型的约束"")",entry\src\main\ets\pages\ngf\NGFDemoWorkflowPage.ets:350,未修复,接口定义变更
declare class CommonMethod<T>,ArkTS,7.0.0(26) Beta1,ALL,"=HYPERLINK(""https://developer.huawei.com/consumer/cn/doc/harmonyos-releases/changelogs-for-all-apps-7001/#ch2026010615012"",""ArkUI接口新增仅支持Stage模型的约束"")",entry\src\main\ets\pages\ngf\NGFDemoWorkflowPage.ets:351,未修复,接口定义变更
declare class CommonMethod<T>,ArkTS,7.0.0(26) Beta1,ALL,"=HYPERLINK(""https://developer.huawei.com/consumer/cn/doc/harmonyos-releases/changelogs-for-all-apps-7001/#ch2026010615012"",""ArkUI接口新增仅支持Stage模型的约束"")",entry\src\main\ets\pages\ngf\NGFDemoWorkflowPage.ets:97,未修复,接口定义变更
declare class CommonMethod<T>,ArkTS,7.0.0(26) Beta1,ALL,"=HYPERLINK(""https://developer.huawei.com/consumer/cn/doc/harmonyos-releases/changelogs-for-all-apps-7001/#ch2026010615012"",""ArkUI接口新增仅支持Stage模型的约束"")",entry\src\main\ets\pages\ngf\NGFDemoWorkflowPage.ets:98,未修复,接口定义变更
declare class CommonMethod<T>,ArkTS,7.0.0(26) Beta1,ALL,"=HYPERLINK(""https://developer.huawei.com/consumer/cn/doc/harmonyos-releases/changelogs-for-all-apps-7001/#ch2026010615012"",""ArkUI接口新增仅支持Stage模型的约束"")",entry\src\main\ets\pages\ngf\NGFDeviceAwarenessPage.ets:112,未修复,接口定义变更
declare class CommonMethod<T>,ArkTS,7.0.0(26) Beta1,ALL,"=HYPERLINK(""https://developer.huawei.com/consumer/cn/doc/harmonyos-releases/changelogs-for-all-apps-7001/#ch2026010615012"",""ArkUI接口新增仅支持Stage模型的约束"")",entry\src\main\ets\pages\ngf\NGFDeviceAwarenessPage.ets:113,未修复,接口定义变更
declare class CommonMethod<T>,ArkTS,7.0.0(26) Beta1,ALL,"=HYPERLINK(""https://developer.huawei.com/consumer/cn/doc/harmonyos-releases/changelogs-for-all-apps-7001/#ch2026010615012"",""ArkUI接口新增仅支持Stage模型的约束"")",entry\src\main\ets\pages\ngf\NGFDeviceAwarenessPage.ets:114,未修复,接口定义变更
declare class CommonMethod<T>,ArkTS,7.0.0(26) Beta1,ALL,"=HYPERLINK(""https://developer.huawei.com/consumer/cn/doc/harmonyos-releases/changelogs-for-all-apps-7001/#ch2026010615012"",""ArkUI接口新增仅支持Stage模型的约束"")",entry\src\main\ets\pages\ngf\NGFDeviceAwarenessPage.ets:115,未修复,接口定义变更
declare class CommonMethod<T>,ArkTS,7.0.0(26) Beta1,ALL,"=HYPERLINK(""https://developer.huawei.com/consumer/cn/doc/harmonyos-releases/changelogs-for-all-apps-7001/#ch2026010615012"",""ArkUI接口新增仅支持Stage模型的约束"")",entry\src\main\ets\pages\ngf\NGFDeviceAwarenessPage.ets:116,未修复,接口定义变更
declare class CommonMethod<T>,ArkTS,7.0.0(26) Beta1,ALL,"=HYPERLINK(""https://developer.huawei.com/consumer/cn/doc/harmonyos-releases/changelogs-for-all-apps-7001/#ch2026010615012"",""ArkUI接口新增仅支持Stage模型的约束"")",entry\src\main\ets\pages\ngf\NGFDeviceAwarenessPage.ets:122,未修复,接口定义变更
declare class CommonMethod<T>,ArkTS,7.0.0(26) Beta1,ALL,"=HYPERLINK(""https://developer.huawei.com/consumer/cn/doc/harmonyos-releases/changelogs-for-all-apps-7001/#ch2026010615012"",""ArkUI接口新增仅支持Stage模型的约束"")",entry\src\main\ets\pages\ngf\NGFDeviceAwarenessPage.ets:144,未修复,接口定义变更
declare class CommonMethod<T>,ArkTS,7.0.0(26) Beta1,ALL,"=HYPERLINK(""https://developer.huawei.com/consumer/cn/doc/harmonyos-releases/changelogs-for-all-apps-7001/#ch2026010615012"",""ArkUI接口新增仅支持Stage模型的约束"")",entry\src\main\ets\pages\ngf\NGFDeviceAwarenessPage.ets:145,未修复,接口定义变更
declare class CommonMethod<T>,ArkTS,7.0.0(26) Beta1,ALL,"=HYPERLINK(""https://developer.huawei.com/consumer/cn/doc/harmonyos-releases/changelogs-for-all-apps-7001/#ch2026010615012"",""ArkUI接口新增仅支持Stage模型的约束"")",entry\src\main\ets\pages\ngf\NGFDeviceAwarenessPage.ets:146,未修复,接口定义变更
declare class CommonMethod<T>,ArkTS,7.0.0(26) Beta1,ALL,"=HYPERLINK(""https://developer.huawei.com/consumer/cn/doc/harmonyos-releases/changelogs-for-all-apps-7001/#ch2026010615012"",""ArkUI接口新增仅支持Stage模型的约束"")",entry\src\main\ets\pages\ngf\NGFDeviceAwarenessPage.ets:147,未修复,接口定义变更
declare class CommonMethod<T>,ArkTS,7.0.0(26) Beta1,ALL,"=HYPERLINK(""https://developer.huawei.com/consumer/cn/doc/harmonyos-releases/changelogs-for-all-apps-7001/#ch2026010615012"",""ArkUI接口新增仅支持Stage模型的约束"")",entry\src\main\ets\pages\ngf\NGFDeviceAwarenessPage.ets:148,未修复,接口定义变更
declare class CommonMethod<T>,ArkTS,7.0.0(26) Beta1,ALL,"=HYPERLINK(""https://developer.huawei.com/consumer/cn/doc/harmonyos-releases/changelogs-for-all-apps-7001/#ch2026010615012"",""ArkUI接口新增仅支持Stage模型的约束"")",entry\src\main\ets\pages\ngf\NGFDeviceAwarenessPage.ets:171,未修复,接口定义变更
declare class CommonMethod<T>,ArkTS,7.0.0(26) Beta1,ALL,"=HYPERLINK(""https://developer.huawei.com/consumer/cn/doc/harmonyos-releases/changelogs-for-all-apps-7001/#ch2026010615012"",""ArkUI接口新增仅支持Stage模型的约束"")",entry\src\main\ets\pages\ngf\NGFDeviceAwarenessPage.ets:172,未修复,接口定义变更
declare class CommonMethod<T>,ArkTS,7.0.0(26) Beta1,ALL,"=HYPERLINK(""https://developer.huawei.com/consumer/cn/doc/harmonyos-releases/changelogs-for-all-apps-7001/#ch2026010615012"",""ArkUI接口新增仅支持Stage模型的约束"")",entry\src\main\ets\pages\ngf\NGFDeviceAwarenessPage.ets:173,未修复,接口定义变更
declare class CommonMethod<T>,ArkTS,7.0.0(26) Beta1,ALL,"=HYPERLINK(""https://developer.huawei.com/consumer/cn/doc/harmonyos-releases/changelogs-for-all-apps-7001/#ch2026010615012"",""ArkUI接口新增仅支持Stage模型的约束"")",entry\src\main\ets\pages\ngf\NGFDeviceAwarenessPage.ets:174,未修复,接口定义变更
declare class CommonMethod<T>,ArkTS,7.0.0(26) Beta1,ALL,"=HYPERLINK(""https://developer.huawei.com/consumer/cn/doc/harmonyos-releases/changelogs-for-all-apps-7001/#ch2026010615012"",""ArkUI接口新增仅支持Stage模型的约束"")",entry\src\main\ets\pages\ngf\NGFDeviceAwarenessPage.ets:175,未修复,接口定义变更
declare class CommonMethod<T>,ArkTS,7.0.0(26) Beta1,ALL,"=HYPERLINK(""https://developer.huawei.com/consumer/cn/doc/harmonyos-releases/changelogs-for-all-apps-7001/#ch2026010615012"",""ArkUI接口新增仅支持Stage模型的约束"")",entry\src\main\ets\pages\ngf\NGFDeviceAwarenessPage.ets:190,未修复,接口定义变更
declare class CommonMethod<T>,ArkTS,7.0.0(26) Beta1,ALL,"=HYPERLINK(""https://developer.huawei.com/consumer/cn/doc/harmonyos-releases/changelogs-for-all-apps-7001/#ch2026010615012"",""ArkUI接口新增仅支持Stage模型的约束"")",entry\src\main\ets\pages\ngf\NGFDeviceAwarenessPage.ets:191,未修复,接口定义变更
declare class CommonMethod<T>,ArkTS,7.0.0(26) Beta1,ALL,"=HYPERLINK(""https://developer.huawei.com/consumer/cn/doc/harmonyos-releases/changelogs-for-all-apps-7001/#ch2026010615012"",""ArkUI接口新增仅支持Stage模型的约束"")",entry\src\main\ets\pages\ngf\NGFDeviceAwarenessPage.ets:192,未修复,接口定义变更
declare class CommonMethod<T>,ArkTS,7.0.0(26) Beta1,ALL,"=HYPERLINK(""https://developer.huawei.com/consumer/cn/doc/harmonyos-releases/changelogs-for-all-apps-7001/#ch2026010615012"",""ArkUI接口新增仅支持Stage模型的约束"")",entry\src\main\ets\pages\ngf\NGFDeviceAwarenessPage.ets:193,未修复,接口定义变更
declare class CommonMethod<T>,ArkTS,7.0.0(26) Beta1,ALL,"=HYPERLINK(""https://developer.huawei.com/consumer/cn/doc/harmonyos-releases/changelogs-for-all-apps-7001/#ch2026010615012"",""ArkUI接口新增仅支持Stage模型的约束"")",entry\src\main\ets\pages\ngf\NGFDeviceAwarenessPage.ets:194,未修复,接口定义变更
declare class CommonMethod<T>,ArkTS,7.0.0(26) Beta1,ALL,"=HYPERLINK(""https://developer.huawei.com/consumer/cn/doc/harmonyos-releases/changelogs-for-all-apps-7001/#ch2026010615012"",""ArkUI接口新增仅支持Stage模型的约束"")",entry\src\main\ets\pages\ngf\NGFDeviceAwarenessPage.ets:37,未修复,接口定义变更
declare class CommonMethod<T>,ArkTS,7.0.0(26) Beta1,ALL,"=HYPERLINK(""https://developer.huawei.com/consumer/cn/doc/harmonyos-releases/changelogs-for-all-apps-7001/#ch2026010615012"",""ArkUI接口新增仅支持Stage模型的约束"")",entry\src\main\ets\pages\ngf\NGFDeviceAwarenessPage.ets:43,未修复,接口定义变更
declare class CommonMethod<T>,ArkTS,7.0.0(26) Beta1,ALL,"=HYPERLINK(""https://developer.huawei.com/consumer/cn/doc/harmonyos-releases/changelogs-for-all-apps-7001/#ch2026010615012"",""ArkUI接口新增仅支持Stage模型的约束"")",entry\src\main\ets\pages\ngf\NGFSettingsPage.ets:100,未修复,接口定义变更
declare class CommonMethod<T>,ArkTS,7.0.0(26) Beta1,ALL,"=HYPERLINK(""https://developer.huawei.com/consumer/cn/doc/harmonyos-releases/changelogs-for-all-apps-7001/#ch2026010615012"",""ArkUI接口新增仅支持Stage模型的约束"")",entry\src\main\ets\pages\ngf\NGFSettingsPage.ets:102,未修复,接口定义变更
declare class CommonMethod<T>,ArkTS,7.0.0(26) Beta1,ALL,"=HYPERLINK(""https://developer.huawei.com/consumer/cn/doc/harmonyos-releases/changelogs-for-all-apps-7001/#ch2026010615012"",""ArkUI接口新增仅支持Stage模型的约束"")",entry\src\main\ets\pages\ngf\NGFSettingsPage.ets:103,未修复,接口定义变更
declare class CommonMethod<T>,ArkTS,7.0.0(26) Beta1,ALL,"=HYPERLINK(""https://developer.huawei.com/consumer/cn/doc/harmonyos-releases/changelogs-for-all-apps-7001/#ch2026010615012"",""ArkUI接口新增仅支持Stage模型的约束"")",entry\src\main\ets\pages\ngf\NGFSettingsPage.ets:104,未修复,接口定义变更
declare class CommonMethod<T>,ArkTS,7.0.0(26) Beta1,ALL,"=HYPERLINK(""https://developer.huawei.com/consumer/cn/doc/harmonyos-releases/changelogs-for-all-apps-7001/#ch2026010615012"",""ArkUI接口新增仅支持Stage模型的约束"")",entry\src\main\ets\pages\ngf\NGFSettingsPage.ets:105,未修复,接口定义变更
declare class CommonMethod<T>,ArkTS,7.0.0(26) Beta1,ALL,"=HYPERLINK(""https://developer.huawei.com/consumer/cn/doc/harmonyos-releases/changelogs-for-all-apps-7001/#ch2026010615012"",""ArkUI接口新增仅支持Stage模型的约束"")",entry\src\main\ets\pages\ngf\NGFSettingsPage.ets:106,未修复,接口定义变更
declare class CommonMethod<T>,ArkTS,7.0.0(26) Beta1,ALL,"=HYPERLINK(""https://developer.huawei.com/consumer/cn/doc/harmonyos-releases/changelogs-for-all-apps-7001/#ch2026010615012"",""ArkUI接口新增仅支持Stage模型的约束"")",entry\src\main\ets\pages\ngf\NGFSettingsPage.ets:121,未修复,接口定义变更
declare class CommonMethod<T>,ArkTS,7.0.0(26) Beta1,ALL,"=HYPERLINK(""https://developer.huawei.com/consumer/cn/doc/harmonyos-releases/changelogs-for-all-apps-7001/#ch2026010615012"",""ArkUI接口新增仅支持Stage模型的约束"")",entry\src\main\ets\pages\ngf\NGFSettingsPage.ets:122,未修复,接口定义变更
declare class CommonMethod<T>,ArkTS,7.0.0(26) Beta1,ALL,"=HYPERLINK(""https://developer.huawei.com/consumer/cn/doc/harmonyos-releases/changelogs-for-all-apps-7001/#ch2026010615012"",""ArkUI接口新增仅支持Stage模型的约束"")",entry\src\main\ets\pages\ngf\NGFSettingsPage.ets:124,未修复,接口定义变更
declare class CommonMethod<T>,ArkTS,7.0.0(26) Beta1,ALL,"=HYPERLINK(""https://developer.huawei.com/consumer/cn/doc/harmonyos-releases/changelogs-for-all-apps-7001/#ch2026010615012"",""ArkUI接口新增仅支持Stage模型的约束"")",entry\src\main\ets\pages\ngf\NGFSettingsPage.ets:125,未修复,接口定义变更
declare class CommonMethod<T>,ArkTS,7.0.0(26) Beta1,ALL,"=HYPERLINK(""https://developer.huawei.com/consumer/cn/doc/harmonyos-releases/changelogs-for-all-apps-7001/#ch2026010615012"",""ArkUI接口新增仅支持Stage模型的约束"")",entry\src\main\ets\pages\ngf\NGFSettingsPage.ets:126,未修复,接口定义变更
declare class CommonMethod<T>,ArkTS,7.0.0(26) Beta1,ALL,"=HYPERLINK(""https://developer.huawei.com/consumer/cn/doc/harmonyos-releases/changelogs-for-all-apps-7001/#ch2026010615012"",""ArkUI接口新增仅支持Stage模型的约束"")",entry\src\main\ets\pages\ngf\NGFSettingsPage.ets:131,未修复,接口定义变更
declare class CommonMethod<T>,ArkTS,7.0.0(26) Beta1,ALL,"=HYPERLINK(""https://developer.huawei.com/consumer/cn/doc/harmonyos-releases/changelogs-for-all-apps-7001/#ch2026010615012"",""ArkUI接口新增仅支持Stage模型的约束"")",entry\src\main\ets\pages\ngf\NGFSettingsPage.ets:132,未修复,接口定义变更
declare class CommonMethod<T>,ArkTS,7.0.0(26) Beta1,ALL,"=HYPERLINK(""https://developer.huawei.com/consumer/cn/doc/harmonyos-releases/changelogs-for-all-apps-7001/#ch2026010615012"",""ArkUI接口新增仅支持Stage模型的约束"")",entry\src\main\ets\pages\ngf\NGFSettingsPage.ets:134,未修复,接口定义变更
declare class CommonMethod<T>,ArkTS,7.0.0(26) Beta1,ALL,"=HYPERLINK(""https://developer.huawei.com/consumer/cn/doc/harmonyos-releases/changelogs-for-all-apps-7001/#ch2026010615012"",""ArkUI接口新增仅支持Stage模型的约束"")",entry\src\main\ets\pages\ngf\NGFSettingsPage.ets:135,未修复,接口定义变更
declare class CommonMethod<T>,ArkTS,7.0.0(26) Beta1,ALL,"=HYPERLINK(""https://developer.huawei.com/consumer/cn/doc/harmonyos-releases/changelogs-for-all-apps-7001/#ch2026010615012"",""ArkUI接口新增仅支持Stage模型的约束"")",entry\src\main\ets\pages\ngf\NGFSettingsPage.ets:136,未修复,接口定义变更
declare class CommonMethod<T>,ArkTS,7.0.0(26) Beta1,ALL,"=HYPERLINK(""https://developer.huawei.com/consumer/cn/doc/harmonyos-releases/changelogs-for-all-apps-7001/#ch2026010615012"",""ArkUI接口新增仅支持Stage模型的约束"")",entry\src\main\ets\pages\ngf\NGFSettingsPage.ets:141,未修复,接口定义变更
declare class CommonMethod<T>,ArkTS,7.0.0(26) Beta1,ALL,"=HYPERLINK(""https://developer.huawei.com/consumer/cn/doc/harmonyos-releases/changelogs-for-all-apps-7001/#ch2026010615012"",""ArkUI接口新增仅支持Stage模型的约束"")",entry\src\main\ets\pages\ngf\NGFSettingsPage.ets:142,未修复,接口定义变更
declare class CommonMethod<T>,ArkTS,7.0.0(26) Beta1,ALL,"=HYPERLINK(""https://developer.huawei.com/consumer/cn/doc/harmonyos-releases/changelogs-for-all-apps-7001/#ch2026010615012"",""ArkUI接口新增仅支持Stage模型的约束"")",entry\src\main\ets\pages\ngf\NGFSettingsPage.ets:144,未修复,接口定义变更
declare class CommonMethod<T>,ArkTS,7.0.0(26) Beta1,ALL,"=HYPERLINK(""https://developer.huawei.com/consumer/cn/doc/harmonyos-releases/changelogs-for-all-apps-7001/#ch2026010615012"",""ArkUI接口新增仅支持Stage模型的约束"")",entry\src\main\ets\pages\ngf\NGFSettingsPage.ets:145,未修复,接口定义变更
declare class CommonMethod<T>,ArkTS,7.0.0(26) Beta1,ALL,"=HYPERLINK(""https://developer.huawei.com/consumer/cn/doc/harmonyos-releases/changelogs-for-all-apps-7001/#ch2026010615012"",""ArkUI接口新增仅支持Stage模型的约束"")",entry\src\main\ets\pages\ngf\NGFSettingsPage.ets:146,未修复,接口定义变更
declare class CommonMethod<T>,ArkTS,7.0.0(26) Beta1,ALL,"=HYPERLINK(""https://developer.huawei.com/consumer/cn/doc/harmonyos-releases/changelogs-for-all-apps-7001/#ch2026010615012"",""ArkUI接口新增仅支持Stage模型的约束"")",entry\src\main\ets\pages\ngf\NGFSettingsPage.ets:150,未修复,接口定义变更
declare class CommonMethod<T>,ArkTS,7.0.0(26) Beta1,ALL,"=HYPERLINK(""https://developer.huawei.com/consumer/cn/doc/harmonyos-releases/changelogs-for-all-apps-7001/#ch2026010615012"",""ArkUI接口新增仅支持Stage模型的约束"")",entry\src\main\ets\pages\ngf\NGFSettingsPage.ets:152,未修复,接口定义变更
declare class CommonMethod<T>,ArkTS,7.0.0(26) Beta1,ALL,"=HYPERLINK(""https://developer.huawei.com/consumer/cn/doc/harmonyos-releases/changelogs-for-all-apps-7001/#ch2026010615012"",""ArkUI接口新增仅支持Stage模型的约束"")",entry\src\main\ets\pages\ngf\NGFSettingsPage.ets:153,未修复,接口定义变更
declare class CommonMethod<T>,ArkTS,7.0.0(26) Beta1,ALL,"=HYPERLINK(""https://developer.huawei.com/consumer/cn/doc/harmonyos-releases/changelogs-for-all-apps-7001/#ch2026010615012"",""ArkUI接口新增仅支持Stage模型的约束"")",entry\src\main\ets\pages\ngf\NGFSettingsPage.ets:154,未修复,接口定义变更
declare class CommonMethod<T>,ArkTS,7.0.0(26) Beta1,ALL,"=HYPERLINK(""https://developer.huawei.com/consumer/cn/doc/harmonyos-releases/changelogs-for-all-apps-7001/#ch2026010615012"",""ArkUI接口新增仅支持Stage模型的约束"")",entry\src\main\ets\pages\ngf\NGFSettingsPage.ets:155,未修复,接口定义变更
declare class CommonMethod<T>,ArkTS,7.0.0(26) Beta1,ALL,"=HYPERLINK(""https://developer.huawei.com/consumer/cn/doc/harmonyos-releases/changelogs-for-all-apps-7001/#ch2026010615012"",""ArkUI接口新增仅支持Stage模型的约束"")",entry\src\main\ets\pages\ngf\NGFSettingsPage.ets:156,未修复,接口定义变更
declare class CommonMethod<T>,ArkTS,7.0.0(26) Beta1,ALL,"=HYPERLINK(""https://developer.huawei.com/consumer/cn/doc/harmonyos-releases/changelogs-for-all-apps-7001/#ch2026010615012"",""ArkUI接口新增仅支持Stage模型的约束"")",entry\src\main\ets\pages\ngf\NGFSettingsPage.ets:171,未修复,接口定义变更
declare class CommonMethod<T>,ArkTS,7.0.0(26) Beta1,ALL,"=HYPERLINK(""https://developer.huawei.com/consumer/cn/doc/harmonyos-releases/changelogs-for-all-apps-7001/#ch2026010615012"",""ArkUI接口新增仅支持Stage模型的约束"")",entry\src\main\ets\pages\ngf\NGFSettingsPage.ets:178,未修复,接口定义变更
declare class CommonMethod<T>,ArkTS,7.0.0(26) Beta1,ALL,"=HYPERLINK(""https://developer.huawei.com/consumer/cn/doc/harmonyos-releases/changelogs-for-all-apps-7001/#ch2026010615012"",""ArkUI接口新增仅支持Stage模型的约束"")",entry\src\main\ets\pages\ngf\NGFSettingsPage.ets:187,未修复,接口定义变更
declare class CommonMethod<T>,ArkTS,7.0.0(26) Beta1,ALL,"=HYPERLINK(""https://developer.huawei.com/consumer/cn/doc/harmonyos-releases/changelogs-for-all-apps-7001/#ch2026010615012"",""ArkUI接口新增仅支持Stage模型的约束"")",entry\src\main\ets\pages\ngf\NGFSettingsPage.ets:191,未修复,接口定义变更
declare class CommonMethod<T>,ArkTS,7.0.0(26) Beta1,ALL,"=HYPERLINK(""https://developer.huawei.com/consumer/cn/doc/harmonyos-releases/changelogs-for-all-apps-7001/#ch2026010615012"",""ArkUI接口新增仅支持Stage模型的约束"")",entry\src\main\ets\pages\ngf\NGFSettingsPage.ets:192,未修复,接口定义变更
declare class CommonMethod<T>,ArkTS,7.0.0(26) Beta1,ALL,"=HYPERLINK(""https://developer.huawei.com/consumer/cn/doc/harmonyos-releases/changelogs-for-all-apps-7001/#ch2026010615012"",""ArkUI接口新增仅支持Stage模型的约束"")",entry\src\main\ets\pages\ngf\NGFSettingsPage.ets:194,未修复,接口定义变更
declare class CommonMethod<T>,ArkTS,7.0.0(26) Beta1,ALL,"=HYPERLINK(""https://developer.huawei.com/consumer/cn/doc/harmonyos-releases/changelogs-for-all-apps-7001/#ch2026010615012"",""ArkUI接口新增仅支持Stage模型的约束"")",entry\src\main\ets\pages\ngf\NGFSettingsPage.ets:195,未修复,接口定义变更
declare class CommonMethod<T>,ArkTS,7.0.0(26) Beta1,ALL,"=HYPERLINK(""https://developer.huawei.com/consumer/cn/doc/harmonyos-releases/changelogs-for-all-apps-7001/#ch2026010615012"",""ArkUI接口新增仅支持Stage模型的约束"")",entry\src\main\ets\pages\ngf\NGFSettingsPage.ets:196,未修复,接口定义变更
declare class CommonMethod<T>,ArkTS,7.0.0(26) Beta1,ALL,"=HYPERLINK(""https://developer.huawei.com/consumer/cn/doc/harmonyos-releases/changelogs-for-all-apps-7001/#ch2026010615012"",""ArkUI接口新增仅支持Stage模型的约束"")",entry\src\main\ets\pages\ngf\NGFSettingsPage.ets:201,未修复,接口定义变更
declare class CommonMethod<T>,ArkTS,7.0.0(26) Beta1,ALL,"=HYPERLINK(""https://developer.huawei.com/consumer/cn/doc/harmonyos-releases/changelogs-for-all-apps-7001/#ch2026010615012"",""ArkUI接口新增仅支持Stage模型的约束"")",entry\src\main\ets\pages\ngf\NGFSettingsPage.ets:202,未修复,接口定义变更
declare class CommonMethod<T>,ArkTS,7.0.0(26) Beta1,ALL,"=HYPERLINK(""https://developer.huawei.com/consumer/cn/doc/harmonyos-releases/changelogs-for-all-apps-7001/#ch2026010615012"",""ArkUI接口新增仅支持Stage模型的约束"")",entry\src\main\ets\pages\ngf\NGFSettingsPage.ets:204,未修复,接口定义变更
declare class CommonMethod<T>,ArkTS,7.0.0(26) Beta1,ALL,"=HYPERLINK(""https://developer.huawei.com/consumer/cn/doc/harmonyos-releases/changelogs-for-all-apps-7001/#ch2026010615012"",""ArkUI接口新增仅支持Stage模型的约束"")",entry\src\main\ets\pages\ngf\NGFSettingsPage.ets:205,未修复,接口定义变更
declare class CommonMethod<T>,ArkTS,7.0.0(26) Beta1,ALL,"=HYPERLINK(""https://developer.huawei.com/consumer/cn/doc/harmonyos-releases/changelogs-for-all-apps-7001/#ch2026010615012"",""ArkUI接口新增仅支持Stage模型的约束"")",entry\src\main\ets\pages\ngf\NGFSettingsPage.ets:206,未修复,接口定义变更
declare class CommonMethod<T>,ArkTS,7.0.0(26) Beta1,ALL,"=HYPERLINK(""https://developer.huawei.com/consumer/cn/doc/harmonyos-releases/changelogs-for-all-apps-7001/#ch2026010615012"",""ArkUI接口新增仅支持Stage模型的约束"")",entry\src\main\ets\pages\ngf\NGFSettingsPage.ets:211,未修复,接口定义变更
declare class CommonMethod<T>,ArkTS,7.0.0(26) Beta1,ALL,"=HYPERLINK(""https://developer.huawei.com/consumer/cn/doc/harmonyos-releases/changelogs-for-all-apps-7001/#ch2026010615012"",""ArkUI接口新增仅支持Stage模型的约束"")",entry\src\main\ets\pages\ngf\NGFSettingsPage.ets:212,未修复,接口定义变更
declare class CommonMethod<T>,ArkTS,7.0.0(26) Beta1,ALL,"=HYPERLINK(""https://developer.huawei.com/consumer/cn/doc/harmonyos-releases/changelogs-for-all-apps-7001/#ch2026010615012"",""ArkUI接口新增仅支持Stage模型的约束"")",entry\src\main\ets\pages\ngf\NGFSettingsPage.ets:214,未修复,接口定义变更
declare class CommonMethod<T>,ArkTS,7.0.0(26) Beta1,ALL,"=HYPERLINK(""https://developer.huawei.com/consumer/cn/doc/harmonyos-releases/changelogs-for-all-apps-7001/#ch2026010615012"",""ArkUI接口新增仅支持Stage模型的约束"")",entry\src\main\ets\pages\ngf\NGFSettingsPage.ets:215,未修复,接口定义变更
declare class CommonMethod<T>,ArkTS,7.0.0(26) Beta1,ALL,"=HYPERLINK(""https://developer.huawei.com/consumer/cn/doc/harmonyos-releases/changelogs-for-all-apps-7001/#ch2026010615012"",""ArkUI接口新增仅支持Stage模型的约束"")",entry\src\main\ets\pages\ngf\NGFSettingsPage.ets:216,未修复,接口定义变更
declare class CommonMethod<T>,ArkTS,7.0.0(26) Beta1,ALL,"=HYPERLINK(""https://developer.huawei.com/consumer/cn/doc/harmonyos-releases/changelogs-for-all-apps-7001/#ch2026010615012"",""ArkUI接口新增仅支持Stage模型的约束"")",entry\src\main\ets\pages\ngf\NGFSettingsPage.ets:221,未修复,接口定义变更
declare class CommonMethod<T>,ArkTS,7.0.0(26) Beta1,ALL,"=HYPERLINK(""https://developer.huawei.com/consumer/cn/doc/harmonyos-releases/changelogs-for-all-apps-7001/#ch2026010615012"",""ArkUI接口新增仅支持Stage模型的约束"")",entry\src\main\ets\pages\ngf\NGFSettingsPage.ets:222,未修复,接口定义变更
declare class CommonMethod<T>,ArkTS,7.0.0(26) Beta1,ALL,"=HYPERLINK(""https://developer.huawei.com/consumer/cn/doc/harmonyos-releases/changelogs-for-all-apps-7001/#ch2026010615012"",""ArkUI接口新增仅支持Stage模型的约束"")",entry\src\main\ets\pages\ngf\NGFSettingsPage.ets:224,未修复,接口定义变更
declare class CommonMethod<T>,ArkTS,7.0.0(26) Beta1,ALL,"=HYPERLINK(""https://developer.huawei.com/consumer/cn/doc/harmonyos-releases/changelogs-for-all-apps-7001/#ch2026010615012"",""ArkUI接口新增仅支持Stage模型的约束"")",entry\src\main\ets\pages\ngf\NGFSettingsPage.ets:225,未修复,接口定义变更
declare class CommonMethod<T>,ArkTS,7.0.0(26) Beta1,ALL,"=HYPERLINK(""https://developer.huawei.com/consumer/cn/doc/harmonyos-releases/changelogs-for-all-apps-7001/#ch2026010615012"",""ArkUI接口新增仅支持Stage模型的约束"")",entry\src\main\ets\pages\ngf\NGFSettingsPage.ets:226,未修复,接口定义变更
declare class CommonMethod<T>,ArkTS,7.0.0(26) Beta1,ALL,"=HYPERLINK(""https://developer.huawei.com/consumer/cn/doc/harmonyos-releases/changelogs-for-all-apps-7001/#ch2026010615012"",""ArkUI接口新增仅支持Stage模型的约束"")",entry\src\main\ets\pages\ngf\NGFSettingsPage.ets:230,未修复,接口定义变更
declare class CommonMethod<T>,ArkTS,7.0.0(26) Beta1,ALL,"=HYPERLINK(""https://developer.huawei.com/consumer/cn/doc/harmonyos-releases/changelogs-for-all-apps-7001/#ch2026010615012"",""ArkUI接口新增仅支持Stage模型的约束"")",entry\src\main\ets\pages\ngf\NGFSettingsPage.ets:232,未修复,接口定义变更
declare class CommonMethod<T>,ArkTS,7.0.0(26) Beta1,ALL,"=HYPERLINK(""https://developer.huawei.com/consumer/cn/doc/harmonyos-releases/changelogs-for-all-apps-7001/#ch2026010615012"",""ArkUI接口新增仅支持Stage模型的约束"")",entry\src\main\ets\pages\ngf\NGFSettingsPage.ets:233,未修复,接口定义变更
declare class CommonMethod<T>,ArkTS,7.0.0(26) Beta1,ALL,"=HYPERLINK(""https://developer.huawei.com/consumer/cn/doc/harmonyos-releases/changelogs-for-all-apps-7001/#ch2026010615012"",""ArkUI接口新增仅支持Stage模型的约束"")",entry\src\main\ets\pages\ngf\NGFSettingsPage.ets:234,未修复,接口定义变更
declare class CommonMethod<T>,ArkTS,7.0.0(26) Beta1,ALL,"=HYPERLINK(""https://developer.huawei.com/consumer/cn/doc/harmonyos-releases/changelogs-for-all-apps-7001/#ch2026010615012"",""ArkUI接口新增仅支持Stage模型的约束"")",entry\src\main\ets\pages\ngf\NGFSettingsPage.ets:235,未修复,接口定义变更
declare class CommonMethod<T>,ArkTS,7.0.0(26) Beta1,ALL,"=HYPERLINK(""https://developer.huawei.com/consumer/cn/doc/harmonyos-releases/changelogs-for-all-apps-7001/#ch2026010615012"",""ArkUI接口新增仅支持Stage模型的约束"")",entry\src\main\ets\pages\ngf\NGFSettingsPage.ets:236,未修复,接口定义变更
declare class CommonMethod<T>,ArkTS,7.0.0(26) Beta1,ALL,"=HYPERLINK(""https://developer.huawei.com/consumer/cn/doc/harmonyos-releases/changelogs-for-all-apps-7001/#ch2026010615012"",""ArkUI接口新增仅支持Stage模型的约束"")",entry\src\main\ets\pages\ngf\NGFSettingsPage.ets:251,未修复,接口定义变更
declare class CommonMethod<T>,ArkTS,7.0.0(26) Beta1,ALL,"=HYPERLINK(""https://developer.huawei.com/consumer/cn/doc/harmonyos-releases/changelogs-for-all-apps-7001/#ch2026010615012"",""ArkUI接口新增仅支持Stage模型的约束"")",entry\src\main\ets\pages\ngf\NGFSettingsPage.ets:252,未修复,接口定义变更
declare class CommonMethod<T>,ArkTS,7.0.0(26) Beta1,ALL,"=HYPERLINK(""https://developer.huawei.com/consumer/cn/doc/harmonyos-releases/changelogs-for-all-apps-7001/#ch2026010615012"",""ArkUI接口新增仅支持Stage模型的约束"")",entry\src\main\ets\pages\ngf\NGFSettingsPage.ets:253,未修复,接口定义变更
declare class CommonMethod<T>,ArkTS,7.0.0(26) Beta1,ALL,"=HYPERLINK(""https://developer.huawei.com/consumer/cn/doc/harmonyos-releases/changelogs-for-all-apps-7001/#ch2026010615012"",""ArkUI接口新增仅支持Stage模型的约束"")",entry\src\main\ets\pages\ngf\NGFSettingsPage.ets:254,未修复,接口定义变更
declare class CommonMethod<T>,ArkTS,7.0.0(26) Beta1,ALL,"=HYPERLINK(""https://developer.huawei.com/consumer/cn/doc/harmonyos-releases/changelogs-for-all-apps-7001/#ch2026010615012"",""ArkUI接口新增仅支持Stage模型的约束"")",entry\src\main\ets\pages\ngf\NGFSettingsPage.ets:255,未修复,接口定义变更
declare class CommonMethod<T>,ArkTS,7.0.0(26) Beta1,ALL,"=HYPERLINK(""https://developer.huawei.com/consumer/cn/doc/harmonyos-releases/changelogs-for-all-apps-7001/#ch2026010615012"",""ArkUI接口新增仅支持Stage模型的约束"")",entry\src\main\ets\pages\ngf\NGFSettingsPage.ets:271,未修复,接口定义变更
declare class CommonMethod<T>,ArkTS,7.0.0(26) Beta1,ALL,"=HYPERLINK(""https://developer.huawei.com/consumer/cn/doc/harmonyos-releases/changelogs-for-all-apps-7001/#ch2026010615012"",""ArkUI接口新增仅支持Stage模型的约束"")",entry\src\main\ets\pages\ngf\NGFSettingsPage.ets:272,未修复,接口定义变更
declare class CommonMethod<T>,ArkTS,7.0.0(26) Beta1,ALL,"=HYPERLINK(""https://developer.huawei.com/consumer/cn/doc/harmonyos-releases/changelogs-for-all-apps-7001/#ch2026010615012"",""ArkUI接口新增仅支持Stage模型的约束"")",entry\src\main\ets\pages\ngf\NGFSettingsPage.ets:273,未修复,接口定义变更
declare class CommonMethod<T>,ArkTS,7.0.0(26) Beta1,ALL,"=HYPERLINK(""https://developer.huawei.com/consumer/cn/doc/harmonyos-releases/changelogs-for-all-apps-7001/#ch2026010615012"",""ArkUI接口新增仅支持Stage模型的约束"")",entry\src\main\ets\pages\ngf\NGFSettingsPage.ets:274,未修复,接口定义变更
declare class CommonMethod<T>,ArkTS,7.0.0(26) Beta1,ALL,"=HYPERLINK(""https://developer.huawei.com/consumer/cn/doc/harmonyos-releases/changelogs-for-all-apps-7001/#ch2026010615012"",""ArkUI接口新增仅支持Stage模型的约束"")",entry\src\main\ets\pages\ngf\NGFSettingsPage.ets:275,未修复,接口定义变更
declare class CommonMethod<T>,ArkTS,7.0.0(26) Beta1,ALL,"=HYPERLINK(""https://developer.huawei.com/consumer/cn/doc/harmonyos-releases/changelogs-for-all-apps-7001/#ch2026010615012"",""ArkUI接口新增仅支持Stage模型的约束"")",entry\src\main\ets\pages\ngf\NGFSettingsPage.ets:276,未修复,接口定义变更
declare class CommonMethod<T>,ArkTS,7.0.0(26) Beta1,ALL,"=HYPERLINK(""https://developer.huawei.com/consumer/cn/doc/harmonyos-releases/changelogs-for-all-apps-7001/#ch2026010615012"",""ArkUI接口新增仅支持Stage模型的约束"")",entry\src\main\ets\pages\ngf\NGFSettingsPage.ets:310,未修复,接口定义变更
declare class CommonMethod<T>,ArkTS,7.0.0(26) Beta1,ALL,"=HYPERLINK(""https://developer.huawei.com/consumer/cn/doc/harmonyos-releases/changelogs-for-all-apps-7001/#ch2026010615012"",""ArkUI接口新增仅支持Stage模型的约束"")",entry\src\main\ets\pages\ngf\NGFSettingsPage.ets:316,未修复,接口定义变更
declare class CommonMethod<T>,ArkTS,7.0.0(26) Beta1,ALL,"=HYPERLINK(""https://developer.huawei.com/consumer/cn/doc/harmonyos-releases/changelogs-for-all-apps-7001/#ch2026010615012"",""ArkUI接口新增仅支持Stage模型的约束"")",entry\src\main\ets\pages\ngf\NGFSettingsPage.ets:55,未修复,接口定义变更
declare class CommonMethod<T>,ArkTS,7.0.0(26) Beta1,ALL,"=HYPERLINK(""https://developer.huawei.com/consumer/cn/doc/harmonyos-releases/changelogs-for-all-apps-7001/#ch2026010615012"",""ArkUI接口新增仅支持Stage模型的约束"")",entry\src\main\ets\pages\ngf\NGFSettingsPage.ets:71,未修复,接口定义变更
declare class CommonMethod<T>,ArkTS,7.0.0(26) Beta1,ALL,"=HYPERLINK(""https://developer.huawei.com/consumer/cn/doc/harmonyos-releases/changelogs-for-all-apps-7001/#ch2026010615012"",""ArkUI接口新增仅支持Stage模型的约束"")",entry\src\main\ets\pages\ngf\NGFSettingsPage.ets:72,未修复,接口定义变更
declare class CommonMethod<T>,ArkTS,7.0.0(26) Beta1,ALL,"=HYPERLINK(""https://developer.huawei.com/consumer/cn/doc/harmonyos-releases/changelogs-for-all-apps-7001/#ch2026010615012"",""ArkUI接口新增仅支持Stage模型的约束"")",entry\src\main\ets\pages\ngf\NGFSettingsPage.ets:74,未修复,接口定义变更
declare class CommonMethod<T>,ArkTS,7.0.0(26) Beta1,ALL,"=HYPERLINK(""https://developer.huawei.com/consumer/cn/doc/harmonyos-releases/changelogs-for-all-apps-7001/#ch2026010615012"",""ArkUI接口新增仅支持Stage模型的约束"")",entry\src\main\ets\pages\ngf\NGFSettingsPage.ets:75,未修复,接口定义变更
declare class CommonMethod<T>,ArkTS,7.0.0(26) Beta1,ALL,"=HYPERLINK(""https://developer.huawei.com/consumer/cn/doc/harmonyos-releases/changelogs-for-all-apps-7001/#ch2026010615012"",""ArkUI接口新增仅支持Stage模型的约束"")",entry\src\main\ets\pages\ngf\NGFSettingsPage.ets:76,未修复,接口定义变更
declare class CommonMethod<T>,ArkTS,7.0.0(26) Beta1,ALL,"=HYPERLINK(""https://developer.huawei.com/consumer/cn/doc/harmonyos-releases/changelogs-for-all-apps-7001/#ch2026010615012"",""ArkUI接口新增仅支持Stage模型的约束"")",entry\src\main\ets\pages\ngf\NGFSettingsPage.ets:81,未修复,接口定义变更
declare class CommonMethod<T>,ArkTS,7.0.0(26) Beta1,ALL,"=HYPERLINK(""https://developer.huawei.com/consumer/cn/doc/harmonyos-releases/changelogs-for-all-apps-7001/#ch2026010615012"",""ArkUI接口新增仅支持Stage模型的约束"")",entry\src\main\ets\pages\ngf\NGFSettingsPage.ets:82,未修复,接口定义变更
declare class CommonMethod<T>,ArkTS,7.0.0(26) Beta1,ALL,"=HYPERLINK(""https://developer.huawei.com/consumer/cn/doc/harmonyos-releases/changelogs-for-all-apps-7001/#ch2026010615012"",""ArkUI接口新增仅支持Stage模型的约束"")",entry\src\main\ets\pages\ngf\NGFSettingsPage.ets:84,未修复,接口定义变更
declare class CommonMethod<T>,ArkTS,7.0.0(26) Beta1,ALL,"=HYPERLINK(""https://developer.huawei.com/consumer/cn/doc/harmonyos-releases/changelogs-for-all-apps-7001/#ch2026010615012"",""ArkUI接口新增仅支持Stage模型的约束"")",entry\src\main\ets\pages\ngf\NGFSettingsPage.ets:85,未修复,接口定义变更
declare class CommonMethod<T>,ArkTS,7.0.0(26) Beta1,ALL,"=HYPERLINK(""https://developer.huawei.com/consumer/cn/doc/harmonyos-releases/changelogs-for-all-apps-7001/#ch2026010615012"",""ArkUI接口新增仅支持Stage模型的约束"")",entry\src\main\ets\pages\ngf\NGFSettingsPage.ets:86,未修复,接口定义变更
declare class CommonMethod<T>,ArkTS,7.0.0(26) Beta1,ALL,"=HYPERLINK(""https://developer.huawei.com/consumer/cn/doc/harmonyos-releases/changelogs-for-all-apps-7001/#ch2026010615012"",""ArkUI接口新增仅支持Stage模型的约束"")",entry\src\main\ets\pages\ngf\NGFSettingsPage.ets:91,未修复,接口定义变更
declare class CommonMethod<T>,ArkTS,7.0.0(26) Beta1,ALL,"=HYPERLINK(""https://developer.huawei.com/consumer/cn/doc/harmonyos-releases/changelogs-for-all-apps-7001/#ch2026010615012"",""ArkUI接口新增仅支持Stage模型的约束"")",entry\src\main\ets\pages\ngf\NGFSettingsPage.ets:92,未修复,接口定义变更
declare class CommonMethod<T>,ArkTS,7.0.0(26) Beta1,ALL,"=HYPERLINK(""https://developer.huawei.com/consumer/cn/doc/harmonyos-releases/changelogs-for-all-apps-7001/#ch2026010615012"",""ArkUI接口新增仅支持Stage模型的约束"")",entry\src\main\ets\pages\ngf\NGFSettingsPage.ets:94,未修复,接口定义变更
declare class CommonMethod<T>,ArkTS,7.0.0(26) Beta1,ALL,"=HYPERLINK(""https://developer.huawei.com/consumer/cn/doc/harmonyos-releases/changelogs-for-all-apps-7001/#ch2026010615012"",""ArkUI接口新增仅支持Stage模型的约束"")",entry\src\main\ets\pages\ngf\NGFSettingsPage.ets:95,未修复,接口定义变更
declare class CommonMethod<T>,ArkTS,7.0.0(26) Beta1,ALL,"=HYPERLINK(""https://developer.huawei.com/consumer/cn/doc/harmonyos-releases/changelogs-for-all-apps-7001/#ch2026010615012"",""ArkUI接口新增仅支持Stage模型的约束"")",entry\src\main\ets\pages\ngf\NGFSettingsPage.ets:96,未修复,接口定义变更
declare class CommonMethod<T>,ArkTS,7.0.0(26) Beta1,ALL,"=HYPERLINK(""https://developer.huawei.com/consumer/cn/doc/harmonyos-releases/changelogs-for-all-apps-7001/#ch2026010615012"",""ArkUI接口新增仅支持Stage模型的约束"")",entry\src\main\ets\pages\ngf\NGFTaskManagerPage.ets:100,未修复,接口定义变更
declare class CommonMethod<T>,ArkTS,7.0.0(26) Beta1,ALL,"=HYPERLINK(""https://developer.huawei.com/consumer/cn/doc/harmonyos-releases/changelogs-for-all-apps-7001/#ch2026010615012"",""ArkUI接口新增仅支持Stage模型的约束"")",entry\src\main\ets\pages\ngf\NGFTaskManagerPage.ets:102,未修复,接口定义变更
declare class CommonMethod<T>,ArkTS,7.0.0(26) Beta1,ALL,"=HYPERLINK(""https://developer.huawei.com/consumer/cn/doc/harmonyos-releases/changelogs-for-all-apps-7001/#ch2026010615012"",""ArkUI接口新增仅支持Stage模型的约束"")",entry\src\main\ets\pages\ngf\NGFTaskManagerPage.ets:104,未修复,接口定义变更
declare class CommonMethod<T>,ArkTS,7.0.0(26) Beta1,ALL,"=HYPERLINK(""https://developer.huawei.com/consumer/cn/doc/harmonyos-releases/changelogs-for-all-apps-7001/#ch2026010615012"",""ArkUI接口新增仅支持Stage模型的约束"")",entry\src\main\ets\pages\ngf\NGFTaskManagerPage.ets:105,未修复,接口定义变更
declare class CommonMethod<T>,ArkTS,7.0.0(26) Beta1,ALL,"=HYPERLINK(""https://developer.huawei.com/consumer/cn/doc/harmonyos-releases/changelogs-for-all-apps-7001/#ch2026010615012"",""ArkUI接口新增仅支持Stage模型的约束"")",entry\src\main\ets\pages\ngf\NGFTaskManagerPage.ets:108,未修复,接口定义变更
declare class CommonMethod<T>,ArkTS,7.0.0(26) Beta1,ALL,"=HYPERLINK(""https://developer.huawei.com/consumer/cn/doc/harmonyos-releases/changelogs-for-all-apps-7001/#ch2026010615012"",""ArkUI接口新增仅支持Stage模型的约束"")",entry\src\main\ets\pages\ngf\NGFTaskManagerPage.ets:109,未修复,接口定义变更
declare class CommonMethod<T>,ArkTS,7.0.0(26) Beta1,ALL,"=HYPERLINK(""https://developer.huawei.com/consumer/cn/doc/harmonyos-releases/changelogs-for-all-apps-7001/#ch2026010615012"",""ArkUI接口新增仅支持Stage模型的约束"")",entry\src\main\ets\pages\ngf\NGFTaskManagerPage.ets:110,未修复,接口定义变更
declare class CommonMethod<T>,ArkTS,7.0.0(26) Beta1,ALL,"=HYPERLINK(""https://developer.huawei.com/consumer/cn/doc/harmonyos-releases/changelogs-for-all-apps-7001/#ch2026010615012"",""ArkUI接口新增仅支持Stage模型的约束"")",entry\src\main\ets\pages\ngf\NGFTaskManagerPage.ets:112,未修复,接口定义变更
declare class CommonMethod<T>,ArkTS,7.0.0(26) Beta1,ALL,"=HYPERLINK(""https://developer.huawei.com/consumer/cn/doc/harmonyos-releases/changelogs-for-all-apps-7001/#ch2026010615012"",""ArkUI接口新增仅支持Stage模型的约束"")",entry\src\main\ets\pages\ngf\NGFTaskManagerPage.ets:114,未修复,接口定义变更
declare class CommonMethod<T>,ArkTS,7.0.0(26) Beta1,ALL,"=HYPERLINK(""https://developer.huawei.com/consumer/cn/doc/harmonyos-releases/changelogs-for-all-apps-7001/#ch2026010615012"",""ArkUI接口新增仅支持Stage模型的约束"")",entry\src\main\ets\pages\ngf\NGFTaskManagerPage.ets:115,未修复,接口定义变更
declare class CommonMethod<T>,ArkTS,7.0.0(26) Beta1,ALL,"=HYPERLINK(""https://developer.huawei.com/consumer/cn/doc/harmonyos-releases/changelogs-for-all-apps-7001/#ch2026010615012"",""ArkUI接口新增仅支持Stage模型的约束"")",entry\src\main\ets\pages\ngf\NGFTaskManagerPage.ets:118,未修复,接口定义变更
declare class CommonMethod<T>,ArkTS,7.0.0(26) Beta1,ALL,"=HYPERLINK(""https://developer.huawei.com/consumer/cn/doc/harmonyos-releases/changelogs-for-all-apps-7001/#ch2026010615012"",""ArkUI接口新增仅支持Stage模型的约束"")",entry\src\main\ets\pages\ngf\NGFTaskManagerPage.ets:119,未修复,接口定义变更
declare class CommonMethod<T>,ArkTS,7.0.0(26) Beta1,ALL,"=HYPERLINK(""https://developer.huawei.com/consumer/cn/doc/harmonyos-releases/changelogs-for-all-apps-7001/#ch2026010615012"",""ArkUI接口新增仅支持Stage模型的约束"")",entry\src\main\ets\pages\ngf\NGFTaskManagerPage.ets:120,未修复,接口定义变更
declare class CommonMethod<T>,ArkTS,7.0.0(26) Beta1,ALL,"=HYPERLINK(""https://developer.huawei.com/consumer/cn/doc/harmonyos-releases/changelogs-for-all-apps-7001/#ch2026010615012"",""ArkUI接口新增仅支持Stage模型的约束"")",entry\src\main\ets\pages\ngf\NGFTaskManagerPage.ets:122,未修复,接口定义变更
declare class CommonMethod<T>,ArkTS,7.0.0(26) Beta1,ALL,"=HYPERLINK(""https://developer.huawei.com/consumer/cn/doc/harmonyos-releases/changelogs-for-all-apps-7001/#ch2026010615012"",""ArkUI接口新增仅支持Stage模型的约束"")",entry\src\main\ets\pages\ngf\NGFTaskManagerPage.ets:124,未修复,接口定义变更
declare class CommonMethod<T>,ArkTS,7.0.0(26) Beta1,ALL,"=HYPERLINK(""https://developer.huawei.com/consumer/cn/doc/harmonyos-releases/changelogs-for-all-apps-7001/#ch2026010615012"",""ArkUI接口新增仅支持Stage模型的约束"")",entry\src\main\ets\pages\ngf\NGFTaskManagerPage.ets:125,未修复,接口定义变更
declare class CommonMethod<T>,ArkTS,7.0.0(26) Beta1,ALL,"=HYPERLINK(""https://developer.huawei.com/consumer/cn/doc/harmonyos-releases/changelogs-for-all-apps-7001/#ch2026010615012"",""ArkUI接口新增仅支持Stage模型的约束"")",entry\src\main\ets\pages\ngf\NGFTaskManagerPage.ets:127,未修复,接口定义变更
declare class CommonMethod<T>,ArkTS,7.0.0(26) Beta1,ALL,"=HYPERLINK(""https://developer.huawei.com/consumer/cn/doc/harmonyos-releases/changelogs-for-all-apps-7001/#ch2026010615012"",""ArkUI接口新增仅支持Stage模型的约束"")",entry\src\main\ets\pages\ngf\NGFTaskManagerPage.ets:136,未修复,接口定义变更
declare class CommonMethod<T>,ArkTS,7.0.0(26) Beta1,ALL,"=HYPERLINK(""https://developer.huawei.com/consumer/cn/doc/harmonyos-releases/changelogs-for-all-apps-7001/#ch2026010615012"",""ArkUI接口新增仅支持Stage模型的约束"")",entry\src\main\ets\pages\ngf\NGFTaskManagerPage.ets:137,未修复,接口定义变更
declare class CommonMethod<T>,ArkTS,7.0.0(26) Beta1,ALL,"=HYPERLINK(""https://developer.huawei.com/consumer/cn/doc/harmonyos-releases/changelogs-for-all-apps-7001/#ch2026010615012"",""ArkUI接口新增仅支持Stage模型的约束"")",entry\src\main\ets\pages\ngf\NGFTaskManagerPage.ets:140,未修复,接口定义变更
declare class CommonMethod<T>,ArkTS,7.0.0(26) Beta1,ALL,"=HYPERLINK(""https://developer.huawei.com/consumer/cn/doc/harmonyos-releases/changelogs-for-all-apps-7001/#ch2026010615012"",""ArkUI接口新增仅支持Stage模型的约束"")",entry\src\main\ets\pages\ngf\NGFTaskManagerPage.ets:141,未修复,接口定义变更
declare class CommonMethod<T>,ArkTS,7.0.0(26) Beta1,ALL,"=HYPERLINK(""https://developer.huawei.com/consumer/cn/doc/harmonyos-releases/changelogs-for-all-apps-7001/#ch2026010615012"",""ArkUI接口新增仅支持Stage模型的约束"")",entry\src\main\ets\pages\ngf\NGFTaskManagerPage.ets:143,未修复,接口定义变更
declare class CommonMethod<T>,ArkTS,7.0.0(26) Beta1,ALL,"=HYPERLINK(""https://developer.huawei.com/consumer/cn/doc/harmonyos-releases/changelogs-for-all-apps-7001/#ch2026010615012"",""ArkUI接口新增仅支持Stage模型的约束"")",entry\src\main\ets\pages\ngf\NGFTaskManagerPage.ets:144,未修复,接口定义变更
declare class CommonMethod<T>,ArkTS,7.0.0(26) Beta1,ALL,"=HYPERLINK(""https://developer.huawei.com/consumer/cn/doc/harmonyos-releases/changelogs-for-all-apps-7001/#ch2026010615012"",""ArkUI接口新增仅支持Stage模型的约束"")",entry\src\main\ets\pages\ngf\NGFTaskManagerPage.ets:147,未修复,接口定义变更
declare class CommonMethod<T>,ArkTS,7.0.0(26) Beta1,ALL,"=HYPERLINK(""https://developer.huawei.com/consumer/cn/doc/harmonyos-releases/changelogs-for-all-apps-7001/#ch2026010615012"",""ArkUI接口新增仅支持Stage模型的约束"")",entry\src\main\ets\pages\ngf\NGFTaskManagerPage.ets:148,未修复,接口定义变更
declare class CommonMethod<T>,ArkTS,7.0.0(26) Beta1,ALL,"=HYPERLINK(""https://developer.huawei.com/consumer/cn/doc/harmonyos-releases/changelogs-for-all-apps-7001/#ch2026010615012"",""ArkUI接口新增仅支持Stage模型的约束"")",entry\src\main\ets\pages\ngf\NGFTaskManagerPage.ets:150,未修复,接口定义变更
declare class CommonMethod<T>,ArkTS,7.0.0(26) Beta1,ALL,"=HYPERLINK(""https://developer.huawei.com/consumer/cn/doc/harmonyos-releases/changelogs-for-all-apps-7001/#ch2026010615012"",""ArkUI接口新增仅支持Stage模型的约束"")",entry\src\main\ets\pages\ngf\NGFTaskManagerPage.ets:151,未修复,接口定义变更
declare class CommonMethod<T>,ArkTS,7.0.0(26) Beta1,ALL,"=HYPERLINK(""https://developer.huawei.com/consumer/cn/doc/harmonyos-releases/changelogs-for-all-apps-7001/#ch2026010615012"",""ArkUI接口新增仅支持Stage模型的约束"")",entry\src\main\ets\pages\ngf\NGFTaskManagerPage.ets:184,未修复,接口定义变更
declare class CommonMethod<T>,ArkTS,7.0.0(26) Beta1,ALL,"=HYPERLINK(""https://developer.huawei.com/consumer/cn/doc/harmonyos-releases/changelogs-for-all-apps-7001/#ch2026010615012"",""ArkUI接口新增仅支持Stage模型的约束"")",entry\src\main\ets\pages\ngf\NGFTaskManagerPage.ets:185,未修复,接口定义变更
declare class CommonMethod<T>,ArkTS,7.0.0(26) Beta1,ALL,"=HYPERLINK(""https://developer.huawei.com/consumer/cn/doc/harmonyos-releases/changelogs-for-all-apps-7001/#ch2026010615012"",""ArkUI接口新增仅支持Stage模型的约束"")",entry\src\main\ets\pages\ngf\NGFTaskManagerPage.ets:186,未修复,接口定义变更
declare class CommonMethod<T>,ArkTS,7.0.0(26) Beta1,ALL,"=HYPERLINK(""https://developer.huawei.com/consumer/cn/doc/harmonyos-releases/changelogs-for-all-apps-7001/#ch2026010615012"",""ArkUI接口新增仅支持Stage模型的约束"")",entry\src\main\ets\pages\ngf\NGFTaskManagerPage.ets:190,未修复,接口定义变更
declare class CommonMethod<T>,ArkTS,7.0.0(26) Beta1,ALL,"=HYPERLINK(""https://developer.huawei.com/consumer/cn/doc/harmonyos-releases/changelogs-for-all-apps-7001/#ch2026010615012"",""ArkUI接口新增仅支持Stage模型的约束"")",entry\src\main\ets\pages\ngf\NGFTaskManagerPage.ets:191,未修复,接口定义变更
declare class CommonMethod<T>,ArkTS,7.0.0(26) Beta1,ALL,"=HYPERLINK(""https://developer.huawei.com/consumer/cn/doc/harmonyos-releases/changelogs-for-all-apps-7001/#ch2026010615012"",""ArkUI接口新增仅支持Stage模型的约束"")",entry\src\main\ets\pages\ngf\NGFTaskManagerPage.ets:305,未修复,接口定义变更
declare class CommonMethod<T>,ArkTS,7.0.0(26) Beta1,ALL,"=HYPERLINK(""https://developer.huawei.com/consumer/cn/doc/harmonyos-releases/changelogs-for-all-apps-7001/#ch2026010615012"",""ArkUI接口新增仅支持Stage模型的约束"")",entry\src\main\ets\pages\ngf\NGFTaskManagerPage.ets:309,未修复,接口定义变更
declare class CommonMethod<T>,ArkTS,7.0.0(26) Beta1,ALL,"=HYPERLINK(""https://developer.huawei.com/consumer/cn/doc/harmonyos-releases/changelogs-for-all-apps-7001/#ch2026010615012"",""ArkUI接口新增仅支持Stage模型的约束"")",entry\src\main\ets\pages\ngf\NGFTaskManagerPage.ets:310,未修复,接口定义变更
declare class CommonMethod<T>,ArkTS,7.0.0(26) Beta1,ALL,"=HYPERLINK(""https://developer.huawei.com/consumer/cn/doc/harmonyos-releases/changelogs-for-all-apps-7001/#ch2026010615012"",""ArkUI接口新增仅支持Stage模型的约束"")",entry\src\main\ets\pages\ngf\NGFTaskManagerPage.ets:311,未修复,接口定义变更
declare class CommonMethod<T>,ArkTS,7.0.0(26) Beta1,ALL,"=HYPERLINK(""https://developer.huawei.com/consumer/cn/doc/harmonyos-releases/changelogs-for-all-apps-7001/#ch2026010615012"",""ArkUI接口新增仅支持Stage模型的约束"")",entry\src\main\ets\pages\ngf\NGFTaskManagerPage.ets:313,未修复,接口定义变更
declare class CommonMethod<T>,ArkTS,7.0.0(26) Beta1,ALL,"=HYPERLINK(""https://developer.huawei.com/consumer/cn/doc/harmonyos-releases/changelogs-for-all-apps-7001/#ch2026010615012"",""ArkUI接口新增仅支持Stage模型的约束"")",entry\src\main\ets\pages\ngf\NGFTaskManagerPage.ets:325,未修复,接口定义变更
declare class CommonMethod<T>,ArkTS,7.0.0(26) Beta1,ALL,"=HYPERLINK(""https://developer.huawei.com/consumer/cn/doc/harmonyos-releases/changelogs-for-all-apps-7001/#ch2026010615012"",""ArkUI接口新增仅支持Stage模型的约束"")",entry\src\main\ets\pages\ngf\NGFTaskManagerPage.ets:326,未修复,接口定义变更
declare class CommonMethod<T>,ArkTS,7.0.0(26) Beta1,ALL,"=HYPERLINK(""https://developer.huawei.com/consumer/cn/doc/harmonyos-releases/changelogs-for-all-apps-7001/#ch2026010615012"",""ArkUI接口新增仅支持Stage模型的约束"")",entry\src\main\ets\pages\ngf\NGFTaskManagerPage.ets:327,未修复,接口定义变更
declare class CommonMethod<T>,ArkTS,7.0.0(26) Beta1,ALL,"=HYPERLINK(""https://developer.huawei.com/consumer/cn/doc/harmonyos-releases/changelogs-for-all-apps-7001/#ch2026010615012"",""ArkUI接口新增仅支持Stage模型的约束"")",entry\src\main\ets\pages\ngf\NGFTaskManagerPage.ets:328,未修复,接口定义变更
declare class CommonMethod<T>,ArkTS,7.0.0(26) Beta1,ALL,"=HYPERLINK(""https://developer.huawei.com/consumer/cn/doc/harmonyos-releases/changelogs-for-all-apps-7001/#ch2026010615012"",""ArkUI接口新增仅支持Stage模型的约束"")",entry\src\main\ets\pages\ngf\NGFTaskManagerPage.ets:329,未修复,接口定义变更
declare class CommonMethod<T>,ArkTS,7.0.0(26) Beta1,ALL,"=HYPERLINK(""https://developer.huawei.com/consumer/cn/doc/harmonyos-releases/changelogs-for-all-apps-7001/#ch2026010615012"",""ArkUI接口新增仅支持Stage模型的约束"")",entry\src\main\ets\pages\ngf\NGFTaskManagerPage.ets:330,未修复,接口定义变更
declare class CommonMethod<T>,ArkTS,7.0.0(26) Beta1,ALL,"=HYPERLINK(""https://developer.huawei.com/consumer/cn/doc/harmonyos-releases/changelogs-for-all-apps-7001/#ch2026010615012"",""ArkUI接口新增仅支持Stage模型的约束"")",entry\src\main\ets\pages\ngf\NGFTaskManagerPage.ets:69,未修复,接口定义变更
declare class CommonMethod<T>,ArkTS,7.0.0(26) Beta1,ALL,"=HYPERLINK(""https://developer.huawei.com/consumer/cn/doc/harmonyos-releases/changelogs-for-all-apps-7001/#ch2026010615012"",""ArkUI接口新增仅支持Stage模型的约束"")",entry\src\main\ets\pages\ngf\NGFTaskManagerPage.ets:72,未修复,接口定义变更
declare class CommonMethod<T>,ArkTS,7.0.0(26) Beta1,ALL,"=HYPERLINK(""https://developer.huawei.com/consumer/cn/doc/harmonyos-releases/changelogs-for-all-apps-7001/#ch2026010615012"",""ArkUI接口新增仅支持Stage模型的约束"")",entry\src\main\ets\pages\ngf\NGFTaskManagerPage.ets:73,未修复,接口定义变更
declare class CommonMethod<T>,ArkTS,7.0.0(26) Beta1,ALL,"=HYPERLINK(""https://developer.huawei.com/consumer/cn/doc/harmonyos-releases/changelogs-for-all-apps-7001/#ch2026010615012"",""ArkUI接口新增仅支持Stage模型的约束"")",entry\src\main\ets\pages\ngf\NGFTaskManagerPage.ets:75,未修复,接口定义变更
declare class CommonMethod<T>,ArkTS,7.0.0(26) Beta1,ALL,"=HYPERLINK(""https://developer.huawei.com/consumer/cn/doc/harmonyos-releases/changelogs-for-all-apps-7001/#ch2026010615012"",""ArkUI接口新增仅支持Stage模型的约束"")",entry\src\main\ets\pages\ngf\NGFTaskManagerPage.ets:76,未修复,接口定义变更
declare class CommonMethod<T>,ArkTS,7.0.0(26) Beta1,ALL,"=HYPERLINK(""https://developer.huawei.com/consumer/cn/doc/harmonyos-releases/changelogs-for-all-apps-7001/#ch2026010615012"",""ArkUI接口新增仅支持Stage模型的约束"")",entry\src\main\ets\pages\ngf\NGFTaskManagerPage.ets:84,未修复,接口定义变更
declare class CommonMethod<T>,ArkTS,7.0.0(26) Beta1,ALL,"=HYPERLINK(""https://developer.huawei.com/consumer/cn/doc/harmonyos-releases/changelogs-for-all-apps-7001/#ch2026010615012"",""ArkUI接口新增仅支持Stage模型的约束"")",entry\src\main\ets\pages\ngf\NGFTaskManagerPage.ets:88,未修复,接口定义变更
declare class CommonMethod<T>,ArkTS,7.0.0(26) Beta1,ALL,"=HYPERLINK(""https://developer.huawei.com/consumer/cn/doc/harmonyos-releases/changelogs-for-all-apps-7001/#ch2026010615012"",""ArkUI接口新增仅支持Stage模型的约束"")",entry\src\main\ets\pages\ngf\NGFTaskManagerPage.ets:89,未修复,接口定义变更
declare class CommonMethod<T>,ArkTS,7.0.0(26) Beta1,ALL,"=HYPERLINK(""https://developer.huawei.com/consumer/cn/doc/harmonyos-releases/changelogs-for-all-apps-7001/#ch2026010615012"",""ArkUI接口新增仅支持Stage模型的约束"")",entry\src\main\ets\pages\ngf\NGFTaskManagerPage.ets:90,未修复,接口定义变更
declare class CommonMethod<T>,ArkTS,7.0.0(26) Beta1,ALL,"=HYPERLINK(""https://developer.huawei.com/consumer/cn/doc/harmonyos-releases/changelogs-for-all-apps-7001/#ch2026010615012"",""ArkUI接口新增仅支持Stage模型的约束"")",entry\src\main\ets\pages\ngf\NGFTaskManagerPage.ets:92,未修复,接口定义变更
declare class CommonMethod<T>,ArkTS,7.0.0(26) Beta1,ALL,"=HYPERLINK(""https://developer.huawei.com/consumer/cn/doc/harmonyos-releases/changelogs-for-all-apps-7001/#ch2026010615012"",""ArkUI接口新增仅支持Stage模型的约束"")",entry\src\main\ets\pages\ngf\NGFTaskManagerPage.ets:94,未修复,接口定义变更
declare class CommonMethod<T>,ArkTS,7.0.0(26) Beta1,ALL,"=HYPERLINK(""https://developer.huawei.com/consumer/cn/doc/harmonyos-releases/changelogs-for-all-apps-7001/#ch2026010615012"",""ArkUI接口新增仅支持Stage模型的约束"")",entry\src\main\ets\pages\ngf\NGFTaskManagerPage.ets:95,未修复,接口定义变更
declare class CommonMethod<T>,ArkTS,7.0.0(26) Beta1,ALL,"=HYPERLINK(""https://developer.huawei.com/consumer/cn/doc/harmonyos-releases/changelogs-for-all-apps-7001/#ch2026010615012"",""ArkUI接口新增仅支持Stage模型的约束"")",entry\src\main\ets\pages\ngf\NGFTaskManagerPage.ets:98,未修复,接口定义变更
declare class CommonMethod<T>,ArkTS,7.0.0(26) Beta1,ALL,"=HYPERLINK(""https://developer.huawei.com/consumer/cn/doc/harmonyos-releases/changelogs-for-all-apps-7001/#ch2026010615012"",""ArkUI接口新增仅支持Stage模型的约束"")",entry\src\main\ets\pages\ngf\NGFTaskManagerPage.ets:99,未修复,接口定义变更
declare class CommonMethod<T>,ArkTS,7.0.0(26) Beta1,ALL,"=HYPERLINK(""https://developer.huawei.com/consumer/cn/doc/harmonyos-releases/changelogs-for-all-apps-7001/#ch2026010615012"",""ArkUI接口新增仅支持Stage模型的约束"")",entry\src\main\ets\pages\ngf\SystemResourcePreviewPage.ets:100,未修复,接口定义变更
declare class CommonMethod<T>,ArkTS,7.0.0(26) Beta1,ALL,"=HYPERLINK(""https://developer.huawei.com/consumer/cn/doc/harmonyos-releases/changelogs-for-all-apps-7001/#ch2026010615012"",""ArkUI接口新增仅支持Stage模型的约束"")",entry\src\main\ets\pages\ngf\SystemResourcePreviewPage.ets:101,未修复,接口定义变更
declare class CommonMethod<T>,ArkTS,7.0.0(26) Beta1,ALL,"=HYPERLINK(""https://developer.huawei.com/consumer/cn/doc/harmonyos-releases/changelogs-for-all-apps-7001/#ch2026010615012"",""ArkUI接口新增仅支持Stage模型的约束"")",entry\src\main\ets\pages\ngf\SystemResourcePreviewPage.ets:150,未修复,接口定义变更
declare class CommonMethod<T>,ArkTS,7.0.0(26) Beta1,ALL,"=HYPERLINK(""https://developer.huawei.com/consumer/cn/doc/harmonyos-releases/changelogs-for-all-apps-7001/#ch2026010615012"",""ArkUI接口新增仅支持Stage模型的约束"")",entry\src\main\ets\pages\ngf\SystemResourcePreviewPage.ets:153,未修复,接口定义变更
declare class CommonMethod<T>,ArkTS,7.0.0(26) Beta1,ALL,"=HYPERLINK(""https://developer.huawei.com/consumer/cn/doc/harmonyos-releases/changelogs-for-all-apps-7001/#ch2026010615012"",""ArkUI接口新增仅支持Stage模型的约束"")",entry\src\main\ets\pages\ngf\SystemResourcePreviewPage.ets:161,未修复,接口定义变更
declare class CommonMethod<T>,ArkTS,7.0.0(26) Beta1,ALL,"=HYPERLINK(""https://developer.huawei.com/consumer/cn/doc/harmonyos-releases/changelogs-for-all-apps-7001/#ch2026010615012"",""ArkUI接口新增仅支持Stage模型的约束"")",entry\src\main\ets\pages\ngf\SystemResourcePreviewPage.ets:175,未修复,接口定义变更
declare class CommonMethod<T>,ArkTS,7.0.0(26) Beta1,ALL,"=HYPERLINK(""https://developer.huawei.com/consumer/cn/doc/harmonyos-releases/changelogs-for-all-apps-7001/#ch2026010615012"",""ArkUI接口新增仅支持Stage模型的约束"")",entry\src\main\ets\pages\ngf\SystemResourcePreviewPage.ets:176,未修复,接口定义变更
declare class CommonMethod<T>,ArkTS,7.0.0(26) Beta1,ALL,"=HYPERLINK(""https://developer.huawei.com/consumer/cn/doc/harmonyos-releases/changelogs-for-all-apps-7001/#ch2026010615012"",""ArkUI接口新增仅支持Stage模型的约束"")",entry\src\main\ets\pages\ngf\SystemResourcePreviewPage.ets:177,未修复,接口定义变更
declare class CommonMethod<T>,ArkTS,7.0.0(26) Beta1,ALL,"=HYPERLINK(""https://developer.huawei.com/consumer/cn/doc/harmonyos-releases/changelogs-for-all-apps-7001/#ch2026010615012"",""ArkUI接口新增仅支持Stage模型的约束"")",entry\src\main\ets\pages\ngf\SystemResourcePreviewPage.ets:178,未修复,接口定义变更
declare class CommonMethod<T>,ArkTS,7.0.0(26) Beta1,ALL,"=HYPERLINK(""https://developer.huawei.com/consumer/cn/doc/harmonyos-releases/changelogs-for-all-apps-7001/#ch2026010615012"",""ArkUI接口新增仅支持Stage模型的约束"")",entry\src\main\ets\pages\ngf\SystemResourcePreviewPage.ets:179,未修复,接口定义变更
declare class CommonMethod<T>,ArkTS,7.0.0(26) Beta1,ALL,"=HYPERLINK(""https://developer.huawei.com/consumer/cn/doc/harmonyos-releases/changelogs-for-all-apps-7001/#ch2026010615012"",""ArkUI接口新增仅支持Stage模型的约束"")",entry\src\main\ets\pages\ngf\SystemResourcePreviewPage.ets:186,未修复,接口定义变更
declare class CommonMethod<T>,ArkTS,7.0.0(26) Beta1,ALL,"=HYPERLINK(""https://developer.huawei.com/consumer/cn/doc/harmonyos-releases/changelogs-for-all-apps-7001/#ch2026010615012"",""ArkUI接口新增仅支持Stage模型的约束"")",entry\src\main\ets\pages\ngf\SystemResourcePreviewPage.ets:189,未修复,接口定义变更
declare class CommonMethod<T>,ArkTS,7.0.0(26) Beta1,ALL,"=HYPERLINK(""https://developer.huawei.com/consumer/cn/doc/harmonyos-releases/changelogs-for-all-apps-7001/#ch2026010615012"",""ArkUI接口新增仅支持Stage模型的约束"")",entry\src\main\ets\pages\ngf\SystemResourcePreviewPage.ets:192,未修复,接口定义变更
declare class CommonMethod<T>,ArkTS,7.0.0(26) Beta1,ALL,"=HYPERLINK(""https://developer.huawei.com/consumer/cn/doc/harmonyos-releases/changelogs-for-all-apps-7001/#ch2026010615012"",""ArkUI接口新增仅支持Stage模型的约束"")",entry\src\main\ets\pages\ngf\SystemResourcePreviewPage.ets:193,未修复,接口定义变更
declare class CommonMethod<T>,ArkTS,7.0.0(26) Beta1,ALL,"=HYPERLINK(""https://developer.huawei.com/consumer/cn/doc/harmonyos-releases/changelogs-for-all-apps-7001/#ch2026010615012"",""ArkUI接口新增仅支持Stage模型的约束"")",entry\src\main\ets\pages\ngf\SystemResourcePreviewPage.ets:194,未修复,接口定义变更
declare class CommonMethod<T>,ArkTS,7.0.0(26) Beta1,ALL,"=HYPERLINK(""https://developer.huawei.com/consumer/cn/doc/harmonyos-releases/changelogs-for-all-apps-7001/#ch2026010615012"",""ArkUI接口新增仅支持Stage模型的约束"")",entry\src\main\ets\pages\ngf\SystemResourcePreviewPage.ets:198,未修复,接口定义变更
declare class CommonMethod<T>,ArkTS,7.0.0(26) Beta1,ALL,"=HYPERLINK(""https://developer.huawei.com/consumer/cn/doc/harmonyos-releases/changelogs-for-all-apps-7001/#ch2026010615012"",""ArkUI接口新增仅支持Stage模型的约束"")",entry\src\main\ets\pages\ngf\SystemResourcePreviewPage.ets:199,未修复,接口定义变更
declare class CommonMethod<T>,ArkTS,7.0.0(26) Beta1,ALL,"=HYPERLINK(""https://developer.huawei.com/consumer/cn/doc/harmonyos-releases/changelogs-for-all-apps-7001/#ch2026010615012"",""ArkUI接口新增仅支持Stage模型的约束"")",entry\src\main\ets\pages\ngf\SystemResourcePreviewPage.ets:209,未修复,接口定义变更
declare class CommonMethod<T>,ArkTS,7.0.0(26) Beta1,ALL,"=HYPERLINK(""https://developer.huawei.com/consumer/cn/doc/harmonyos-releases/changelogs-for-all-apps-7001/#ch2026010615012"",""ArkUI接口新增仅支持Stage模型的约束"")",entry\src\main\ets\pages\ngf\SystemResourcePreviewPage.ets:210,未修复,接口定义变更
declare class CommonMethod<T>,ArkTS,7.0.0(26) Beta1,ALL,"=HYPERLINK(""https://developer.huawei.com/consumer/cn/doc/harmonyos-releases/changelogs-for-all-apps-7001/#ch2026010615012"",""ArkUI接口新增仅支持Stage模型的约束"")",entry\src\main\ets\pages\ngf\SystemResourcePreviewPage.ets:212,未修复,接口定义变更
declare class CommonMethod<T>,ArkTS,7.0.0(26) Beta1,ALL,"=HYPERLINK(""https://developer.huawei.com/consumer/cn/doc/harmonyos-releases/changelogs-for-all-apps-7001/#ch2026010615012"",""ArkUI接口新增仅支持Stage模型的约束"")",entry\src\main\ets\pages\ngf\SystemResourcePreviewPage.ets:213,未修复,接口定义变更
declare class CommonMethod<T>,ArkTS,7.0.0(26) Beta1,ALL,"=HYPERLINK(""https://developer.huawei.com/consumer/cn/doc/harmonyos-releases/changelogs-for-all-apps-7001/#ch2026010615012"",""ArkUI接口新增仅支持Stage模型的约束"")",entry\src\main\ets\pages\ngf\SystemResourcePreviewPage.ets:214,未修复,接口定义变更
declare class CommonMethod<T>,ArkTS,7.0.0(26) Beta1,ALL,"=HYPERLINK(""https://developer.huawei.com/consumer/cn/doc/harmonyos-releases/changelogs-for-all-apps-7001/#ch2026010615012"",""ArkUI接口新增仅支持Stage模型的约束"")",entry\src\main\ets\pages\ngf\SystemResourcePreviewPage.ets:215,未修复,接口定义变更
declare class CommonMethod<T>,ArkTS,7.0.0(26) Beta1,ALL,"=HYPERLINK(""https://developer.huawei.com/consumer/cn/doc/harmonyos-releases/changelogs-for-all-apps-7001/#ch2026010615012"",""ArkUI接口新增仅支持Stage模型的约束"")",entry\src\main\ets\pages\ngf\SystemResourcePreviewPage.ets:244,未修复,接口定义变更
declare class CommonMethod<T>,ArkTS,7.0.0(26) Beta1,ALL,"=HYPERLINK(""https://developer.huawei.com/consumer/cn/doc/harmonyos-releases/changelogs-for-all-apps-7001/#ch2026010615012"",""ArkUI接口新增仅支持Stage模型的约束"")",entry\src\main\ets\pages\ngf\SystemResourcePreviewPage.ets:245,未修复,接口定义变更
declare class CommonMethod<T>,ArkTS,7.0.0(26) Beta1,ALL,"=HYPERLINK(""https://developer.huawei.com/consumer/cn/doc/harmonyos-releases/changelogs-for-all-apps-7001/#ch2026010615012"",""ArkUI接口新增仅支持Stage模型的约束"")",entry\src\main\ets\pages\ngf\SystemResourcePreviewPage.ets:246,未修复,接口定义变更
declare class CommonMethod<T>,ArkTS,7.0.0(26) Beta1,ALL,"=HYPERLINK(""https://developer.huawei.com/consumer/cn/doc/harmonyos-releases/changelogs-for-all-apps-7001/#ch2026010615012"",""ArkUI接口新增仅支持Stage模型的约束"")",entry\src\main\ets\pages\ngf\SystemResourcePreviewPage.ets:247,未修复,接口定义变更
declare class CommonMethod<T>,ArkTS,7.0.0(26) Beta1,ALL,"=HYPERLINK(""https://developer.huawei.com/consumer/cn/doc/harmonyos-releases/changelogs-for-all-apps-7001/#ch2026010615012"",""ArkUI接口新增仅支持Stage模型的约束"")",entry\src\main\ets\pages\ngf\SystemResourcePreviewPage.ets:254,未修复,接口定义变更
declare class CommonMethod<T>,ArkTS,7.0.0(26) Beta1,ALL,"=HYPERLINK(""https://developer.huawei.com/consumer/cn/doc/harmonyos-releases/changelogs-for-all-apps-7001/#ch2026010615012"",""ArkUI接口新增仅支持Stage模型的约束"")",entry\src\main\ets\pages\ngf\SystemResourcePreviewPage.ets:255,未修复,接口定义变更
declare class CommonMethod<T>,ArkTS,7.0.0(26) Beta1,ALL,"=HYPERLINK(""https://developer.huawei.com/consumer/cn/doc/harmonyos-releases/changelogs-for-all-apps-7001/#ch2026010615012"",""ArkUI接口新增仅支持Stage模型的约束"")",entry\src\main\ets\pages\ngf\SystemResourcePreviewPage.ets:257,未修复,接口定义变更
declare class CommonMethod<T>,ArkTS,7.0.0(26) Beta1,ALL,"=HYPERLINK(""https://developer.huawei.com/consumer/cn/doc/harmonyos-releases/changelogs-for-all-apps-7001/#ch2026010615012"",""ArkUI接口新增仅支持Stage模型的约束"")",entry\src\main\ets\pages\ngf\SystemResourcePreviewPage.ets:274,未修复,接口定义变更
declare class CommonMethod<T>,ArkTS,7.0.0(26) Beta1,ALL,"=HYPERLINK(""https://developer.huawei.com/consumer/cn/doc/harmonyos-releases/changelogs-for-all-apps-7001/#ch2026010615012"",""ArkUI接口新增仅支持Stage模型的约束"")",entry\src\main\ets\pages\ngf\SystemResourcePreviewPage.ets:277,未修复,接口定义变更
declare class CommonMethod<T>,ArkTS,7.0.0(26) Beta1,ALL,"=HYPERLINK(""https://developer.huawei.com/consumer/cn/doc/harmonyos-releases/changelogs-for-all-apps-7001/#ch2026010615012"",""ArkUI接口新增仅支持Stage模型的约束"")",entry\src\main\ets\pages\ngf\SystemResourcePreviewPage.ets:278,未修复,接口定义变更
declare class CommonMethod<T>,ArkTS,7.0.0(26) Beta1,ALL,"=HYPERLINK(""https://developer.huawei.com/consumer/cn/doc/harmonyos-releases/changelogs-for-all-apps-7001/#ch2026010615012"",""ArkUI接口新增仅支持Stage模型的约束"")",entry\src\main\ets\pages\ngf\SystemResourcePreviewPage.ets:279,未修复,接口定义变更
declare class CommonMethod<T>,ArkTS,7.0.0(26) Beta1,ALL,"=HYPERLINK(""https://developer.huawei.com/consumer/cn/doc/harmonyos-releases/changelogs-for-all-apps-7001/#ch2026010615012"",""ArkUI接口新增仅支持Stage模型的约束"")",entry\src\main\ets\pages\ngf\SystemResourcePreviewPage.ets:287,未修复,接口定义变更
declare class CommonMethod<T>,ArkTS,7.0.0(26) Beta1,ALL,"=HYPERLINK(""https://developer.huawei.com/consumer/cn/doc/harmonyos-releases/changelogs-for-all-apps-7001/#ch2026010615012"",""ArkUI接口新增仅支持Stage模型的约束"")",entry\src\main\ets\pages\ngf\SystemResourcePreviewPage.ets:292,未修复,接口定义变更
declare class CommonMethod<T>,ArkTS,7.0.0(26) Beta1,ALL,"=HYPERLINK(""https://developer.huawei.com/consumer/cn/doc/harmonyos-releases/changelogs-for-all-apps-7001/#ch2026010615012"",""ArkUI接口新增仅支持Stage模型的约束"")",entry\src\main\ets\pages\ngf\SystemResourcePreviewPage.ets:297,未修复,接口定义变更
declare class CommonMethod<T>,ArkTS,7.0.0(26) Beta1,ALL,"=HYPERLINK(""https://developer.huawei.com/consumer/cn/doc/harmonyos-releases/changelogs-for-all-apps-7001/#ch2026010615012"",""ArkUI接口新增仅支持Stage模型的约束"")",entry\src\main\ets\pages\ngf\SystemResourcePreviewPage.ets:300,未修复,接口定义变更
declare class CommonMethod<T>,ArkTS,7.0.0(26) Beta1,ALL,"=HYPERLINK(""https://developer.huawei.com/consumer/cn/doc/harmonyos-releases/changelogs-for-all-apps-7001/#ch2026010615012"",""ArkUI接口新增仅支持Stage模型的约束"")",entry\src\main\ets\pages\ngf\SystemResourcePreviewPage.ets:301,未修复,接口定义变更
declare class CommonMethod<T>,ArkTS,7.0.0(26) Beta1,ALL,"=HYPERLINK(""https://developer.huawei.com/consumer/cn/doc/harmonyos-releases/changelogs-for-all-apps-7001/#ch2026010615012"",""ArkUI接口新增仅支持Stage模型的约束"")",entry\src\main\ets\pages\ngf\SystemResourcePreviewPage.ets:302,未修复,接口定义变更
declare class CommonMethod<T>,ArkTS,7.0.0(26) Beta1,ALL,"=HYPERLINK(""https://developer.huawei.com/consumer/cn/doc/harmonyos-releases/changelogs-for-all-apps-7001/#ch2026010615012"",""ArkUI接口新增仅支持Stage模型的约束"")",entry\src\main\ets\pages\ngf\SystemResourcePreviewPage.ets:303,未修复,接口定义变更
declare class CommonMethod<T>,ArkTS,7.0.0(26) Beta1,ALL,"=HYPERLINK(""https://developer.huawei.com/consumer/cn/doc/harmonyos-releases/changelogs-for-all-apps-7001/#ch2026010615012"",""ArkUI接口新增仅支持Stage模型的约束"")",entry\src\main\ets\pages\ngf\SystemResourcePreviewPage.ets:304,未修复,接口定义变更
declare class CommonMethod<T>,ArkTS,7.0.0(26) Beta1,ALL,"=HYPERLINK(""https://developer.huawei.com/consumer/cn/doc/harmonyos-releases/changelogs-for-all-apps-7001/#ch2026010615012"",""ArkUI接口新增仅支持Stage模型的约束"")",entry\src\main\ets\pages\ngf\SystemResourcePreviewPage.ets:320,未修复,接口定义变更
declare class CommonMethod<T>,ArkTS,7.0.0(26) Beta1,ALL,"=HYPERLINK(""https://developer.huawei.com/consumer/cn/doc/harmonyos-releases/changelogs-for-all-apps-7001/#ch2026010615012"",""ArkUI接口新增仅支持Stage模型的约束"")",entry\src\main\ets\pages\ngf\SystemResourcePreviewPage.ets:336,未修复,接口定义变更
declare class CommonMethod<T>,ArkTS,7.0.0(26) Beta1,ALL,"=HYPERLINK(""https://developer.huawei.com/consumer/cn/doc/harmonyos-releases/changelogs-for-all-apps-7001/#ch2026010615012"",""ArkUI接口新增仅支持Stage模型的约束"")",entry\src\main\ets\pages\ngf\SystemResourcePreviewPage.ets:337,未修复,接口定义变更
declare class CommonMethod<T>,ArkTS,7.0.0(26) Beta1,ALL,"=HYPERLINK(""https://developer.huawei.com/consumer/cn/doc/harmonyos-releases/changelogs-for-all-apps-7001/#ch2026010615012"",""ArkUI接口新增仅支持Stage模型的约束"")",entry\src\main\ets\pages\ngf\SystemResourcePreviewPage.ets:338,未修复,接口定义变更
declare class CommonMethod<T>,ArkTS,7.0.0(26) Beta1,ALL,"=HYPERLINK(""https://developer.huawei.com/consumer/cn/doc/harmonyos-releases/changelogs-for-all-apps-7001/#ch2026010615012"",""ArkUI接口新增仅支持Stage模型的约束"")",entry\src\main\ets\pages\ngf\SystemResourcePreviewPage.ets:339,未修复,接口定义变更
declare class CommonMethod<T>,ArkTS,7.0.0(26) Beta1,ALL,"=HYPERLINK(""https://developer.huawei.com/consumer/cn/doc/harmonyos-releases/changelogs-for-all-apps-7001/#ch2026010615012"",""ArkUI接口新增仅支持Stage模型的约束"")",entry\src\main\ets\pages\ngf\SystemResourcePreviewPage.ets:340,未修复,接口定义变更
declare class CommonMethod<T>,ArkTS,7.0.0(26) Beta1,ALL,"=HYPERLINK(""https://developer.huawei.com/consumer/cn/doc/harmonyos-releases/changelogs-for-all-apps-7001/#ch2026010615012"",""ArkUI接口新增仅支持Stage模型的约束"")",entry\src\main\ets\pages\ngf\SystemResourcePreviewPage.ets:341,未修复,接口定义变更
declare class CommonMethod<T>,ArkTS,7.0.0(26) Beta1,ALL,"=HYPERLINK(""https://developer.huawei.com/consumer/cn/doc/harmonyos-releases/changelogs-for-all-apps-7001/#ch2026010615012"",""ArkUI接口新增仅支持Stage模型的约束"")",entry\src\main\ets\pages\ngf\SystemResourcePreviewPage.ets:346,未修复,接口定义变更
declare class CommonMethod<T>,ArkTS,7.0.0(26) Beta1,ALL,"=HYPERLINK(""https://developer.huawei.com/consumer/cn/doc/harmonyos-releases/changelogs-for-all-apps-7001/#ch2026010615012"",""ArkUI接口新增仅支持Stage模型的约束"")",entry\src\main\ets\pages\ngf\SystemResourcePreviewPage.ets:348,未修复,接口定义变更
declare class CommonMethod<T>,ArkTS,7.0.0(26) Beta1,ALL,"=HYPERLINK(""https://developer.huawei.com/consumer/cn/doc/harmonyos-releases/changelogs-for-all-apps-7001/#ch2026010615012"",""ArkUI接口新增仅支持Stage模型的约束"")",entry\src\main\ets\pages\ngf\SystemResourcePreviewPage.ets:349,未修复,接口定义变更
declare class CommonMethod<T>,ArkTS,7.0.0(26) Beta1,ALL,"=HYPERLINK(""https://developer.huawei.com/consumer/cn/doc/harmonyos-releases/changelogs-for-all-apps-7001/#ch2026010615012"",""ArkUI接口新增仅支持Stage模型的约束"")",entry\src\main\ets\pages\ngf\SystemResourcePreviewPage.ets:350,未修复,接口定义变更
declare class CommonMethod<T>,ArkTS,7.0.0(26) Beta1,ALL,"=HYPERLINK(""https://developer.huawei.com/consumer/cn/doc/harmonyos-releases/changelogs-for-all-apps-7001/#ch2026010615012"",""ArkUI接口新增仅支持Stage模型的约束"")",entry\src\main\ets\pages\ngf\SystemResourcePreviewPage.ets:351,未修复,接口定义变更
declare class CommonMethod<T>,ArkTS,7.0.0(26) Beta1,ALL,"=HYPERLINK(""https://developer.huawei.com/consumer/cn/doc/harmonyos-releases/changelogs-for-all-apps-7001/#ch2026010615012"",""ArkUI接口新增仅支持Stage模型的约束"")",entry\src\main\ets\pages\ngf\SystemResourcePreviewPage.ets:352,未修复,接口定义变更
declare class CommonMethod<T>,ArkTS,7.0.0(26) Beta1,ALL,"=HYPERLINK(""https://developer.huawei.com/consumer/cn/doc/harmonyos-releases/changelogs-for-all-apps-7001/#ch2026010615012"",""ArkUI接口新增仅支持Stage模型的约束"")",entry\src\main\ets\pages\ngf\SystemResourcePreviewPage.ets:361,未修复,接口定义变更
declare class CommonMethod<T>,ArkTS,7.0.0(26) Beta1,ALL,"=HYPERLINK(""https://developer.huawei.com/consumer/cn/doc/harmonyos-releases/changelogs-for-all-apps-7001/#ch2026010615012"",""ArkUI接口新增仅支持Stage模型的约束"")",entry\src\main\ets\pages\ngf\SystemResourcePreviewPage.ets:362,未修复,接口定义变更
declare class CommonMethod<T>,ArkTS,7.0.0(26) Beta1,ALL,"=HYPERLINK(""https://developer.huawei.com/consumer/cn/doc/harmonyos-releases/changelogs-for-all-apps-7001/#ch2026010615012"",""ArkUI接口新增仅支持Stage模型的约束"")",entry\src\main\ets\pages\ngf\SystemResourcePreviewPage.ets:363,未修复,接口定义变更
declare class CommonMethod<T>,ArkTS,7.0.0(26) Beta1,ALL,"=HYPERLINK(""https://developer.huawei.com/consumer/cn/doc/harmonyos-releases/changelogs-for-all-apps-7001/#ch2026010615012"",""ArkUI接口新增仅支持Stage模型的约束"")",entry\src\main\ets\pages\ngf\SystemResourcePreviewPage.ets:364,未修复,接口定义变更
declare class CommonMethod<T>,ArkTS,7.0.0(26) Beta1,ALL,"=HYPERLINK(""https://developer.huawei.com/consumer/cn/doc/harmonyos-releases/changelogs-for-all-apps-7001/#ch2026010615012"",""ArkUI接口新增仅支持Stage模型的约束"")",entry\src\main\ets\pages\ngf\SystemResourcePreviewPage.ets:365,未修复,接口定义变更
declare class CommonMethod<T>,ArkTS,7.0.0(26) Beta1,ALL,"=HYPERLINK(""https://developer.huawei.com/consumer/cn/doc/harmonyos-releases/changelogs-for-all-apps-7001/#ch2026010615012"",""ArkUI接口新增仅支持Stage模型的约束"")",entry\src\main\ets\pages\ngf\SystemResourcePreviewPage.ets:382,未修复,接口定义变更
declare class CommonMethod<T>,ArkTS,7.0.0(26) Beta1,ALL,"=HYPERLINK(""https://developer.huawei.com/consumer/cn/doc/harmonyos-releases/changelogs-for-all-apps-7001/#ch2026010615012"",""ArkUI接口新增仅支持Stage模型的约束"")",entry\src\main\ets\pages\ngf\SystemResourcePreviewPage.ets:383,未修复,接口定义变更
declare class CommonMethod<T>,ArkTS,7.0.0(26) Beta1,ALL,"=HYPERLINK(""https://developer.huawei.com/consumer/cn/doc/harmonyos-releases/changelogs-for-all-apps-7001/#ch2026010615012"",""ArkUI接口新增仅支持Stage模型的约束"")",entry\src\main\ets\pages\ngf\SystemResourcePreviewPage.ets:388,未修复,接口定义变更
declare class CommonMethod<T>,ArkTS,7.0.0(26) Beta1,ALL,"=HYPERLINK(""https://developer.huawei.com/consumer/cn/doc/harmonyos-releases/changelogs-for-all-apps-7001/#ch2026010615012"",""ArkUI接口新增仅支持Stage模型的约束"")",entry\src\main\ets\pages\ngf\SystemResourcePreviewPage.ets:389,未修复,接口定义变更
declare class CommonMethod<T>,ArkTS,7.0.0(26) Beta1,ALL,"=HYPERLINK(""https://developer.huawei.com/consumer/cn/doc/harmonyos-releases/changelogs-for-all-apps-7001/#ch2026010615012"",""ArkUI接口新增仅支持Stage模型的约束"")",entry\src\main\ets\pages\ngf\SystemResourcePreviewPage.ets:390,未修复,接口定义变更
declare class CommonMethod<T>,ArkTS,7.0.0(26) Beta1,ALL,"=HYPERLINK(""https://developer.huawei.com/consumer/cn/doc/harmonyos-releases/changelogs-for-all-apps-7001/#ch2026010615012"",""ArkUI接口新增仅支持Stage模型的约束"")",entry\src\main\ets\pages\ngf\SystemResourcePreviewPage.ets:391,未修复,接口定义变更
declare class CommonMethod<T>,ArkTS,7.0.0(26) Beta1,ALL,"=HYPERLINK(""https://developer.huawei.com/consumer/cn/doc/harmonyos-releases/changelogs-for-all-apps-7001/#ch2026010615012"",""ArkUI接口新增仅支持Stage模型的约束"")",entry\src\main\ets\pages\ngf\SystemResourcePreviewPage.ets:392,未修复,接口定义变更
declare class CommonMethod<T>,ArkTS,7.0.0(26) Beta1,ALL,"=HYPERLINK(""https://developer.huawei.com/consumer/cn/doc/harmonyos-releases/changelogs-for-all-apps-7001/#ch2026010615012"",""ArkUI接口新增仅支持Stage模型的约束"")",entry\src\main\ets\pages\ngf\SystemResourcePreviewPage.ets:402,未修复,接口定义变更
declare class CommonMethod<T>,ArkTS,7.0.0(26) Beta1,ALL,"=HYPERLINK(""https://developer.huawei.com/consumer/cn/doc/harmonyos-releases/changelogs-for-all-apps-7001/#ch2026010615012"",""ArkUI接口新增仅支持Stage模型的约束"")",entry\src\main\ets\pages\ngf\SystemResourcePreviewPage.ets:410,未修复,接口定义变更
declare class CommonMethod<T>,ArkTS,7.0.0(26) Beta1,ALL,"=HYPERLINK(""https://developer.huawei.com/consumer/cn/doc/harmonyos-releases/changelogs-for-all-apps-7001/#ch2026010615012"",""ArkUI接口新增仅支持Stage模型的约束"")",entry\src\main\ets\pages\ngf\SystemResourcePreviewPage.ets:420,未修复,接口定义变更
declare class CommonMethod<T>,ArkTS,7.0.0(26) Beta1,ALL,"=HYPERLINK(""https://developer.huawei.com/consumer/cn/doc/harmonyos-releases/changelogs-for-all-apps-7001/#ch2026010615012"",""ArkUI接口新增仅支持Stage模型的约束"")",entry\src\main\ets\pages\ngf\SystemResourcePreviewPage.ets:423,未修复,接口定义变更
declare class CommonMethod<T>,ArkTS,7.0.0(26) Beta1,ALL,"=HYPERLINK(""https://developer.huawei.com/consumer/cn/doc/harmonyos-releases/changelogs-for-all-apps-7001/#ch2026010615012"",""ArkUI接口新增仅支持Stage模型的约束"")",entry\src\main\ets\pages\ngf\SystemResourcePreviewPage.ets:436,未修复,接口定义变更
declare class CommonMethod<T>,ArkTS,7.0.0(26) Beta1,ALL,"=HYPERLINK(""https://developer.huawei.com/consumer/cn/doc/harmonyos-releases/changelogs-for-all-apps-7001/#ch2026010615012"",""ArkUI接口新增仅支持Stage模型的约束"")",entry\src\main\ets\pages\ngf\SystemResourcePreviewPage.ets:439,未修复,接口定义变更
declare class CommonMethod<T>,ArkTS,7.0.0(26) Beta1,ALL,"=HYPERLINK(""https://developer.huawei.com/consumer/cn/doc/harmonyos-releases/changelogs-for-all-apps-7001/#ch2026010615012"",""ArkUI接口新增仅支持Stage模型的约束"")",entry\src\main\ets\pages\ngf\SystemResourcePreviewPage.ets:450,未修复,接口定义变更
declare class CommonMethod<T>,ArkTS,7.0.0(26) Beta1,ALL,"=HYPERLINK(""https://developer.huawei.com/consumer/cn/doc/harmonyos-releases/changelogs-for-all-apps-7001/#ch2026010615012"",""ArkUI接口新增仅支持Stage模型的约束"")",entry\src\main\ets\pages\ngf\SystemResourcePreviewPage.ets:451,未修复,接口定义变更
declare class CommonMethod<T>,ArkTS,7.0.0(26) Beta1,ALL,"=HYPERLINK(""https://developer.huawei.com/consumer/cn/doc/harmonyos-releases/changelogs-for-all-apps-7001/#ch2026010615012"",""ArkUI接口新增仅支持Stage模型的约束"")",entry\src\main\ets\pages\ngf\SystemResourcePreviewPage.ets:453,未修复,接口定义变更
declare class CommonMethod<T>,ArkTS,7.0.0(26) Beta1,ALL,"=HYPERLINK(""https://developer.huawei.com/consumer/cn/doc/harmonyos-releases/changelogs-for-all-apps-7001/#ch2026010615012"",""ArkUI接口新增仅支持Stage模型的约束"")",entry\src\main\ets\pages\ngf\SystemResourcePreviewPage.ets:454,未修复,接口定义变更
declare class CommonMethod<T>,ArkTS,7.0.0(26) Beta1,ALL,"=HYPERLINK(""https://developer.huawei.com/consumer/cn/doc/harmonyos-releases/changelogs-for-all-apps-7001/#ch2026010615012"",""ArkUI接口新增仅支持Stage模型的约束"")",entry\src\main\ets\pages\ngf\SystemResourcePreviewPage.ets:455,未修复,接口定义变更
declare class CommonMethod<T>,ArkTS,7.0.0(26) Beta1,ALL,"=HYPERLINK(""https://developer.huawei.com/consumer/cn/doc/harmonyos-releases/changelogs-for-all-apps-7001/#ch2026010615012"",""ArkUI接口新增仅支持Stage模型的约束"")",entry\src\main\ets\pages\ngf\SystemResourcePreviewPage.ets:471,未修复,接口定义变更
declare class CommonMethod<T>,ArkTS,7.0.0(26) Beta1,ALL,"=HYPERLINK(""https://developer.huawei.com/consumer/cn/doc/harmonyos-releases/changelogs-for-all-apps-7001/#ch2026010615012"",""ArkUI接口新增仅支持Stage模型的约束"")",entry\src\main\ets\pages\ngf\SystemResourcePreviewPage.ets:472,未修复,接口定义变更
declare class CommonMethod<T>,ArkTS,7.0.0(26) Beta1,ALL,"=HYPERLINK(""https://developer.huawei.com/consumer/cn/doc/harmonyos-releases/changelogs-for-all-apps-7001/#ch2026010615012"",""ArkUI接口新增仅支持Stage模型的约束"")",entry\src\main\ets\pages\ngf\SystemResourcePreviewPage.ets:473,未修复,接口定义变更
declare class CommonMethod<T>,ArkTS,7.0.0(26) Beta1,ALL,"=HYPERLINK(""https://developer.huawei.com/consumer/cn/doc/harmonyos-releases/changelogs-for-all-apps-7001/#ch2026010615012"",""ArkUI接口新增仅支持Stage模型的约束"")",entry\src\main\ets\pages\ngf\SystemResourcePreviewPage.ets:475,未修复,接口定义变更
declare class CommonMethod<T>,ArkTS,7.0.0(26) Beta1,ALL,"=HYPERLINK(""https://developer.huawei.com/consumer/cn/doc/harmonyos-releases/changelogs-for-all-apps-7001/#ch2026010615012"",""ArkUI接口新增仅支持Stage模型的约束"")",entry\src\main\ets\pages\ngf\SystemResourcePreviewPage.ets:476,未修复,接口定义变更
declare class CommonMethod<T>,ArkTS,7.0.0(26) Beta1,ALL,"=HYPERLINK(""https://developer.huawei.com/consumer/cn/doc/harmonyos-releases/changelogs-for-all-apps-7001/#ch2026010615012"",""ArkUI接口新增仅支持Stage模型的约束"")",entry\src\main\ets\pages\ngf\SystemResourcePreviewPage.ets:477,未修复,接口定义变更
declare class CommonMethod<T>,ArkTS,7.0.0(26) Beta1,ALL,"=HYPERLINK(""https://developer.huawei.com/consumer/cn/doc/harmonyos-releases/changelogs-for-all-apps-7001/#ch2026010615012"",""ArkUI接口新增仅支持Stage模型的约束"")",entry\src\main\ets\pages\ngf\SystemResourcePreviewPage.ets:481,未修复,接口定义变更
declare class CommonMethod<T>,ArkTS,7.0.0(26) Beta1,ALL,"=HYPERLINK(""https://developer.huawei.com/consumer/cn/doc/harmonyos-releases/changelogs-for-all-apps-7001/#ch2026010615012"",""ArkUI接口新增仅支持Stage模型的约束"")",entry\src\main\ets\pages\ngf\SystemResourcePreviewPage.ets:485,未修复,接口定义变更
declare class CommonMethod<T>,ArkTS,7.0.0(26) Beta1,ALL,"=HYPERLINK(""https://developer.huawei.com/consumer/cn/doc/harmonyos-releases/changelogs-for-all-apps-7001/#ch2026010615012"",""ArkUI接口新增仅支持Stage模型的约束"")",entry\src\main\ets\pages\ngf\SystemResourcePreviewPage.ets:81,未修复,接口定义变更
declare class CommonMethod<T>,ArkTS,7.0.0(26) Beta1,ALL,"=HYPERLINK(""https://developer.huawei.com/consumer/cn/doc/harmonyos-releases/changelogs-for-all-apps-7001/#ch2026010615012"",""ArkUI接口新增仅支持Stage模型的约束"")",entry\src\main\ets\pages\ngf\SystemResourcePreviewPage.ets:82,未修复,接口定义变更
declare class CommonMethod<T>,ArkTS,7.0.0(26) Beta1,ALL,"=HYPERLINK(""https://developer.huawei.com/consumer/cn/doc/harmonyos-releases/changelogs-for-all-apps-7001/#ch2026010615012"",""ArkUI接口新增仅支持Stage模型的约束"")",entry\src\main\ets\pages\ngf\SystemResourcePreviewPage.ets:89,未修复,接口定义变更
declare class CommonMethod<T>,ArkTS,7.0.0(26) Beta1,ALL,"=HYPERLINK(""https://developer.huawei.com/consumer/cn/doc/harmonyos-releases/changelogs-for-all-apps-7001/#ch2026010615012"",""ArkUI接口新增仅支持Stage模型的约束"")",entry\src\main\ets\pages\ngf\SystemResourcePreviewPage.ets:90,未修复,接口定义变更
declare class CommonMethod<T>,ArkTS,7.0.0(26) Beta1,ALL,"=HYPERLINK(""https://developer.huawei.com/consumer/cn/doc/harmonyos-releases/changelogs-for-all-apps-7001/#ch2026010615012"",""ArkUI接口新增仅支持Stage模型的约束"")",entry\src\main\ets\pages\ngf\SystemResourcePreviewPage.ets:93,未修复,接口定义变更
declare class CommonMethod<T>,ArkTS,7.0.0(26) Beta1,ALL,"=HYPERLINK(""https://developer.huawei.com/consumer/cn/doc/harmonyos-releases/changelogs-for-all-apps-7001/#ch2026010615012"",""ArkUI接口新增仅支持Stage模型的约束"")",entry\src\main\ets\pages\ngf\SystemResourcePreviewPage.ets:94,未修复,接口定义变更
declare class CommonMethod<T>,ArkTS,7.0.0(26) Beta1,ALL,"=HYPERLINK(""https://developer.huawei.com/consumer/cn/doc/harmonyos-releases/changelogs-for-all-apps-7001/#ch2026010615012"",""ArkUI接口新增仅支持Stage模型的约束"")",entry\src\main\ets\pages\ngf\SystemResourcePreviewPage.ets:99,未修复,接口定义变更
declare class CommonMethod<T>,ArkTS,7.0.0(26) Beta1,ALL,"=HYPERLINK(""https://developer.huawei.com/consumer/cn/doc/harmonyos-releases/changelogs-for-all-apps-7001/#ch2026010615012"",""ArkUI接口新增仅支持Stage模型的约束"")",entry\src\main\ets\widget\pages\WidgetCard.ets:14,未修复,接口定义变更
declare class CommonMethod<T>,ArkTS,7.0.0(26) Beta1,ALL,"=HYPERLINK(""https://developer.huawei.com/consumer/cn/doc/harmonyos-releases/changelogs-for-all-apps-7001/#ch2026010615012"",""ArkUI接口新增仅支持Stage模型的约束"")",entry\src\main\ets\widget\pages\WidgetCard.ets:25,未修复,接口定义变更
declare class CommonMethod<T>,ArkTS,7.0.0(26) Beta1,ALL,"=HYPERLINK(""https://developer.huawei.com/consumer/cn/doc/harmonyos-releases/changelogs-for-all-apps-7001/#ch2026010615012"",""ArkUI接口新增仅支持Stage模型的约束"")",entry\src\main\ets\widget\pages\WidgetCard.ets:32,未修复,接口定义变更
declare class CommonMethod<T>,ArkTS,7.0.0(26) Beta1,ALL,"=HYPERLINK(""https://developer.huawei.com/consumer/cn/doc/harmonyos-releases/changelogs-for-all-apps-7001/#ch2026010615012"",""ArkUI接口新增仅支持Stage模型的约束"")",entry\src\main\ets\widget\pages\WidgetCard.ets:33,未修复,接口定义变更
declare class CommonMethod<T>,ArkTS,7.0.0(26) Beta1,ALL,"=HYPERLINK(""https://developer.huawei.com/consumer/cn/doc/harmonyos-releases/changelogs-for-all-apps-7001/#ch2026010615012"",""ArkUI接口新增仅支持Stage模型的约束"")",entry\src\main\ets\widget\pages\WidgetCard.ets:34,未修复,接口定义变更
declare class CommonMethod<T>,ArkTS,7.0.0(26) Beta1,ALL,"=HYPERLINK(""https://developer.huawei.com/consumer/cn/doc/harmonyos-releases/changelogs-for-all-apps-7001/#ch2026010615012"",""ArkUI接口新增仅支持Stage模型的约束"")",entry\src\main\ets\widget\pages\WidgetCard.ets:42,未修复,接口定义变更
declare class CommonMethod<T>,ArkTS,7.0.0(26) Beta1,ALL,"=HYPERLINK(""https://developer.huawei.com/consumer/cn/doc/harmonyos-releases/changelogs-for-all-apps-7001/#ch2026010615012"",""ArkUI接口新增仅支持Stage模型的约束"")",entry\src\main\ets\widget\pages\WidgetCard.ets:47,未修复,接口定义变更
declare class CommonMethod<T>,ArkTS,7.0.0(26) Beta1,ALL,"=HYPERLINK(""https://developer.huawei.com/consumer/cn/doc/harmonyos-releases/changelogs-for-all-apps-7001/#ch2026010615012"",""ArkUI接口新增仅支持Stage模型的约束"")",entry\src\main\ets\widget\pages\WidgetCard.ets:50,未修复,接口定义变更
declare class CommonMethod<T>,ArkTS,7.0.0(26) Beta1,ALL,"=HYPERLINK(""https://developer.huawei.com/consumer/cn/doc/harmonyos-releases/changelogs-for-all-apps-7001/#ch2026010615012"",""ArkUI接口新增仅支持Stage模型的约束"")",entry\src\main\ets\widget\pages\WidgetCard.ets:57,未修复,接口定义变更
declare class CommonMethod<T>,ArkTS,7.0.0(26) Beta1,ALL,"=HYPERLINK(""https://developer.huawei.com/consumer/cn/doc/harmonyos-releases/changelogs-for-all-apps-7001/#ch2026010615012"",""ArkUI接口新增仅支持Stage模型的约束"")",entry\src\main\ets\widget\pages\WidgetCard.ets:58,未修复,接口定义变更
declare class CommonMethod<T>,ArkTS,7.0.0(26) Beta1,ALL,"=HYPERLINK(""https://developer.huawei.com/consumer/cn/doc/harmonyos-releases/changelogs-for-all-apps-7001/#ch2026010615012"",""ArkUI接口新增仅支持Stage模型的约束"")",entry\src\main\ets\widget\pages\WidgetCard.ets:60,未修复,接口定义变更
declare class CommonMethod<T>,ArkTS,7.0.0(26) Beta1,ALL,"=HYPERLINK(""https://developer.huawei.com/consumer/cn/doc/harmonyos-releases/changelogs-for-all-apps-7001/#ch2026010615012"",""ArkUI接口新增仅支持Stage模型的约束"")",entry\src\main\ets\widget\pages\WidgetCard.ets:71,未修复,接口定义变更
declare class CommonMethod<T>,ArkTS,7.0.0(26) Beta1,ALL,"=HYPERLINK(""https://developer.huawei.com/consumer/cn/doc/harmonyos-releases/changelogs-for-all-apps-7001/#ch2026010615012"",""ArkUI接口新增仅支持Stage模型的约束"")",entry\src\main\ets\widget\pages\WidgetCard.ets:72,未修复,接口定义变更
declare class CommonMethod<T>,ArkTS,7.0.0(26) Beta1,ALL,"=HYPERLINK(""https://developer.huawei.com/consumer/cn/doc/harmonyos-releases/changelogs-for-all-apps-7001/#ch2026010615012"",""ArkUI接口新增仅支持Stage模型的约束"")",entry\src\main\ets\widget\pages\WidgetCard.ets:74,未修复,接口定义变更
declare class CommonMethod<T>,ArkTS,7.0.0(26) Beta1,ALL,"=HYPERLINK(""https://developer.huawei.com/consumer/cn/doc/harmonyos-releases/changelogs-for-all-apps-7001/#ch2026010615012"",""ArkUI接口新增仅支持Stage模型的约束"")",entry\src\main\ets\widget\pages\WidgetCard.ets:86,未修复,接口定义变更
declare class CommonMethod<T>,ArkTS,7.0.0(26) Beta1,ALL,"=HYPERLINK(""https://developer.huawei.com/consumer/cn/doc/harmonyos-releases/changelogs-for-all-apps-7001/#ch2026010615012"",""ArkUI接口新增仅支持Stage模型的约束"")",entry\src\main\ets\widget\pages\WidgetCard.ets:88,未修复,接口定义变更
declare class CommonMethod<T>,ArkTS,7.0.0(26) Beta1,ALL,"=HYPERLINK(""https://developer.huawei.com/consumer/cn/doc/harmonyos-releases/changelogs-for-all-apps-7001/#ch2026010615012"",""ArkUI接口新增仅支持Stage模型的约束"")",entry\src\main\ets\widget\pages\WidgetCard.ets:90,未修复,接口定义变更
declare class CommonMethod<T>,ArkTS,7.0.0(26) Beta1,ALL,"=HYPERLINK(""https://developer.huawei.com/consumer/cn/doc/harmonyos-releases/changelogs-for-all-apps-7001/#ch2026010615012"",""ArkUI接口新增仅支持Stage模型的约束"")",entry\src\main\ets\widget\pages\WidgetCard.ets:91,未修复,接口定义变更
declare class CommonMethod<T>,ArkTS,7.0.0(26) Beta1,ALL,"=HYPERLINK(""https://developer.huawei.com/consumer/cn/doc/harmonyos-releases/changelogs-for-all-apps-7001/#ch2026010615012"",""ArkUI接口新增仅支持Stage模型的约束"")",entry\src\main\ets\widget\pages\WidgetCard.ets:92,未修复,接口定义变更
declare class CommonMethod<T>,ArkTS,7.0.0(26) Beta1,ALL,"=HYPERLINK(""https://developer.huawei.com/consumer/cn/doc/harmonyos-releases/changelogs-for-all-apps-7001/#ch2026010615012"",""ArkUI接口新增仅支持Stage模型的约束"")",entry\src\main\ets\widget\pages\WidgetCard.ets:93,未修复,接口定义变更
declare class CommonMethod<T>,ArkTS,7.0.0(26) Beta1,ALL,"=HYPERLINK(""https://developer.huawei.com/consumer/cn/doc/harmonyos-releases/changelogs-for-all-apps-7001/#ch2026010615012"",""ArkUI接口新增仅支持Stage模型的约束"")",ngf_framework\src\main\ets\contentWorkflow\components\NGFWorkflowVisualizer.ets:22,未修复,接口定义变更
declare class CommonMethod<T>,ArkTS,7.0.0(26) Beta1,ALL,"=HYPERLINK(""https://developer.huawei.com/consumer/cn/doc/harmonyos-releases/changelogs-for-all-apps-7001/#ch2026010615012"",""ArkUI接口新增仅支持Stage模型的约束"")",ngf_framework\src\main\ets\contentWorkflow\components\NGFWorkflowVisualizer.ets:33,未修复,接口定义变更
declare class CommonMethod<T>,ArkTS,7.0.0(26) Beta1,ALL,"=HYPERLINK(""https://developer.huawei.com/consumer/cn/doc/harmonyos-releases/changelogs-for-all-apps-7001/#ch2026010615012"",""ArkUI接口新增仅支持Stage模型的约束"")",ngf_framework\src\main\ets\contentWorkflow\components\NGFWorkflowVisualizer.ets:38,未修复,接口定义变更
declare class CommonMethod<T>,ArkTS,7.0.0(26) Beta1,ALL,"=HYPERLINK(""https://developer.huawei.com/consumer/cn/doc/harmonyos-releases/changelogs-for-all-apps-7001/#ch2026010615012"",""ArkUI接口新增仅支持Stage模型的约束"")",ngf_framework\src\main\ets\contentWorkflow\components\NGFWorkflowVisualizer.ets:39,未修复,接口定义变更
declare class CommonMethod<T>,ArkTS,7.0.0(26) Beta1,ALL,"=HYPERLINK(""https://developer.huawei.com/consumer/cn/doc/harmonyos-releases/changelogs-for-all-apps-7001/#ch2026010615012"",""ArkUI接口新增仅支持Stage模型的约束"")",ngf_framework\src\main\ets\contentWorkflow\components\NGFWorkflowVisualizer.ets:40,未修复,接口定义变更
declare class CommonMethod<T>,ArkTS,7.0.0(26) Beta1,ALL,"=HYPERLINK(""https://developer.huawei.com/consumer/cn/doc/harmonyos-releases/changelogs-for-all-apps-7001/#ch2026010615012"",""ArkUI接口新增仅支持Stage模型的约束"")",ngf_framework\src\main\ets\contentWorkflow\components\NGFWorkflowVisualizer.ets:41,未修复,接口定义变更
declare class CommonMethod<T>,ArkTS,7.0.0(26) Beta1,ALL,"=HYPERLINK(""https://developer.huawei.com/consumer/cn/doc/harmonyos-releases/changelogs-for-all-apps-7001/#ch2026010615012"",""ArkUI接口新增仅支持Stage模型的约束"")",ngf_framework\src\main\ets\contentWorkflow\components\NGFWorkflowVisualizer.ets:45,未修复,接口定义变更
declare class CommonMethod<T>,ArkTS,7.0.0(26) Beta1,ALL,"=HYPERLINK(""https://developer.huawei.com/consumer/cn/doc/harmonyos-releases/changelogs-for-all-apps-7001/#ch2026010615012"",""ArkUI接口新增仅支持Stage模型的约束"")",ngf_framework\src\main\ets\contentWorkflow\components\NGFWorkflowVisualizer.ets:46,未修复,接口定义变更
declare class CommonMethod<T>,ArkTS,7.0.0(26) Beta1,ALL,"=HYPERLINK(""https://developer.huawei.com/consumer/cn/doc/harmonyos-releases/changelogs-for-all-apps-7001/#ch2026010615012"",""ArkUI接口新增仅支持Stage模型的约束"")",ngf_framework\src\main\ets\contentWorkflow\components\NGFWorkflowVisualizer.ets:59,未修复,接口定义变更
declare class CommonMethod<T>,ArkTS,7.0.0(26) Beta1,ALL,"=HYPERLINK(""https://developer.huawei.com/consumer/cn/doc/harmonyos-releases/changelogs-for-all-apps-7001/#ch2026010615012"",""ArkUI接口新增仅支持Stage模型的约束"")",ngf_framework\src\main\ets\contentWorkflow\components\NGFWorkflowVisualizer.ets:60,未修复,接口定义变更
declare class CommonMethod<T>,ArkTS,7.0.0(26) Beta1,ALL,"=HYPERLINK(""https://developer.huawei.com/consumer/cn/doc/harmonyos-releases/changelogs-for-all-apps-7001/#ch2026010615012"",""ArkUI接口新增仅支持Stage模型的约束"")",ngf_framework\src\main\ets\contentWorkflow\components\NGFWorkflowVisualizer.ets:61,未修复,接口定义变更
declare class CommonMethod<T>,ArkTS,7.0.0(26) Beta1,ALL,"=HYPERLINK(""https://developer.huawei.com/consumer/cn/doc/harmonyos-releases/changelogs-for-all-apps-7001/#ch2026010615012"",""ArkUI接口新增仅支持Stage模型的约束"")",ngf_framework\src\main\ets\contentWorkflow\components\NGFWorkflowVisualizer.ets:62,未修复,接口定义变更
declare class CommonMethod<T>,ArkTS,7.0.0(26) Beta1,ALL,"=HYPERLINK(""https://developer.huawei.com/consumer/cn/doc/harmonyos-releases/changelogs-for-all-apps-7001/#ch2026010615012"",""ArkUI接口新增仅支持Stage模型的约束"")",ngf_framework\src\main\ets\contentWorkflow\components\NGFWorkflowVisualizer.ets:63,未修复,接口定义变更
declare class CommonMethod<T>,ArkTS,7.0.0(26) Beta1,ALL,"=HYPERLINK(""https://developer.huawei.com/consumer/cn/doc/harmonyos-releases/changelogs-for-all-apps-7001/#ch2026010615012"",""ArkUI接口新增仅支持Stage模型的约束"")",ngf_framework\src\main\ets\contentWorkflow\components\NGFWorkflowVisualizer.ets:65,未修复,接口定义变更
declare class CommonMethod<T>,ArkTS,7.0.0(26) Beta1,ALL,"=HYPERLINK(""https://developer.huawei.com/consumer/cn/doc/harmonyos-releases/changelogs-for-all-apps-7001/#ch2026010615012"",""ArkUI接口新增仅支持Stage模型的约束"")",ngf_framework\src\main\ets\contentWorkflow\components\NGFWorkflowVisualizer.ets:66,未修复,接口定义变更
declare class CommonMethod<T>,ArkTS,7.0.0(26) Beta1,ALL,"=HYPERLINK(""https://developer.huawei.com/consumer/cn/doc/harmonyos-releases/changelogs-for-all-apps-7001/#ch2026010615012"",""ArkUI接口新增仅支持Stage模型的约束"")",ngf_framework\src\main\ets\contentWorkflow\components\NGFWorkflowVisualizer.ets:68,未修复,接口定义变更
declare class CommonMethod<T>,ArkTS,7.0.0(26) Beta1,ALL,"=HYPERLINK(""https://developer.huawei.com/consumer/cn/doc/harmonyos-releases/changelogs-for-all-apps-7001/#ch2026010615012"",""ArkUI接口新增仅支持Stage模型的约束"")",ngf_framework\src\main\ets\contentWorkflow\components\NGFWorkflowVisualizer.ets:69,未修复,接口定义变更
declare class CommonMethod<T>,ArkTS,7.0.0(26) Beta1,ALL,"=HYPERLINK(""https://developer.huawei.com/consumer/cn/doc/harmonyos-releases/changelogs-for-all-apps-7001/#ch2026010615012"",""ArkUI接口新增仅支持Stage模型的约束"")",ngf_framework\src\main\ets\contentWorkflow\components\NGFWorkflowVisualizer.ets:70,未修复,接口定义变更
declare class CommonMethod<T>,ArkTS,7.0.0(26) Beta1,ALL,"=HYPERLINK(""https://developer.huawei.com/consumer/cn/doc/harmonyos-releases/changelogs-for-all-apps-7001/#ch2026010615012"",""ArkUI接口新增仅支持Stage模型的约束"")",ngf_framework\src\main\ets\media\components\NGFAVPlayer.ets:20,未修复,接口定义变更
declare class CommonMethod<T>,ArkTS,7.0.0(26) Beta1,ALL,"=HYPERLINK(""https://developer.huawei.com/consumer/cn/doc/harmonyos-releases/changelogs-for-all-apps-7001/#ch2026010615012"",""ArkUI接口新增仅支持Stage模型的约束"")",ngf_framework\src\main\ets\media\components\NGFAVPlayer.ets:21,未修复,接口定义变更
declare class CommonMethod<T>,ArkTS,7.0.0(26) Beta1,ALL,"=HYPERLINK(""https://developer.huawei.com/consumer/cn/doc/harmonyos-releases/changelogs-for-all-apps-7001/#ch2026010615012"",""ArkUI接口新增仅支持Stage模型的约束"")",ngf_framework\src\main\ets\media\components\NGFAVPlayer.ets:40,未修复,接口定义变更
declare class CommonMethod<T>,ArkTS,7.0.0(26) Beta1,ALL,"=HYPERLINK(""https://developer.huawei.com/consumer/cn/doc/harmonyos-releases/changelogs-for-all-apps-7001/#ch2026010615012"",""ArkUI接口新增仅支持Stage模型的约束"")",ngf_framework\src\main\ets\media\components\NGFAVPlayer.ets:41,未修复,接口定义变更
declare class CommonMethod<T>,ArkTS,7.0.0(26) Beta1,ALL,"=HYPERLINK(""https://developer.huawei.com/consumer/cn/doc/harmonyos-releases/changelogs-for-all-apps-7001/#ch2026010615012"",""ArkUI接口新增仅支持Stage模型的约束"")",ngf_framework\src\main\ets\media\components\NGFAVPlayer.ets:42,未修复,接口定义变更
declare class CommonMethod<T>,ArkTS,7.0.0(26) Beta1,ALL,"=HYPERLINK(""https://developer.huawei.com/consumer/cn/doc/harmonyos-releases/changelogs-for-all-apps-7001/#ch2026010615012"",""ArkUI接口新增仅支持Stage模型的约束"")",ngf_framework\src\main\ets\uiShell\components\AboutSheetContent.ets:163,未修复,接口定义变更
declare class CommonMethod<T>,ArkTS,7.0.0(26) Beta1,ALL,"=HYPERLINK(""https://developer.huawei.com/consumer/cn/doc/harmonyos-releases/changelogs-for-all-apps-7001/#ch2026010615012"",""ArkUI接口新增仅支持Stage模型的约束"")",ngf_framework\src\main\ets\uiShell\components\AboutSheetContent.ets:164,未修复,接口定义变更
declare class CommonMethod<T>,ArkTS,7.0.0(26) Beta1,ALL,"=HYPERLINK(""https://developer.huawei.com/consumer/cn/doc/harmonyos-releases/changelogs-for-all-apps-7001/#ch2026010615012"",""ArkUI接口新增仅支持Stage模型的约束"")",ngf_framework\src\main\ets\uiShell\components\AboutSheetContent.ets:167,未修复,接口定义变更
declare class CommonMethod<T>,ArkTS,7.0.0(26) Beta1,ALL,"=HYPERLINK(""https://developer.huawei.com/consumer/cn/doc/harmonyos-releases/changelogs-for-all-apps-7001/#ch2026010615012"",""ArkUI接口新增仅支持Stage模型的约束"")",ngf_framework\src\main\ets\uiShell\components\AboutSheetContent.ets:169,未修复,接口定义变更
declare class CommonMethod<T>,ArkTS,7.0.0(26) Beta1,ALL,"=HYPERLINK(""https://developer.huawei.com/consumer/cn/doc/harmonyos-releases/changelogs-for-all-apps-7001/#ch2026010615012"",""ArkUI接口新增仅支持Stage模型的约束"")",ngf_framework\src\main\ets\uiShell\components\AboutSheetContent.ets:170,未修复,接口定义变更
declare class CommonMethod<T>,ArkTS,7.0.0(26) Beta1,ALL,"=HYPERLINK(""https://developer.huawei.com/consumer/cn/doc/harmonyos-releases/changelogs-for-all-apps-7001/#ch2026010615012"",""ArkUI接口新增仅支持Stage模型的约束"")",ngf_framework\src\main\ets\uiShell\components\AboutSheetContent.ets:171,未修复,接口定义变更
declare class CommonMethod<T>,ArkTS,7.0.0(26) Beta1,ALL,"=HYPERLINK(""https://developer.huawei.com/consumer/cn/doc/harmonyos-releases/changelogs-for-all-apps-7001/#ch2026010615012"",""ArkUI接口新增仅支持Stage模型的约束"")",ngf_framework\src\main\ets\uiShell\components\AboutSheetContent.ets:172,未修复,接口定义变更
declare class CommonMethod<T>,ArkTS,7.0.0(26) Beta1,ALL,"=HYPERLINK(""https://developer.huawei.com/consumer/cn/doc/harmonyos-releases/changelogs-for-all-apps-7001/#ch2026010615012"",""ArkUI接口新增仅支持Stage模型的约束"")",ngf_framework\src\main\ets\uiShell\components\AboutSheetContent.ets:173,未修复,接口定义变更
declare class CommonMethod<T>,ArkTS,7.0.0(26) Beta1,ALL,"=HYPERLINK(""https://developer.huawei.com/consumer/cn/doc/harmonyos-releases/changelogs-for-all-apps-7001/#ch2026010615012"",""ArkUI接口新增仅支持Stage模型的约束"")",ngf_framework\src\main\ets\uiShell\components\AboutSheetContent.ets:184,未修复,接口定义变更
declare class CommonMethod<T>,ArkTS,7.0.0(26) Beta1,ALL,"=HYPERLINK(""https://developer.huawei.com/consumer/cn/doc/harmonyos-releases/changelogs-for-all-apps-7001/#ch2026010615012"",""ArkUI接口新增仅支持Stage模型的约束"")",ngf_framework\src\main\ets\uiShell\components\AboutSheetContent.ets:185,未修复,接口定义变更
declare class CommonMethod<T>,ArkTS,7.0.0(26) Beta1,ALL,"=HYPERLINK(""https://developer.huawei.com/consumer/cn/doc/harmonyos-releases/changelogs-for-all-apps-7001/#ch2026010615012"",""ArkUI接口新增仅支持Stage模型的约束"")",ngf_framework\src\main\ets\uiShell\components\AboutSheetContent.ets:193,未修复,接口定义变更
declare class CommonMethod<T>,ArkTS,7.0.0(26) Beta1,ALL,"=HYPERLINK(""https://developer.huawei.com/consumer/cn/doc/harmonyos-releases/changelogs-for-all-apps-7001/#ch2026010615012"",""ArkUI接口新增仅支持Stage模型的约束"")",ngf_framework\src\main\ets\uiShell\components\AboutSheetContent.ets:194,未修复,接口定义变更
declare class CommonMethod<T>,ArkTS,7.0.0(26) Beta1,ALL,"=HYPERLINK(""https://developer.huawei.com/consumer/cn/doc/harmonyos-releases/changelogs-for-all-apps-7001/#ch2026010615012"",""ArkUI接口新增仅支持Stage模型的约束"")",ngf_framework\src\main\ets\uiShell\components\AboutSheetContent.ets:195,未修复,接口定义变更
declare class CommonMethod<T>,ArkTS,7.0.0(26) Beta1,ALL,"=HYPERLINK(""https://developer.huawei.com/consumer/cn/doc/harmonyos-releases/changelogs-for-all-apps-7001/#ch2026010615012"",""ArkUI接口新增仅支持Stage模型的约束"")",ngf_framework\src\main\ets\uiShell\components\AboutSheetContent.ets:196,未修复,接口定义变更
declare class CommonMethod<T>,ArkTS,7.0.0(26) Beta1,ALL,"=HYPERLINK(""https://developer.huawei.com/consumer/cn/doc/harmonyos-releases/changelogs-for-all-apps-7001/#ch2026010615012"",""ArkUI接口新增仅支持Stage模型的约束"")",ngf_framework\src\main\ets\uiShell\components\AboutSheetContent.ets:210,未修复,接口定义变更
declare class CommonMethod<T>,ArkTS,7.0.0(26) Beta1,ALL,"=HYPERLINK(""https://developer.huawei.com/consumer/cn/doc/harmonyos-releases/changelogs-for-all-apps-7001/#ch2026010615012"",""ArkUI接口新增仅支持Stage模型的约束"")",ngf_framework\src\main\ets\uiShell\components\AboutSheetContent.ets:212,未修复,接口定义变更
declare class CommonMethod<T>,ArkTS,7.0.0(26) Beta1,ALL,"=HYPERLINK(""https://developer.huawei.com/consumer/cn/doc/harmonyos-releases/changelogs-for-all-apps-7001/#ch2026010615012"",""ArkUI接口新增仅支持Stage模型的约束"")",ngf_framework\src\main\ets\uiShell\components\AboutSheetContent.ets:213,未修复,接口定义变更
declare class CommonMethod<T>,ArkTS,7.0.0(26) Beta1,ALL,"=HYPERLINK(""https://developer.huawei.com/consumer/cn/doc/harmonyos-releases/changelogs-for-all-apps-7001/#ch2026010615012"",""ArkUI接口新增仅支持Stage模型的约束"")",ngf_framework\src\main\ets\uiShell\components\AboutSheetContent.ets:215,未修复,接口定义变更
declare class CommonMethod<T>,ArkTS,7.0.0(26) Beta1,ALL,"=HYPERLINK(""https://developer.huawei.com/consumer/cn/doc/harmonyos-releases/changelogs-for-all-apps-7001/#ch2026010615012"",""ArkUI接口新增仅支持Stage模型的约束"")",ngf_framework\src\main\ets\uiShell\components\AboutSheetContent.ets:216,未修复,接口定义变更
declare class CommonMethod<T>,ArkTS,7.0.0(26) Beta1,ALL,"=HYPERLINK(""https://developer.huawei.com/consumer/cn/doc/harmonyos-releases/changelogs-for-all-apps-7001/#ch2026010615012"",""ArkUI接口新增仅支持Stage模型的约束"")",ngf_framework\src\main\ets\uiShell\components\AboutSheetContent.ets:217,未修复,接口定义变更
declare class CommonMethod<T>,ArkTS,7.0.0(26) Beta1,ALL,"=HYPERLINK(""https://developer.huawei.com/consumer/cn/doc/harmonyos-releases/changelogs-for-all-apps-7001/#ch2026010615012"",""ArkUI接口新增仅支持Stage模型的约束"")",ngf_framework\src\main\ets\uiShell\components\AboutSheetContent.ets:218,未修复,接口定义变更
declare class CommonMethod<T>,ArkTS,7.0.0(26) Beta1,ALL,"=HYPERLINK(""https://developer.huawei.com/consumer/cn/doc/harmonyos-releases/changelogs-for-all-apps-7001/#ch2026010615012"",""ArkUI接口新增仅支持Stage模型的约束"")",ngf_framework\src\main\ets\uiShell\components\AboutSheetContent.ets:219,未修复,接口定义变更
declare class CommonMethod<T>,ArkTS,7.0.0(26) Beta1,ALL,"=HYPERLINK(""https://developer.huawei.com/consumer/cn/doc/harmonyos-releases/changelogs-for-all-apps-7001/#ch2026010615012"",""ArkUI接口新增仅支持Stage模型的约束"")",ngf_framework\src\main\ets\uiShell\components\AboutSheetContent.ets:229,未修复,接口定义变更
declare class CommonMethod<T>,ArkTS,7.0.0(26) Beta1,ALL,"=HYPERLINK(""https://developer.huawei.com/consumer/cn/doc/harmonyos-releases/changelogs-for-all-apps-7001/#ch2026010615012"",""ArkUI接口新增仅支持Stage模型的约束"")",ngf_framework\src\main\ets\uiShell\components\AboutSheetContent.ets:241,未修复,接口定义变更
declare class CommonMethod<T>,ArkTS,7.0.0(26) Beta1,ALL,"=HYPERLINK(""https://developer.huawei.com/consumer/cn/doc/harmonyos-releases/changelogs-for-all-apps-7001/#ch2026010615012"",""ArkUI接口新增仅支持Stage模型的约束"")",ngf_framework\src\main\ets\uiShell\components\AboutSheetContent.ets:242,未修复,接口定义变更
declare class CommonMethod<T>,ArkTS,7.0.0(26) Beta1,ALL,"=HYPERLINK(""https://developer.huawei.com/consumer/cn/doc/harmonyos-releases/changelogs-for-all-apps-7001/#ch2026010615012"",""ArkUI接口新增仅支持Stage模型的约束"")",ngf_framework\src\main\ets\uiShell\components\AboutSheetContent.ets:243,未修复,接口定义变更
declare class CommonMethod<T>,ArkTS,7.0.0(26) Beta1,ALL,"=HYPERLINK(""https://developer.huawei.com/consumer/cn/doc/harmonyos-releases/changelogs-for-all-apps-7001/#ch2026010615012"",""ArkUI接口新增仅支持Stage模型的约束"")",ngf_framework\src\main\ets\uiShell\components\AboutSheetContent.ets:244,未修复,接口定义变更
declare class CommonMethod<T>,ArkTS,7.0.0(26) Beta1,ALL,"=HYPERLINK(""https://developer.huawei.com/consumer/cn/doc/harmonyos-releases/changelogs-for-all-apps-7001/#ch2026010615012"",""ArkUI接口新增仅支持Stage模型的约束"")",ngf_framework\src\main\ets\uiShell\components\AboutSheetContent.ets:245,未修复,接口定义变更
declare class CommonMethod<T>,ArkTS,7.0.0(26) Beta1,ALL,"=HYPERLINK(""https://developer.huawei.com/consumer/cn/doc/harmonyos-releases/changelogs-for-all-apps-7001/#ch2026010615012"",""ArkUI接口新增仅支持Stage模型的约束"")",ngf_framework\src\main\ets\uiShell\components\AboutSheetContent.ets:246,未修复,接口定义变更
declare class CommonMethod<T>,ArkTS,7.0.0(26) Beta1,ALL,"=HYPERLINK(""https://developer.huawei.com/consumer/cn/doc/harmonyos-releases/changelogs-for-all-apps-7001/#ch2026010615012"",""ArkUI接口新增仅支持Stage模型的约束"")",ngf_framework\src\main\ets\uiShell\components\AboutSheetContent.ets:247,未修复,接口定义变更
declare class CommonMethod<T>,ArkTS,7.0.0(26) Beta1,ALL,"=HYPERLINK(""https://developer.huawei.com/consumer/cn/doc/harmonyos-releases/changelogs-for-all-apps-7001/#ch2026010615012"",""ArkUI接口新增仅支持Stage模型的约束"")",ngf_framework\src\main\ets\uiShell\components\AboutSheetContent.ets:257,未修复,接口定义变更
declare class CommonMethod<T>,ArkTS,7.0.0(26) Beta1,ALL,"=HYPERLINK(""https://developer.huawei.com/consumer/cn/doc/harmonyos-releases/changelogs-for-all-apps-7001/#ch2026010615012"",""ArkUI接口新增仅支持Stage模型的约束"")",ngf_framework\src\main\ets\uiShell\components\AboutSheetContent.ets:265,未修复,接口定义变更
declare class CommonMethod<T>,ArkTS,7.0.0(26) Beta1,ALL,"=HYPERLINK(""https://developer.huawei.com/consumer/cn/doc/harmonyos-releases/changelogs-for-all-apps-7001/#ch2026010615012"",""ArkUI接口新增仅支持Stage模型的约束"")",ngf_framework\src\main\ets\uiShell\components\AboutSheetContent.ets:266,未修复,接口定义变更
declare class CommonMethod<T>,ArkTS,7.0.0(26) Beta1,ALL,"=HYPERLINK(""https://developer.huawei.com/consumer/cn/doc/harmonyos-releases/changelogs-for-all-apps-7001/#ch2026010615012"",""ArkUI接口新增仅支持Stage模型的约束"")",ngf_framework\src\main\ets\uiShell\components\AboutSheetContent.ets:267,未修复,接口定义变更
declare class CommonMethod<T>,ArkTS,7.0.0(26) Beta1,ALL,"=HYPERLINK(""https://developer.huawei.com/consumer/cn/doc/harmonyos-releases/changelogs-for-all-apps-7001/#ch2026010615012"",""ArkUI接口新增仅支持Stage模型的约束"")",ngf_framework\src\main\ets\uiShell\components\AboutSheetContent.ets:268,未修复,接口定义变更
declare class CommonMethod<T>,ArkTS,7.0.0(26) Beta1,ALL,"=HYPERLINK(""https://developer.huawei.com/consumer/cn/doc/harmonyos-releases/changelogs-for-all-apps-7001/#ch2026010615012"",""ArkUI接口新增仅支持Stage模型的约束"")",ngf_framework\src\main\ets\uiShell\components\AboutSheetContent.ets:269,未修复,接口定义变更
declare class CommonMethod<T>,ArkTS,7.0.0(26) Beta1,ALL,"=HYPERLINK(""https://developer.huawei.com/consumer/cn/doc/harmonyos-releases/changelogs-for-all-apps-7001/#ch2026010615012"",""ArkUI接口新增仅支持Stage模型的约束"")",ngf_framework\src\main\ets\uiShell\components\AboutSheetContent.ets:270,未修复,接口定义变更
declare class CommonMethod<T>,ArkTS,7.0.0(26) Beta1,ALL,"=HYPERLINK(""https://developer.huawei.com/consumer/cn/doc/harmonyos-releases/changelogs-for-all-apps-7001/#ch2026010615012"",""ArkUI接口新增仅支持Stage模型的约束"")",ngf_framework\src\main\ets\uiShell\components\AboutSheetContent.ets:271,未修复,接口定义变更
declare class CommonMethod<T>,ArkTS,7.0.0(26) Beta1,ALL,"=HYPERLINK(""https://developer.huawei.com/consumer/cn/doc/harmonyos-releases/changelogs-for-all-apps-7001/#ch2026010615012"",""ArkUI接口新增仅支持Stage模型的约束"")",ngf_framework\src\main\ets\uiShell\components\AboutSheetContent.ets:281,未修复,接口定义变更
declare class CommonMethod<T>,ArkTS,7.0.0(26) Beta1,ALL,"=HYPERLINK(""https://developer.huawei.com/consumer/cn/doc/harmonyos-releases/changelogs-for-all-apps-7001/#ch2026010615012"",""ArkUI接口新增仅支持Stage模型的约束"")",ngf_framework\src\main\ets\uiShell\components\AboutSheetContent.ets:289,未修复,接口定义变更
declare class CommonMethod<T>,ArkTS,7.0.0(26) Beta1,ALL,"=HYPERLINK(""https://developer.huawei.com/consumer/cn/doc/harmonyos-releases/changelogs-for-all-apps-7001/#ch2026010615012"",""ArkUI接口新增仅支持Stage模型的约束"")",ngf_framework\src\main\ets\uiShell\components\AboutSheetContent.ets:295,未修复,接口定义变更
declare class CommonMethod<T>,ArkTS,7.0.0(26) Beta1,ALL,"=HYPERLINK(""https://developer.huawei.com/consumer/cn/doc/harmonyos-releases/changelogs-for-all-apps-7001/#ch2026010615012"",""ArkUI接口新增仅支持Stage模型的约束"")",ngf_framework\src\main\ets\uiShell\components\AboutSheetContent.ets:301,未修复,接口定义变更
declare class CommonMethod<T>,ArkTS,7.0.0(26) Beta1,ALL,"=HYPERLINK(""https://developer.huawei.com/consumer/cn/doc/harmonyos-releases/changelogs-for-all-apps-7001/#ch2026010615012"",""ArkUI接口新增仅支持Stage模型的约束"")",ngf_framework\src\main\ets\uiShell\components\AboutSheetContent.ets:305,未修复,接口定义变更
declare class CommonMethod<T>,ArkTS,7.0.0(26) Beta1,ALL,"=HYPERLINK(""https://developer.huawei.com/consumer/cn/doc/harmonyos-releases/changelogs-for-all-apps-7001/#ch2026010615012"",""ArkUI接口新增仅支持Stage模型的约束"")",ngf_framework\src\main\ets\uiShell\components\AboutSheetContent.ets:307,未修复,接口定义变更
declare class CommonMethod<T>,ArkTS,7.0.0(26) Beta1,ALL,"=HYPERLINK(""https://developer.huawei.com/consumer/cn/doc/harmonyos-releases/changelogs-for-all-apps-7001/#ch2026010615012"",""ArkUI接口新增仅支持Stage模型的约束"")",ngf_framework\src\main\ets\uiShell\components\AboutSheetContent.ets:309,未修复,接口定义变更
declare class CommonMethod<T>,ArkTS,7.0.0(26) Beta1,ALL,"=HYPERLINK(""https://developer.huawei.com/consumer/cn/doc/harmonyos-releases/changelogs-for-all-apps-7001/#ch2026010615012"",""ArkUI接口新增仅支持Stage模型的约束"")",ngf_framework\src\main\ets\uiShell\components\AboutSheetContent.ets:310,未修复,接口定义变更
declare class CommonMethod<T>,ArkTS,7.0.0(26) Beta1,ALL,"=HYPERLINK(""https://developer.huawei.com/consumer/cn/doc/harmonyos-releases/changelogs-for-all-apps-7001/#ch2026010615012"",""ArkUI接口新增仅支持Stage模型的约束"")",ngf_framework\src\main\ets\uiShell\components\AboutSheetContent.ets:311,未修复,接口定义变更
declare class CommonMethod<T>,ArkTS,7.0.0(26) Beta1,ALL,"=HYPERLINK(""https://developer.huawei.com/consumer/cn/doc/harmonyos-releases/changelogs-for-all-apps-7001/#ch2026010615012"",""ArkUI接口新增仅支持Stage模型的约束"")",ngf_framework\src\main\ets\uiShell\components\AboutSheetContent.ets:312,未修复,接口定义变更
declare class CommonMethod<T>,ArkTS,7.0.0(26) Beta1,ALL,"=HYPERLINK(""https://developer.huawei.com/consumer/cn/doc/harmonyos-releases/changelogs-for-all-apps-7001/#ch2026010615012"",""ArkUI接口新增仅支持Stage模型的约束"")",ngf_framework\src\main\ets\uiShell\components\AboutSheetContent.ets:313,未修复,接口定义变更
declare class CommonMethod<T>,ArkTS,7.0.0(26) Beta1,ALL,"=HYPERLINK(""https://developer.huawei.com/consumer/cn/doc/harmonyos-releases/changelogs-for-all-apps-7001/#ch2026010615012"",""ArkUI接口新增仅支持Stage模型的约束"")",ngf_framework\src\main\ets\uiShell\components\AboutSheetContent.ets:314,未修复,接口定义变更
declare class CommonMethod<T>,ArkTS,7.0.0(26) Beta1,ALL,"=HYPERLINK(""https://developer.huawei.com/consumer/cn/doc/harmonyos-releases/changelogs-for-all-apps-7001/#ch2026010615012"",""ArkUI接口新增仅支持Stage模型的约束"")",ngf_framework\src\main\ets\uiShell\components\AboutSheetContent.ets:315,未修复,接口定义变更
declare class CommonMethod<T>,ArkTS,7.0.0(26) Beta1,ALL,"=HYPERLINK(""https://developer.huawei.com/consumer/cn/doc/harmonyos-releases/changelogs-for-all-apps-7001/#ch2026010615012"",""ArkUI接口新增仅支持Stage模型的约束"")",ngf_framework\src\main\ets\uiShell\components\AboutSheetContent.ets:325,未修复,接口定义变更
declare class CommonMethod<T>,ArkTS,7.0.0(26) Beta1,ALL,"=HYPERLINK(""https://developer.huawei.com/consumer/cn/doc/harmonyos-releases/changelogs-for-all-apps-7001/#ch2026010615012"",""ArkUI接口新增仅支持Stage模型的约束"")",ngf_framework\src\main\ets\uiShell\components\AboutSheetContent.ets:331,未修复,接口定义变更
declare class CommonMethod<T>,ArkTS,7.0.0(26) Beta1,ALL,"=HYPERLINK(""https://developer.huawei.com/consumer/cn/doc/harmonyos-releases/changelogs-for-all-apps-7001/#ch2026010615012"",""ArkUI接口新增仅支持Stage模型的约束"")",ngf_framework\src\main\ets\uiShell\components\AboutSheetContent.ets:332,未修复,接口定义变更
declare class CommonMethod<T>,ArkTS,7.0.0(26) Beta1,ALL,"=HYPERLINK(""https://developer.huawei.com/consumer/cn/doc/harmonyos-releases/changelogs-for-all-apps-7001/#ch2026010615012"",""ArkUI接口新增仅支持Stage模型的约束"")",ngf_framework\src\main\ets\uiShell\components\AboutSheetContent.ets:333,未修复,接口定义变更
declare class CommonMethod<T>,ArkTS,7.0.0(26) Beta1,ALL,"=HYPERLINK(""https://developer.huawei.com/consumer/cn/doc/harmonyos-releases/changelogs-for-all-apps-7001/#ch2026010615012"",""ArkUI接口新增仅支持Stage模型的约束"")",ngf_framework\src\main\ets\uiShell\components\AboutSheetContent.ets:334,未修复,接口定义变更
declare class CommonMethod<T>,ArkTS,7.0.0(26) Beta1,ALL,"=HYPERLINK(""https://developer.huawei.com/consumer/cn/doc/harmonyos-releases/changelogs-for-all-apps-7001/#ch2026010615012"",""ArkUI接口新增仅支持Stage模型的约束"")",ngf_framework\src\main\ets\uiShell\components\AboutSheetContent.ets:335,未修复,接口定义变更
declare class CommonMethod<T>,ArkTS,7.0.0(26) Beta1,ALL,"=HYPERLINK(""https://developer.huawei.com/consumer/cn/doc/harmonyos-releases/changelogs-for-all-apps-7001/#ch2026010615012"",""ArkUI接口新增仅支持Stage模型的约束"")",ngf_framework\src\main\ets\uiShell\components\AboutSheetContent.ets:336,未修复,接口定义变更
declare class CommonMethod<T>,ArkTS,7.0.0(26) Beta1,ALL,"=HYPERLINK(""https://developer.huawei.com/consumer/cn/doc/harmonyos-releases/changelogs-for-all-apps-7001/#ch2026010615012"",""ArkUI接口新增仅支持Stage模型的约束"")",ngf_framework\src\main\ets\uiShell\components\AboutSheetContent.ets:337,未修复,接口定义变更
declare class CommonMethod<T>,ArkTS,7.0.0(26) Beta1,ALL,"=HYPERLINK(""https://developer.huawei.com/consumer/cn/doc/harmonyos-releases/changelogs-for-all-apps-7001/#ch2026010615012"",""ArkUI接口新增仅支持Stage模型的约束"")",ngf_framework\src\main\ets\uiShell\components\AboutSheetContent.ets:347,未修复,接口定义变更
declare class CommonMethod<T>,ArkTS,7.0.0(26) Beta1,ALL,"=HYPERLINK(""https://developer.huawei.com/consumer/cn/doc/harmonyos-releases/changelogs-for-all-apps-7001/#ch2026010615012"",""ArkUI接口新增仅支持Stage模型的约束"")",ngf_framework\src\main\ets\uiShell\components\AboutSheetContent.ets:353,未修复,接口定义变更
declare class CommonMethod<T>,ArkTS,7.0.0(26) Beta1,ALL,"=HYPERLINK(""https://developer.huawei.com/consumer/cn/doc/harmonyos-releases/changelogs-for-all-apps-7001/#ch2026010615012"",""ArkUI接口新增仅支持Stage模型的约束"")",ngf_framework\src\main\ets\uiShell\components\AboutSheetContent.ets:354,未修复,接口定义变更
declare class CommonMethod<T>,ArkTS,7.0.0(26) Beta1,ALL,"=HYPERLINK(""https://developer.huawei.com/consumer/cn/doc/harmonyos-releases/changelogs-for-all-apps-7001/#ch2026010615012"",""ArkUI接口新增仅支持Stage模型的约束"")",ngf_framework\src\main\ets\uiShell\components\AboutSheetContent.ets:355,未修复,接口定义变更
declare class CommonMethod<T>,ArkTS,7.0.0(26) Beta1,ALL,"=HYPERLINK(""https://developer.huawei.com/consumer/cn/doc/harmonyos-releases/changelogs-for-all-apps-7001/#ch2026010615012"",""ArkUI接口新增仅支持Stage模型的约束"")",ngf_framework\src\main\ets\uiShell\components\AboutSheetContent.ets:356,未修复,接口定义变更
declare class CommonMethod<T>,ArkTS,7.0.0(26) Beta1,ALL,"=HYPERLINK(""https://developer.huawei.com/consumer/cn/doc/harmonyos-releases/changelogs-for-all-apps-7001/#ch2026010615012"",""ArkUI接口新增仅支持Stage模型的约束"")",ngf_framework\src\main\ets\uiShell\components\AboutSheetContent.ets:357,未修复,接口定义变更
declare class CommonMethod<T>,ArkTS,7.0.0(26) Beta1,ALL,"=HYPERLINK(""https://developer.huawei.com/consumer/cn/doc/harmonyos-releases/changelogs-for-all-apps-7001/#ch2026010615012"",""ArkUI接口新增仅支持Stage模型的约束"")",ngf_framework\src\main\ets\uiShell\components\AboutSheetContent.ets:358,未修复,接口定义变更
declare class CommonMethod<T>,ArkTS,7.0.0(26) Beta1,ALL,"=HYPERLINK(""https://developer.huawei.com/consumer/cn/doc/harmonyos-releases/changelogs-for-all-apps-7001/#ch2026010615012"",""ArkUI接口新增仅支持Stage模型的约束"")",ngf_framework\src\main\ets\uiShell\components\AboutSheetContent.ets:359,未修复,接口定义变更
declare class CommonMethod<T>,ArkTS,7.0.0(26) Beta1,ALL,"=HYPERLINK(""https://developer.huawei.com/consumer/cn/doc/harmonyos-releases/changelogs-for-all-apps-7001/#ch2026010615012"",""ArkUI接口新增仅支持Stage模型的约束"")",ngf_framework\src\main\ets\uiShell\components\AboutSheetContent.ets:366,未修复,接口定义变更
declare class CommonMethod<T>,ArkTS,7.0.0(26) Beta1,ALL,"=HYPERLINK(""https://developer.huawei.com/consumer/cn/doc/harmonyos-releases/changelogs-for-all-apps-7001/#ch2026010615012"",""ArkUI接口新增仅支持Stage模型的约束"")",ngf_framework\src\main\ets\uiShell\components\AboutSheetContent.ets:367,未修复,接口定义变更
declare class CommonMethod<T>,ArkTS,7.0.0(26) Beta1,ALL,"=HYPERLINK(""https://developer.huawei.com/consumer/cn/doc/harmonyos-releases/changelogs-for-all-apps-7001/#ch2026010615012"",""ArkUI接口新增仅支持Stage模型的约束"")",ngf_framework\src\main\ets\uiShell\components\AboutSheetContent.ets:373,未修复,接口定义变更
declare class CommonMethod<T>,ArkTS,7.0.0(26) Beta1,ALL,"=HYPERLINK(""https://developer.huawei.com/consumer/cn/doc/harmonyos-releases/changelogs-for-all-apps-7001/#ch2026010615012"",""ArkUI接口新增仅支持Stage模型的约束"")",ngf_framework\src\main\ets\uiShell\components\AboutSheetContent.ets:375,未修复,接口定义变更
declare class CommonMethod<T>,ArkTS,7.0.0(26) Beta1,ALL,"=HYPERLINK(""https://developer.huawei.com/consumer/cn/doc/harmonyos-releases/changelogs-for-all-apps-7001/#ch2026010615012"",""ArkUI接口新增仅支持Stage模型的约束"")",ngf_framework\src\main\ets\uiShell\components\AboutSheetContent.ets:376,未修复,接口定义变更
declare class CommonMethod<T>,ArkTS,7.0.0(26) Beta1,ALL,"=HYPERLINK(""https://developer.huawei.com/consumer/cn/doc/harmonyos-releases/changelogs-for-all-apps-7001/#ch2026010615012"",""ArkUI接口新增仅支持Stage模型的约束"")",ngf_framework\src\main\ets\uiShell\components\AboutSheetContent.ets:377,未修复,接口定义变更
declare class CommonMethod<T>,ArkTS,7.0.0(26) Beta1,ALL,"=HYPERLINK(""https://developer.huawei.com/consumer/cn/doc/harmonyos-releases/changelogs-for-all-apps-7001/#ch2026010615012"",""ArkUI接口新增仅支持Stage模型的约束"")",ngf_framework\src\main\ets\uiShell\components\AboutSheetContent.ets:378,未修复,接口定义变更
declare class CommonMethod<T>,ArkTS,7.0.0(26) Beta1,ALL,"=HYPERLINK(""https://developer.huawei.com/consumer/cn/doc/harmonyos-releases/changelogs-for-all-apps-7001/#ch2026010615012"",""ArkUI接口新增仅支持Stage模型的约束"")",ngf_framework\src\main\ets\uiShell\components\AboutSheetContent.ets:379,未修复,接口定义变更
declare class CommonMethod<T>,ArkTS,7.0.0(26) Beta1,ALL,"=HYPERLINK(""https://developer.huawei.com/consumer/cn/doc/harmonyos-releases/changelogs-for-all-apps-7001/#ch2026010615012"",""ArkUI接口新增仅支持Stage模型的约束"")",ngf_framework\src\main\ets\uiShell\components\AboutSheetContent.ets:388,未修复,接口定义变更
declare class CommonMethod<T>,ArkTS,7.0.0(26) Beta1,ALL,"=HYPERLINK(""https://developer.huawei.com/consumer/cn/doc/harmonyos-releases/changelogs-for-all-apps-7001/#ch2026010615012"",""ArkUI接口新增仅支持Stage模型的约束"")",ngf_framework\src\main\ets\uiShell\components\AboutSheetContent.ets:394,未修复,接口定义变更
declare class CommonMethod<T>,ArkTS,7.0.0(26) Beta1,ALL,"=HYPERLINK(""https://developer.huawei.com/consumer/cn/doc/harmonyos-releases/changelogs-for-all-apps-7001/#ch2026010615012"",""ArkUI接口新增仅支持Stage模型的约束"")",ngf_framework\src\main\ets\uiShell\components\AboutSheetContent.ets:397,未修复,接口定义变更
declare class CommonMethod<T>,ArkTS,7.0.0(26) Beta1,ALL,"=HYPERLINK(""https://developer.huawei.com/consumer/cn/doc/harmonyos-releases/changelogs-for-all-apps-7001/#ch2026010615012"",""ArkUI接口新增仅支持Stage模型的约束"")",ngf_framework\src\main\ets\uiShell\components\AboutSheetContent.ets:398,未修复,接口定义变更
declare class CommonMethod<T>,ArkTS,7.0.0(26) Beta1,ALL,"=HYPERLINK(""https://developer.huawei.com/consumer/cn/doc/harmonyos-releases/changelogs-for-all-apps-7001/#ch2026010615012"",""ArkUI接口新增仅支持Stage模型的约束"")",ngf_framework\src\main\ets\uiShell\components\AboutSheetContent.ets:412,未修复,接口定义变更
declare class CommonMethod<T>,ArkTS,7.0.0(26) Beta1,ALL,"=HYPERLINK(""https://developer.huawei.com/consumer/cn/doc/harmonyos-releases/changelogs-for-all-apps-7001/#ch2026010615012"",""ArkUI接口新增仅支持Stage模型的约束"")",ngf_framework\src\main\ets\uiShell\components\AboutSheetContent.ets:420,未修复,接口定义变更
declare class CommonMethod<T>,ArkTS,7.0.0(26) Beta1,ALL,"=HYPERLINK(""https://developer.huawei.com/consumer/cn/doc/harmonyos-releases/changelogs-for-all-apps-7001/#ch2026010615012"",""ArkUI接口新增仅支持Stage模型的约束"")",ngf_framework\src\main\ets\uiShell\components\AboutSheetContent.ets:427,未修复,接口定义变更
declare class CommonMethod<T>,ArkTS,7.0.0(26) Beta1,ALL,"=HYPERLINK(""https://developer.huawei.com/consumer/cn/doc/harmonyos-releases/changelogs-for-all-apps-7001/#ch2026010615012"",""ArkUI接口新增仅支持Stage模型的约束"")",ngf_framework\src\main\ets\uiShell\components\NGFHdsTabsFactory.ets:54,未修复,接口定义变更
declare class CommonMethod<T>,ArkTS,7.0.0(26) Beta1,ALL,"=HYPERLINK(""https://developer.huawei.com/consumer/cn/doc/harmonyos-releases/changelogs-for-all-apps-7001/#ch2026010615012"",""ArkUI接口新增仅支持Stage模型的约束"")",ngf_framework\src\main\ets\uiShell\components\NGFHdsTabsFactory.ets:56,未修复,接口定义变更
declare class CommonMethod<T>,ArkTS,7.0.0(26) Beta1,ALL,"=HYPERLINK(""https://developer.huawei.com/consumer/cn/doc/harmonyos-releases/changelogs-for-all-apps-7001/#ch2026010615012"",""ArkUI接口新增仅支持Stage模型的约束"")",ngf_framework\src\main\ets\uiShell\components\NGFImmersiveTopChrome.ets:152,未修复,接口定义变更
declare class CommonMethod<T>,ArkTS,7.0.0(26) Beta1,ALL,"=HYPERLINK(""https://developer.huawei.com/consumer/cn/doc/harmonyos-releases/changelogs-for-all-apps-7001/#ch2026010615012"",""ArkUI接口新增仅支持Stage模型的约束"")",ngf_framework\src\main\ets\uiShell\components\NGFImmersiveTopChrome.ets:153,未修复,接口定义变更
declare class CommonMethod<T>,ArkTS,7.0.0(26) Beta1,ALL,"=HYPERLINK(""https://developer.huawei.com/consumer/cn/doc/harmonyos-releases/changelogs-for-all-apps-7001/#ch2026010615012"",""ArkUI接口新增仅支持Stage模型的约束"")",ngf_framework\src\main\ets\uiShell\components\NGFImmersiveTopChrome.ets:154,未修复,接口定义变更
declare class CommonMethod<T>,ArkTS,7.0.0(26) Beta1,ALL,"=HYPERLINK(""https://developer.huawei.com/consumer/cn/doc/harmonyos-releases/changelogs-for-all-apps-7001/#ch2026010615012"",""ArkUI接口新增仅支持Stage模型的约束"")",ngf_framework\src\main\ets\uiShell\components\NGFImmersiveTopChrome.ets:164,未修复,接口定义变更
declare class CommonMethod<T>,ArkTS,7.0.0(26) Beta1,ALL,"=HYPERLINK(""https://developer.huawei.com/consumer/cn/doc/harmonyos-releases/changelogs-for-all-apps-7001/#ch2026010615012"",""ArkUI接口新增仅支持Stage模型的约束"")",ngf_framework\src\main\ets\uiShell\components\NGFImmersiveTopChrome.ets:165,未修复,接口定义变更
declare class CommonMethod<T>,ArkTS,7.0.0(26) Beta1,ALL,"=HYPERLINK(""https://developer.huawei.com/consumer/cn/doc/harmonyos-releases/changelogs-for-all-apps-7001/#ch2026010615012"",""ArkUI接口新增仅支持Stage模型的约束"")",ngf_framework\src\main\ets\uiShell\components\NGFImmersiveTopChrome.ets:166,未修复,接口定义变更
declare class CommonMethod<T>,ArkTS,7.0.0(26) Beta1,ALL,"=HYPERLINK(""https://developer.huawei.com/consumer/cn/doc/harmonyos-releases/changelogs-for-all-apps-7001/#ch2026010615012"",""ArkUI接口新增仅支持Stage模型的约束"")",ngf_framework\src\main\ets\uiShell\components\NGFImmersiveTopChrome.ets:167,未修复,接口定义变更
declare class CommonMethod<T>,ArkTS,7.0.0(26) Beta1,ALL,"=HYPERLINK(""https://developer.huawei.com/consumer/cn/doc/harmonyos-releases/changelogs-for-all-apps-7001/#ch2026010615012"",""ArkUI接口新增仅支持Stage模型的约束"")",ngf_framework\src\main\ets\uiShell\components\NGFImmersiveTopChrome.ets:168,未修复,接口定义变更
declare class CommonMethod<T>,ArkTS,7.0.0(26) Beta1,ALL,"=HYPERLINK(""https://developer.huawei.com/consumer/cn/doc/harmonyos-releases/changelogs-for-all-apps-7001/#ch2026010615012"",""ArkUI接口新增仅支持Stage模型的约束"")",ngf_framework\src\main\ets\uiShell\components\NGFImmersiveTopChrome.ets:169,未修复,接口定义变更
declare class CommonMethod<T>,ArkTS,7.0.0(26) Beta1,ALL,"=HYPERLINK(""https://developer.huawei.com/consumer/cn/doc/harmonyos-releases/changelogs-for-all-apps-7001/#ch2026010615012"",""ArkUI接口新增仅支持Stage模型的约束"")",ngf_framework\src\main\ets\uiShell\components\NGFImmersiveTopChrome.ets:170,未修复,接口定义变更
declare class CommonMethod<T>,ArkTS,7.0.0(26) Beta1,ALL,"=HYPERLINK(""https://developer.huawei.com/consumer/cn/doc/harmonyos-releases/changelogs-for-all-apps-7001/#ch2026010615012"",""ArkUI接口新增仅支持Stage模型的约束"")",ngf_framework\src\main\ets\uiShell\components\NGFImmersiveTopChrome.ets:173,未修复,接口定义变更
declare class CommonMethod<T>,ArkTS,7.0.0(26) Beta1,ALL,"=HYPERLINK(""https://developer.huawei.com/consumer/cn/doc/harmonyos-releases/changelogs-for-all-apps-7001/#ch2026010615012"",""ArkUI接口新增仅支持Stage模型的约束"")",ngf_framework\src\main\ets\uiShell\components\NGFImmersiveTopChrome.ets:174,未修复,接口定义变更
declare class CommonMethod<T>,ArkTS,7.0.0(26) Beta1,ALL,"=HYPERLINK(""https://developer.huawei.com/consumer/cn/doc/harmonyos-releases/changelogs-for-all-apps-7001/#ch2026010615012"",""ArkUI接口新增仅支持Stage模型的约束"")",ngf_framework\src\main\ets\uiShell\components\NGFImmersiveTopChrome.ets:175,未修复,接口定义变更
declare class CommonMethod<T>,ArkTS,7.0.0(26) Beta1,ALL,"=HYPERLINK(""https://developer.huawei.com/consumer/cn/doc/harmonyos-releases/changelogs-for-all-apps-7001/#ch2026010615012"",""ArkUI接口新增仅支持Stage模型的约束"")",ngf_framework\src\main\ets\uiShell\components\NGFImmersiveTopChrome.ets:176,未修复,接口定义变更
declare class CommonMethod<T>,ArkTS,7.0.0(26) Beta1,ALL,"=HYPERLINK(""https://developer.huawei.com/consumer/cn/doc/harmonyos-releases/changelogs-for-all-apps-7001/#ch2026010615012"",""ArkUI接口新增仅支持Stage模型的约束"")",ngf_framework\src\main\ets\uiShell\components\NGFImmersiveTopChrome.ets:177,未修复,接口定义变更
declare class CommonMethod<T>,ArkTS,7.0.0(26) Beta1,ALL,"=HYPERLINK(""https://developer.huawei.com/consumer/cn/doc/harmonyos-releases/changelogs-for-all-apps-7001/#ch2026010615012"",""ArkUI接口新增仅支持Stage模型的约束"")",ngf_framework\src\main\ets\uiShell\components\NGFImmersiveTopChrome.ets:178,未修复,接口定义变更
declare class CommonMethod<T>,ArkTS,7.0.0(26) Beta1,ALL,"=HYPERLINK(""https://developer.huawei.com/consumer/cn/doc/harmonyos-releases/changelogs-for-all-apps-7001/#ch2026010615012"",""ArkUI接口新增仅支持Stage模型的约束"")",ngf_framework\src\main\ets\uiShell\components\NGFImmersiveTopChrome.ets:179,未修复,接口定义变更
declare class CommonMethod<T>,ArkTS,7.0.0(26) Beta1,ALL,"=HYPERLINK(""https://developer.huawei.com/consumer/cn/doc/harmonyos-releases/changelogs-for-all-apps-7001/#ch2026010615012"",""ArkUI接口新增仅支持Stage模型的约束"")",ngf_framework\src\main\ets\uiShell\components\NGFImmersiveTopChrome.ets:182,未修复,接口定义变更
declare class CommonMethod<T>,ArkTS,7.0.0(26) Beta1,ALL,"=HYPERLINK(""https://developer.huawei.com/consumer/cn/doc/harmonyos-releases/changelogs-for-all-apps-7001/#ch2026010615012"",""ArkUI接口新增仅支持Stage模型的约束"")",ngf_framework\src\main\ets\uiShell\components\NGFImmersiveTopChrome.ets:183,未修复,接口定义变更
declare class CommonMethod<T>,ArkTS,7.0.0(26) Beta1,ALL,"=HYPERLINK(""https://developer.huawei.com/consumer/cn/doc/harmonyos-releases/changelogs-for-all-apps-7001/#ch2026010615012"",""ArkUI接口新增仅支持Stage模型的约束"")",ngf_framework\src\main\ets\uiShell\components\NGFImmersiveTopChrome.ets:184,未修复,接口定义变更
declare class CommonMethod<T>,ArkTS,7.0.0(26) Beta1,ALL,"=HYPERLINK(""https://developer.huawei.com/consumer/cn/doc/harmonyos-releases/changelogs-for-all-apps-7001/#ch2026010615012"",""ArkUI接口新增仅支持Stage模型的约束"")",ngf_framework\src\main\ets\uiShell\components\NGFImmersiveTopChrome.ets:185,未修复,接口定义变更
declare class CommonMethod<T>,ArkTS,7.0.0(26) Beta1,ALL,"=HYPERLINK(""https://developer.huawei.com/consumer/cn/doc/harmonyos-releases/changelogs-for-all-apps-7001/#ch2026010615012"",""ArkUI接口新增仅支持Stage模型的约束"")",ngf_framework\src\main\ets\uiShell\components\NGFImmersiveTopChrome.ets:186,未修复,接口定义变更
declare class CommonMethod<T>,ArkTS,7.0.0(26) Beta1,ALL,"=HYPERLINK(""https://developer.huawei.com/consumer/cn/doc/harmonyos-releases/changelogs-for-all-apps-7001/#ch2026010615012"",""ArkUI接口新增仅支持Stage模型的约束"")",ngf_framework\src\main\ets\uiShell\components\NGFImmersiveTopChrome.ets:189,未修复,接口定义变更
declare class CommonMethod<T>,ArkTS,7.0.0(26) Beta1,ALL,"=HYPERLINK(""https://developer.huawei.com/consumer/cn/doc/harmonyos-releases/changelogs-for-all-apps-7001/#ch2026010615012"",""ArkUI接口新增仅支持Stage模型的约束"")",ngf_framework\src\main\ets\uiShell\components\NGFImmersiveTopChrome.ets:190,未修复,接口定义变更
declare class CommonMethod<T>,ArkTS,7.0.0(26) Beta1,ALL,"=HYPERLINK(""https://developer.huawei.com/consumer/cn/doc/harmonyos-releases/changelogs-for-all-apps-7001/#ch2026010615012"",""ArkUI接口新增仅支持Stage模型的约束"")",ngf_framework\src\main\ets\uiShell\components\NGFImmersiveTopChrome.ets:191,未修复,接口定义变更
declare class CommonMethod<T>,ArkTS,7.0.0(26) Beta1,ALL,"=HYPERLINK(""https://developer.huawei.com/consumer/cn/doc/harmonyos-releases/changelogs-for-all-apps-7001/#ch2026010615012"",""ArkUI接口新增仅支持Stage模型的约束"")",ngf_framework\src\main\ets\uiShell\components\NGFImmersiveTopChrome.ets:199,未修复,接口定义变更
declare class CommonMethod<T>,ArkTS,7.0.0(26) Beta1,ALL,"=HYPERLINK(""https://developer.huawei.com/consumer/cn/doc/harmonyos-releases/changelogs-for-all-apps-7001/#ch2026010615012"",""ArkUI接口新增仅支持Stage模型的约束"")",ngf_framework\src\main\ets\uiShell\components\NGFImmersiveTopChrome.ets:201,未修复,接口定义变更
declare class CommonMethod<T>,ArkTS,7.0.0(26) Beta1,ALL,"=HYPERLINK(""https://developer.huawei.com/consumer/cn/doc/harmonyos-releases/changelogs-for-all-apps-7001/#ch2026010615012"",""ArkUI接口新增仅支持Stage模型的约束"")",ngf_framework\src\main\ets\uiShell\components\NGFImmersiveTopChrome.ets:202,未修复,接口定义变更
declare class CommonMethod<T>,ArkTS,7.0.0(26) Beta1,ALL,"=HYPERLINK(""https://developer.huawei.com/consumer/cn/doc/harmonyos-releases/changelogs-for-all-apps-7001/#ch2026010615012"",""ArkUI接口新增仅支持Stage模型的约束"")",ngf_framework\src\main\ets\uiShell\components\NGFImmersiveTopChrome.ets:203,未修复,接口定义变更
declare class CommonMethod<T>,ArkTS,7.0.0(26) Beta1,ALL,"=HYPERLINK(""https://developer.huawei.com/consumer/cn/doc/harmonyos-releases/changelogs-for-all-apps-7001/#ch2026010615012"",""ArkUI接口新增仅支持Stage模型的约束"")",ngf_framework\src\main\ets\uiShell\components\NGFPageTemplates.ets:103,未修复,接口定义变更
declare class CommonMethod<T>,ArkTS,7.0.0(26) Beta1,ALL,"=HYPERLINK(""https://developer.huawei.com/consumer/cn/doc/harmonyos-releases/changelogs-for-all-apps-7001/#ch2026010615012"",""ArkUI接口新增仅支持Stage模型的约束"")",ngf_framework\src\main\ets\uiShell\components\NGFPageTemplates.ets:104,未修复,接口定义变更
declare class CommonMethod<T>,ArkTS,7.0.0(26) Beta1,ALL,"=HYPERLINK(""https://developer.huawei.com/consumer/cn/doc/harmonyos-releases/changelogs-for-all-apps-7001/#ch2026010615012"",""ArkUI接口新增仅支持Stage模型的约束"")",ngf_framework\src\main\ets\uiShell\components\NGFPageTemplates.ets:105,未修复,接口定义变更
declare class CommonMethod<T>,ArkTS,7.0.0(26) Beta1,ALL,"=HYPERLINK(""https://developer.huawei.com/consumer/cn/doc/harmonyos-releases/changelogs-for-all-apps-7001/#ch2026010615012"",""ArkUI接口新增仅支持Stage模型的约束"")",ngf_framework\src\main\ets\uiShell\components\NGFPageTemplates.ets:106,未修复,接口定义变更
declare class CommonMethod<T>,ArkTS,7.0.0(26) Beta1,ALL,"=HYPERLINK(""https://developer.huawei.com/consumer/cn/doc/harmonyos-releases/changelogs-for-all-apps-7001/#ch2026010615012"",""ArkUI接口新增仅支持Stage模型的约束"")",ngf_framework\src\main\ets\uiShell\components\NGFPageTemplates.ets:107,未修复,接口定义变更
declare class CommonMethod<T>,ArkTS,7.0.0(26) Beta1,ALL,"=HYPERLINK(""https://developer.huawei.com/consumer/cn/doc/harmonyos-releases/changelogs-for-all-apps-7001/#ch2026010615012"",""ArkUI接口新增仅支持Stage模型的约束"")",ngf_framework\src\main\ets\uiShell\components\NGFPageTemplates.ets:108,未修复,接口定义变更
declare class CommonMethod<T>,ArkTS,7.0.0(26) Beta1,ALL,"=HYPERLINK(""https://developer.huawei.com/consumer/cn/doc/harmonyos-releases/changelogs-for-all-apps-7001/#ch2026010615012"",""ArkUI接口新增仅支持Stage模型的约束"")",ngf_framework\src\main\ets\uiShell\components\NGFPageTemplates.ets:113,未修复,接口定义变更
declare class CommonMethod<T>,ArkTS,7.0.0(26) Beta1,ALL,"=HYPERLINK(""https://developer.huawei.com/consumer/cn/doc/harmonyos-releases/changelogs-for-all-apps-7001/#ch2026010615012"",""ArkUI接口新增仅支持Stage模型的约束"")",ngf_framework\src\main\ets\uiShell\components\NGFPageTemplates.ets:122,未修复,接口定义变更
declare class CommonMethod<T>,ArkTS,7.0.0(26) Beta1,ALL,"=HYPERLINK(""https://developer.huawei.com/consumer/cn/doc/harmonyos-releases/changelogs-for-all-apps-7001/#ch2026010615012"",""ArkUI接口新增仅支持Stage模型的约束"")",ngf_framework\src\main\ets\uiShell\components\NGFPageTemplates.ets:123,未修复,接口定义变更
declare class CommonMethod<T>,ArkTS,7.0.0(26) Beta1,ALL,"=HYPERLINK(""https://developer.huawei.com/consumer/cn/doc/harmonyos-releases/changelogs-for-all-apps-7001/#ch2026010615012"",""ArkUI接口新增仅支持Stage模型的约束"")",ngf_framework\src\main\ets\uiShell\components\NGFPageTemplates.ets:125,未修复,接口定义变更
declare class CommonMethod<T>,ArkTS,7.0.0(26) Beta1,ALL,"=HYPERLINK(""https://developer.huawei.com/consumer/cn/doc/harmonyos-releases/changelogs-for-all-apps-7001/#ch2026010615012"",""ArkUI接口新增仅支持Stage模型的约束"")",ngf_framework\src\main\ets\uiShell\components\NGFPageTemplates.ets:126,未修复,接口定义变更
declare class CommonMethod<T>,ArkTS,7.0.0(26) Beta1,ALL,"=HYPERLINK(""https://developer.huawei.com/consumer/cn/doc/harmonyos-releases/changelogs-for-all-apps-7001/#ch2026010615012"",""ArkUI接口新增仅支持Stage模型的约束"")",ngf_framework\src\main\ets\uiShell\components\NGFPageTemplates.ets:129,未修复,接口定义变更
declare class CommonMethod<T>,ArkTS,7.0.0(26) Beta1,ALL,"=HYPERLINK(""https://developer.huawei.com/consumer/cn/doc/harmonyos-releases/changelogs-for-all-apps-7001/#ch2026010615012"",""ArkUI接口新增仅支持Stage模型的约束"")",ngf_framework\src\main\ets\uiShell\components\NGFPageTemplates.ets:131,未修复,接口定义变更
declare class CommonMethod<T>,ArkTS,7.0.0(26) Beta1,ALL,"=HYPERLINK(""https://developer.huawei.com/consumer/cn/doc/harmonyos-releases/changelogs-for-all-apps-7001/#ch2026010615012"",""ArkUI接口新增仅支持Stage模型的约束"")",ngf_framework\src\main\ets\uiShell\components\NGFPageTemplates.ets:132,未修复,接口定义变更
declare class CommonMethod<T>,ArkTS,7.0.0(26) Beta1,ALL,"=HYPERLINK(""https://developer.huawei.com/consumer/cn/doc/harmonyos-releases/changelogs-for-all-apps-7001/#ch2026010615012"",""ArkUI接口新增仅支持Stage模型的约束"")",ngf_framework\src\main\ets\uiShell\components\NGFPageTemplates.ets:171,未修复,接口定义变更
declare class CommonMethod<T>,ArkTS,7.0.0(26) Beta1,ALL,"=HYPERLINK(""https://developer.huawei.com/consumer/cn/doc/harmonyos-releases/changelogs-for-all-apps-7001/#ch2026010615012"",""ArkUI接口新增仅支持Stage模型的约束"")",ngf_framework\src\main\ets\uiShell\components\NGFPageTemplates.ets:181,未修复,接口定义变更
declare class CommonMethod<T>,ArkTS,7.0.0(26) Beta1,ALL,"=HYPERLINK(""https://developer.huawei.com/consumer/cn/doc/harmonyos-releases/changelogs-for-all-apps-7001/#ch2026010615012"",""ArkUI接口新增仅支持Stage模型的约束"")",ngf_framework\src\main\ets\uiShell\components\NGFPageTemplates.ets:186,未修复,接口定义变更
declare class CommonMethod<T>,ArkTS,7.0.0(26) Beta1,ALL,"=HYPERLINK(""https://developer.huawei.com/consumer/cn/doc/harmonyos-releases/changelogs-for-all-apps-7001/#ch2026010615012"",""ArkUI接口新增仅支持Stage模型的约束"")",ngf_framework\src\main\ets\uiShell\components\NGFPageTemplates.ets:189,未修复,接口定义变更
declare class CommonMethod<T>,ArkTS,7.0.0(26) Beta1,ALL,"=HYPERLINK(""https://developer.huawei.com/consumer/cn/doc/harmonyos-releases/changelogs-for-all-apps-7001/#ch2026010615012"",""ArkUI接口新增仅支持Stage模型的约束"")",ngf_framework\src\main\ets\uiShell\components\NGFPageTemplates.ets:190,未修复,接口定义变更
declare class CommonMethod<T>,ArkTS,7.0.0(26) Beta1,ALL,"=HYPERLINK(""https://developer.huawei.com/consumer/cn/doc/harmonyos-releases/changelogs-for-all-apps-7001/#ch2026010615012"",""ArkUI接口新增仅支持Stage模型的约束"")",ngf_framework\src\main\ets\uiShell\components\NGFPageTemplates.ets:191,未修复,接口定义变更
declare class CommonMethod<T>,ArkTS,7.0.0(26) Beta1,ALL,"=HYPERLINK(""https://developer.huawei.com/consumer/cn/doc/harmonyos-releases/changelogs-for-all-apps-7001/#ch2026010615012"",""ArkUI接口新增仅支持Stage模型的约束"")",ngf_framework\src\main\ets\uiShell\components\NGFPageTemplates.ets:196,未修复,接口定义变更
declare class CommonMethod<T>,ArkTS,7.0.0(26) Beta1,ALL,"=HYPERLINK(""https://developer.huawei.com/consumer/cn/doc/harmonyos-releases/changelogs-for-all-apps-7001/#ch2026010615012"",""ArkUI接口新增仅支持Stage模型的约束"")",ngf_framework\src\main\ets\uiShell\components\NGFPageTemplates.ets:197,未修复,接口定义变更
declare class CommonMethod<T>,ArkTS,7.0.0(26) Beta1,ALL,"=HYPERLINK(""https://developer.huawei.com/consumer/cn/doc/harmonyos-releases/changelogs-for-all-apps-7001/#ch2026010615012"",""ArkUI接口新增仅支持Stage模型的约束"")",ngf_framework\src\main\ets\uiShell\components\NGFPageTemplates.ets:198,未修复,接口定义变更
declare class CommonMethod<T>,ArkTS,7.0.0(26) Beta1,ALL,"=HYPERLINK(""https://developer.huawei.com/consumer/cn/doc/harmonyos-releases/changelogs-for-all-apps-7001/#ch2026010615012"",""ArkUI接口新增仅支持Stage模型的约束"")",ngf_framework\src\main\ets\uiShell\components\NGFPageTemplates.ets:199,未修复,接口定义变更
declare class CommonMethod<T>,ArkTS,7.0.0(26) Beta1,ALL,"=HYPERLINK(""https://developer.huawei.com/consumer/cn/doc/harmonyos-releases/changelogs-for-all-apps-7001/#ch2026010615012"",""ArkUI接口新增仅支持Stage模型的约束"")",ngf_framework\src\main\ets\uiShell\components\NGFPageTemplates.ets:204,未修复,接口定义变更
declare class CommonMethod<T>,ArkTS,7.0.0(26) Beta1,ALL,"=HYPERLINK(""https://developer.huawei.com/consumer/cn/doc/harmonyos-releases/changelogs-for-all-apps-7001/#ch2026010615012"",""ArkUI接口新增仅支持Stage模型的约束"")",ngf_framework\src\main\ets\uiShell\components\NGFPageTemplates.ets:205,未修复,接口定义变更
declare class CommonMethod<T>,ArkTS,7.0.0(26) Beta1,ALL,"=HYPERLINK(""https://developer.huawei.com/consumer/cn/doc/harmonyos-releases/changelogs-for-all-apps-7001/#ch2026010615012"",""ArkUI接口新增仅支持Stage模型的约束"")",ngf_framework\src\main\ets\uiShell\components\NGFPageTemplates.ets:207,未修复,接口定义变更
declare class CommonMethod<T>,ArkTS,7.0.0(26) Beta1,ALL,"=HYPERLINK(""https://developer.huawei.com/consumer/cn/doc/harmonyos-releases/changelogs-for-all-apps-7001/#ch2026010615012"",""ArkUI接口新增仅支持Stage模型的约束"")",ngf_framework\src\main\ets\uiShell\components\NGFPageTemplates.ets:208,未修复,接口定义变更
declare class CommonMethod<T>,ArkTS,7.0.0(26) Beta1,ALL,"=HYPERLINK(""https://developer.huawei.com/consumer/cn/doc/harmonyos-releases/changelogs-for-all-apps-7001/#ch2026010615012"",""ArkUI接口新增仅支持Stage模型的约束"")",ngf_framework\src\main\ets\uiShell\components\NGFPageTemplates.ets:211,未修复,接口定义变更
declare class CommonMethod<T>,ArkTS,7.0.0(26) Beta1,ALL,"=HYPERLINK(""https://developer.huawei.com/consumer/cn/doc/harmonyos-releases/changelogs-for-all-apps-7001/#ch2026010615012"",""ArkUI接口新增仅支持Stage模型的约束"")",ngf_framework\src\main\ets\uiShell\components\NGFPageTemplates.ets:213,未修复,接口定义变更
declare class CommonMethod<T>,ArkTS,7.0.0(26) Beta1,ALL,"=HYPERLINK(""https://developer.huawei.com/consumer/cn/doc/harmonyos-releases/changelogs-for-all-apps-7001/#ch2026010615012"",""ArkUI接口新增仅支持Stage模型的约束"")",ngf_framework\src\main\ets\uiShell\components\NGFPageTemplates.ets:214,未修复,接口定义变更
declare class CommonMethod<T>,ArkTS,7.0.0(26) Beta1,ALL,"=HYPERLINK(""https://developer.huawei.com/consumer/cn/doc/harmonyos-releases/changelogs-for-all-apps-7001/#ch2026010615012"",""ArkUI接口新增仅支持Stage模型的约束"")",ngf_framework\src\main\ets\uiShell\components\NGFPageTemplates.ets:255,未修复,接口定义变更
declare class CommonMethod<T>,ArkTS,7.0.0(26) Beta1,ALL,"=HYPERLINK(""https://developer.huawei.com/consumer/cn/doc/harmonyos-releases/changelogs-for-all-apps-7001/#ch2026010615012"",""ArkUI接口新增仅支持Stage模型的约束"")",ngf_framework\src\main\ets\uiShell\components\NGFPageTemplates.ets:262,未修复,接口定义变更
declare class CommonMethod<T>,ArkTS,7.0.0(26) Beta1,ALL,"=HYPERLINK(""https://developer.huawei.com/consumer/cn/doc/harmonyos-releases/changelogs-for-all-apps-7001/#ch2026010615012"",""ArkUI接口新增仅支持Stage模型的约束"")",ngf_framework\src\main\ets\uiShell\components\NGFPageTemplates.ets:263,未修复,接口定义变更
declare class CommonMethod<T>,ArkTS,7.0.0(26) Beta1,ALL,"=HYPERLINK(""https://developer.huawei.com/consumer/cn/doc/harmonyos-releases/changelogs-for-all-apps-7001/#ch2026010615012"",""ArkUI接口新增仅支持Stage模型的约束"")",ngf_framework\src\main\ets\uiShell\components\NGFPageTemplates.ets:264,未修复,接口定义变更
declare class CommonMethod<T>,ArkTS,7.0.0(26) Beta1,ALL,"=HYPERLINK(""https://developer.huawei.com/consumer/cn/doc/harmonyos-releases/changelogs-for-all-apps-7001/#ch2026010615012"",""ArkUI接口新增仅支持Stage模型的约束"")",ngf_framework\src\main\ets\uiShell\components\NGFPageTemplates.ets:265,未修复,接口定义变更
declare class CommonMethod<T>,ArkTS,7.0.0(26) Beta1,ALL,"=HYPERLINK(""https://developer.huawei.com/consumer/cn/doc/harmonyos-releases/changelogs-for-all-apps-7001/#ch2026010615012"",""ArkUI接口新增仅支持Stage模型的约束"")",ngf_framework\src\main\ets\uiShell\components\NGFPageTemplates.ets:266,未修复,接口定义变更
declare class CommonMethod<T>,ArkTS,7.0.0(26) Beta1,ALL,"=HYPERLINK(""https://developer.huawei.com/consumer/cn/doc/harmonyos-releases/changelogs-for-all-apps-7001/#ch2026010615012"",""ArkUI接口新增仅支持Stage模型的约束"")",ngf_framework\src\main\ets\uiShell\components\NGFPageTemplates.ets:270,未修复,接口定义变更
declare class CommonMethod<T>,ArkTS,7.0.0(26) Beta1,ALL,"=HYPERLINK(""https://developer.huawei.com/consumer/cn/doc/harmonyos-releases/changelogs-for-all-apps-7001/#ch2026010615012"",""ArkUI接口新增仅支持Stage模型的约束"")",ngf_framework\src\main\ets\uiShell\components\NGFPageTemplates.ets:271,未修复,接口定义变更
declare class CommonMethod<T>,ArkTS,7.0.0(26) Beta1,ALL,"=HYPERLINK(""https://developer.huawei.com/consumer/cn/doc/harmonyos-releases/changelogs-for-all-apps-7001/#ch2026010615012"",""ArkUI接口新增仅支持Stage模型的约束"")",ngf_framework\src\main\ets\uiShell\components\NGFPageTemplates.ets:274,未修复,接口定义变更
declare class CommonMethod<T>,ArkTS,7.0.0(26) Beta1,ALL,"=HYPERLINK(""https://developer.huawei.com/consumer/cn/doc/harmonyos-releases/changelogs-for-all-apps-7001/#ch2026010615012"",""ArkUI接口新增仅支持Stage模型的约束"")",ngf_framework\src\main\ets\uiShell\components\NGFPageTemplates.ets:275,未修复,接口定义变更
declare class CommonMethod<T>,ArkTS,7.0.0(26) Beta1,ALL,"=HYPERLINK(""https://developer.huawei.com/consumer/cn/doc/harmonyos-releases/changelogs-for-all-apps-7001/#ch2026010615012"",""ArkUI接口新增仅支持Stage模型的约束"")",ngf_framework\src\main\ets\uiShell\components\NGFPageTemplates.ets:281,未修复,接口定义变更
declare class CommonMethod<T>,ArkTS,7.0.0(26) Beta1,ALL,"=HYPERLINK(""https://developer.huawei.com/consumer/cn/doc/harmonyos-releases/changelogs-for-all-apps-7001/#ch2026010615012"",""ArkUI接口新增仅支持Stage模型的约束"")",ngf_framework\src\main\ets\uiShell\components\NGFPageTemplates.ets:282,未修复,接口定义变更
declare class CommonMethod<T>,ArkTS,7.0.0(26) Beta1,ALL,"=HYPERLINK(""https://developer.huawei.com/consumer/cn/doc/harmonyos-releases/changelogs-for-all-apps-7001/#ch2026010615012"",""ArkUI接口新增仅支持Stage模型的约束"")",ngf_framework\src\main\ets\uiShell\components\NGFPageTemplates.ets:286,未修复,接口定义变更
declare class CommonMethod<T>,ArkTS,7.0.0(26) Beta1,ALL,"=HYPERLINK(""https://developer.huawei.com/consumer/cn/doc/harmonyos-releases/changelogs-for-all-apps-7001/#ch2026010615012"",""ArkUI接口新增仅支持Stage模型的约束"")",ngf_framework\src\main\ets\uiShell\components\NGFPageTemplates.ets:287,未修复,接口定义变更
declare class CommonMethod<T>,ArkTS,7.0.0(26) Beta1,ALL,"=HYPERLINK(""https://developer.huawei.com/consumer/cn/doc/harmonyos-releases/changelogs-for-all-apps-7001/#ch2026010615012"",""ArkUI接口新增仅支持Stage模型的约束"")",ngf_framework\src\main\ets\uiShell\components\NGFPageTemplates.ets:289,未修复,接口定义变更
declare class CommonMethod<T>,ArkTS,7.0.0(26) Beta1,ALL,"=HYPERLINK(""https://developer.huawei.com/consumer/cn/doc/harmonyos-releases/changelogs-for-all-apps-7001/#ch2026010615012"",""ArkUI接口新增仅支持Stage模型的约束"")",ngf_framework\src\main\ets\uiShell\components\NGFPageTemplates.ets:290,未修复,接口定义变更
declare class CommonMethod<T>,ArkTS,7.0.0(26) Beta1,ALL,"=HYPERLINK(""https://developer.huawei.com/consumer/cn/doc/harmonyos-releases/changelogs-for-all-apps-7001/#ch2026010615012"",""ArkUI接口新增仅支持Stage模型的约束"")",ngf_framework\src\main\ets\uiShell\components\NGFPageTemplates.ets:293,未修复,接口定义变更
declare class CommonMethod<T>,ArkTS,7.0.0(26) Beta1,ALL,"=HYPERLINK(""https://developer.huawei.com/consumer/cn/doc/harmonyos-releases/changelogs-for-all-apps-7001/#ch2026010615012"",""ArkUI接口新增仅支持Stage模型的约束"")",ngf_framework\src\main\ets\uiShell\components\NGFPageTemplates.ets:295,未修复,接口定义变更
declare class CommonMethod<T>,ArkTS,7.0.0(26) Beta1,ALL,"=HYPERLINK(""https://developer.huawei.com/consumer/cn/doc/harmonyos-releases/changelogs-for-all-apps-7001/#ch2026010615012"",""ArkUI接口新增仅支持Stage模型的约束"")",ngf_framework\src\main\ets\uiShell\components\NGFPageTemplates.ets:296,未修复,接口定义变更
declare class CommonMethod<T>,ArkTS,7.0.0(26) Beta1,ALL,"=HYPERLINK(""https://developer.huawei.com/consumer/cn/doc/harmonyos-releases/changelogs-for-all-apps-7001/#ch2026010615012"",""ArkUI接口新增仅支持Stage模型的约束"")",ngf_framework\src\main\ets\uiShell\components\NGFPageTemplates.ets:77,未修复,接口定义变更
declare class CommonMethod<T>,ArkTS,7.0.0(26) Beta1,ALL,"=HYPERLINK(""https://developer.huawei.com/consumer/cn/doc/harmonyos-releases/changelogs-for-all-apps-7001/#ch2026010615012"",""ArkUI接口新增仅支持Stage模型的约束"")",ngf_framework\src\main\ets\uiShell\components\NGFPageTemplates.ets:88,未修复,接口定义变更
declare class CommonMethod<T>,ArkTS,7.0.0(26) Beta1,ALL,"=HYPERLINK(""https://developer.huawei.com/consumer/cn/doc/harmonyos-releases/changelogs-for-all-apps-7001/#ch2026010615012"",""ArkUI接口新增仅支持Stage模型的约束"")",ngf_framework\src\main\ets\uiShell\components\NGFPageTemplates.ets:90,未修复,接口定义变更
declare class CommonMethod<T>,ArkTS,7.0.0(26) Beta1,ALL,"=HYPERLINK(""https://developer.huawei.com/consumer/cn/doc/harmonyos-releases/changelogs-for-all-apps-7001/#ch2026010615012"",""ArkUI接口新增仅支持Stage模型的约束"")",ngf_framework\src\main\ets\uiShell\components\NGFPageTemplates.ets:98,未修复,接口定义变更
declare struct SegmentButton,ArkTS,7.0.0(26) Beta1,26.0.0 - 26.0.0(26.0.0),"=HYPERLINK(""https://developer.huawei.com/consumer/cn/doc/harmonyos-releases/changelogs-ux-7001/#ch2026032801249"",""内置文本的组件文本样式优化"")",entry\src\main\ets\pages\ngf\HdsIntegratedShowcasePage.ets:767,未修复,UX视觉布局变更
declare struct SegmentButton,ArkTS,7.0.0(26) Beta1,26.0.0 - 26.0.0(26.0.0),"=HYPERLINK(""https://developer.huawei.com/consumer/cn/doc/harmonyos-releases/changelogs-ux-7001/#ch2026032801249"",""内置文本的组件文本样式优化"")",entry\src\main\ets\pages\ngf\HdsIntegratedShowcasePage.ets:950,未修复,UX视觉布局变更
export declare struct SubHeader,ArkTS,7.0.0(26) Beta1,26.0.0 - 26.0.0(26.0.0),"=HYPERLINK(""https://developer.huawei.com/consumer/cn/doc/harmonyos-releases/changelogs-ux-7001/#ch2026032801249"",""内置文本的组件文本样式优化"")",entry\src\main\ets\pages\ngf\HdsIntegratedShowcasePage.ets:743,未修复,UX视觉布局变更
export declare struct SubHeader,ArkTS,7.0.0(26) Beta1,26.0.0 - 26.0.0(26.0.0),"=HYPERLINK(""https://developer.huawei.com/consumer/cn/doc/harmonyos-releases/changelogs-ux-7001/#ch2026032801249"",""内置文本的组件文本样式优化"")",entry\src\main\ets\pages\ngf\HdsIntegratedShowcasePage.ets:838,未修复,UX视觉布局变更
export declare struct SubHeader,ArkTS,7.0.0(26) Beta1,26.0.0 - 26.0.0(26.0.0),"=HYPERLINK(""https://developer.huawei.com/consumer/cn/doc/harmonyos-releases/changelogs-ux-7001/#ch2026032801249"",""内置文本的组件文本样式优化"")",entry\src\main\ets\pages\ngf\HdsIntegratedShowcasePage.ets:945,未修复,UX视觉布局变更
function openToast(options: ShowToastOptions): Promise<number>,ArkTS,7.0.0(26) Beta1,26.0.0 - 26.0.0(26.0.0),"=HYPERLINK(""https://developer.huawei.com/consumer/cn/doc/harmonyos-releases/changelogs-ux-7001/#ch2026032801249"",""内置文本的组件文本样式优化"")",ngf_framework\src\main\ets\uiShell\facades\OverlayManagerFacade.ets:95,未修复,UX视觉布局变更
showToast(options: promptAction.ShowToastOptions): void,ArkTS,7.0.0(26) Beta1,26.0.0 - 26.0.0(26.0.0),"=HYPERLINK(""https://developer.huawei.com/consumer/cn/doc/harmonyos-releases/changelogs-ux-7001/#ch2026032801249"",""内置文本的组件文本样式优化"")",entry\src\main\ets\pages\ngf\MainMenuPage.ets:1437,未修复,UX视觉布局变更
showToast(options: promptAction.ShowToastOptions): void,ArkTS,7.0.0(26) Beta1,26.0.0 - 26.0.0(26.0.0),"=HYPERLINK(""https://developer.huawei.com/consumer/cn/doc/harmonyos-releases/changelogs-ux-7001/#ch2026032801249"",""内置文本的组件文本样式优化"")",entry\src\main\ets\pages\ngf\MainMenuPage.ets:632,未修复,UX视觉布局变更
showToast(options: promptAction.ShowToastOptions): void,ArkTS,7.0.0(26) Beta1,26.0.0 - 26.0.0(26.0.0),"=HYPERLINK(""https://developer.huawei.com/consumer/cn/doc/harmonyos-releases/changelogs-ux-7001/#ch2026032801249"",""内置文本的组件文本样式优化"")",entry\src\main\ets\pages\ngf\NGFDemoDataStoragePage.ets:162,未修复,UX视觉布局变更
showToast(options: promptAction.ShowToastOptions): void,ArkTS,7.0.0(26) Beta1,26.0.0 - 26.0.0(26.0.0),"=HYPERLINK(""https://developer.huawei.com/consumer/cn/doc/harmonyos-releases/changelogs-ux-7001/#ch2026032801249"",""内置文本的组件文本样式优化"")",entry\src\main\ets\pages\ngf\SystemResourcePreviewPage.ets:223,未修复,UX视觉布局变更
"bindSheet(isShow: boolean, builder: CustomBuilder, options?: SheetOptions): T",ArkTS,7.0.0(26) Beta1,26.0.0 - 26.0.0(26.0.0),"=HYPERLINK(""https://developer.huawei.com/consumer/cn/doc/harmonyos-releases/changelogs-ux-7001/#ch2026032801249"",""内置文本的组件文本样式优化"")",entry\src\main\ets\pages\ngf\MainMenuPage.ets:1696,未修复,UX视觉布局变更
"bindSheet(isShow: boolean, builder: CustomBuilder, options?: SheetOptions): T",ArkTS,7.0.0(26) Beta1,26.0.0 - 26.0.0(26.0.0),"=HYPERLINK(""https://developer.huawei.com/consumer/cn/doc/harmonyos-releases/changelogs-ux-7001/#ch2026032801249"",""内置文本的组件文本样式优化"")",entry\src\main\ets\pages\ngf\MainMenuPage.ets:1776,未修复,UX视觉布局变更
openToast(options: promptAction.ShowToastOptions): Promise<number>,ArkTS,7.0.0(26) Beta1,26.0.0 - 26.0.0(26.0.0),"=HYPERLINK(""https://developer.huawei.com/consumer/cn/doc/harmonyos-releases/changelogs-ux-7001/#ch2026032801249"",""内置文本的组件文本样式优化"")",entry\src\main\ets\pages\ngf\NGFTaskManagerPage.ets:213,未修复,UX视觉布局变更
openToast(options: promptAction.ShowToastOptions): Promise<number>,ArkTS,7.0.0(26) Beta1,26.0.0 - 26.0.0(26.0.0),"=HYPERLINK(""https://developer.huawei.com/consumer/cn/doc/harmonyos-releases/changelogs-ux-7001/#ch2026032801249"",""内置文本的组件文本样式优化"")",entry\src\main\ets\pages\ngf\NGFTaskManagerPage.ets:220,未修复,UX视觉布局变更
openToast(options: promptAction.ShowToastOptions): Promise<number>,ArkTS,7.0.0(26) Beta1,26.0.0 - 26.0.0(26.0.0),"=HYPERLINK(""https://developer.huawei.com/consumer/cn/doc/harmonyos-releases/changelogs-ux-7001/#ch2026032801249"",""内置文本的组件文本样式优化"")",entry\src\main\ets\pages\ngf\SystemResourcePreviewPage.ets:752,未修复,UX视觉布局变更
openToast(options: promptAction.ShowToastOptions): Promise<number>,ArkTS,7.0.0(26) Beta1,26.0.0 - 26.0.0(26.0.0),"=HYPERLINK(""https://developer.huawei.com/consumer/cn/doc/harmonyos-releases/changelogs-ux-7001/#ch2026032801249"",""内置文本的组件文本样式优化"")",entry\src\main\ets\pages\ngf\SystemResourcePreviewPage.ets:758,未修复,UX视觉布局变更
openToast(options: promptAction.ShowToastOptions): Promise<number>,ArkTS,7.0.0(26) Beta1,26.0.0 - 26.0.0(26.0.0),"=HYPERLINK(""https://developer.huawei.com/consumer/cn/doc/harmonyos-releases/changelogs-ux-7001/#ch2026032801249"",""内置文本的组件文本样式优化"")",ngf_framework\src\main\ets\uiShell\facades\OverlayManagerFacade.ets:83,未修复,UX视觉布局变更
"searchButton(value: ResourceStr, option?: SearchButtonOptions): SearchAttribute",ArkTS,7.0.0(26) Beta1,26.0.0 - 26.0.0(26.0.0),"=HYPERLINK(""https://developer.huawei.com/consumer/cn/doc/harmonyos-releases/changelogs-ux-7001/#ch2026032801249"",""内置文本的组件文本样式优化"")",entry\src\main\ets\pages\ngf\HdsIntegratedShowcasePage.ets:758,未修复,UX视觉布局变更
"searchButton(value: ResourceStr, option?: SearchButtonOptions): SearchAttribute",ArkTS,7.0.0(26) Beta1,26.0.0 - 26.0.0(26.0.0),"=HYPERLINK(""https://developer.huawei.com/consumer/cn/doc/harmonyos-releases/changelogs-ux-7001/#ch2026032801249"",""内置文本的组件文本样式优化"")",entry\src\main\ets\pages\ngf\SystemResourcePreviewPage.ets:256,未修复,UX视觉布局变更
declare const Button: ButtonInterface,ArkTS,7.0.0(26) Beta1,26.0.0 - 26.0.0(26.0.0),"=HYPERLINK(""https://developer.huawei.com/consumer/cn/doc/harmonyos-releases/changelogs-ux-7001/#ch2026032801249"",""内置文本的组件文本样式优化"")",entry\src\main\ets\pages\ngf\HdsIntegratedShowcasePage.ets:1046,未修复,UX视觉布局变更
declare const Button: ButtonInterface,ArkTS,7.0.0(26) Beta1,26.0.0 - 26.0.0(26.0.0),"=HYPERLINK(""https://developer.huawei.com/consumer/cn/doc/harmonyos-releases/changelogs-ux-7001/#ch2026032801249"",""内置文本的组件文本样式优化"")",entry\src\main\ets\pages\ngf\HdsIntegratedShowcasePage.ets:1064,未修复,UX视觉布局变更
declare const Button: ButtonInterface,ArkTS,7.0.0(26) Beta1,26.0.0 - 26.0.0(26.0.0),"=HYPERLINK(""https://developer.huawei.com/consumer/cn/doc/harmonyos-releases/changelogs-ux-7001/#ch2026032801249"",""内置文本的组件文本样式优化"")",entry\src\main\ets\pages\ngf\HdsIntegratedShowcasePage.ets:1074,未修复,UX视觉布局变更
declare const Button: ButtonInterface,ArkTS,7.0.0(26) Beta1,26.0.0 - 26.0.0(26.0.0),"=HYPERLINK(""https://developer.huawei.com/consumer/cn/doc/harmonyos-releases/changelogs-ux-7001/#ch2026032801249"",""内置文本的组件文本样式优化"")",entry\src\main\ets\pages\ngf\HdsIntegratedShowcasePage.ets:1086,未修复,UX视觉布局变更
declare const Button: ButtonInterface,ArkTS,7.0.0(26) Beta1,26.0.0 - 26.0.0(26.0.0),"=HYPERLINK(""https://developer.huawei.com/consumer/cn/doc/harmonyos-releases/changelogs-ux-7001/#ch2026032801249"",""内置文本的组件文本样式优化"")",entry\src\main\ets\pages\ngf\HdsIntegratedShowcasePage.ets:631,未修复,UX视觉布局变更
declare const Button: ButtonInterface,ArkTS,7.0.0(26) Beta1,26.0.0 - 26.0.0(26.0.0),"=HYPERLINK(""https://developer.huawei.com/consumer/cn/doc/harmonyos-releases/changelogs-ux-7001/#ch2026032801249"",""内置文本的组件文本样式优化"")",entry\src\main\ets\pages\ngf\HdsNavigationOfficialShowcasePage.ets:367,未修复,UX视觉布局变更
declare const Button: ButtonInterface,ArkTS,7.0.0(26) Beta1,26.0.0 - 26.0.0(26.0.0),"=HYPERLINK(""https://developer.huawei.com/consumer/cn/doc/harmonyos-releases/changelogs-ux-7001/#ch2026032801249"",""内置文本的组件文本样式优化"")",entry\src\main\ets\pages\ngf\MainMenuPage.ets:1327,未修复,UX视觉布局变更
declare const Button: ButtonInterface,ArkTS,7.0.0(26) Beta1,26.0.0 - 26.0.0(26.0.0),"=HYPERLINK(""https://developer.huawei.com/consumer/cn/doc/harmonyos-releases/changelogs-ux-7001/#ch2026032801249"",""内置文本的组件文本样式优化"")",entry\src\main\ets\pages\ngf\MainMenuPage.ets:1403,未修复,UX视觉布局变更
declare const Button: ButtonInterface,ArkTS,7.0.0(26) Beta1,26.0.0 - 26.0.0(26.0.0),"=HYPERLINK(""https://developer.huawei.com/consumer/cn/doc/harmonyos-releases/changelogs-ux-7001/#ch2026032801249"",""内置文本的组件文本样式优化"")",entry\src\main\ets\pages\ngf\MainMenuPage.ets:2180,未修复,UX视觉布局变更
declare const Button: ButtonInterface,ArkTS,7.0.0(26) Beta1,26.0.0 - 26.0.0(26.0.0),"=HYPERLINK(""https://developer.huawei.com/consumer/cn/doc/harmonyos-releases/changelogs-ux-7001/#ch2026032801249"",""内置文本的组件文本样式优化"")",entry\src\main\ets\pages\ngf\MainMenuPage.ets:2218,未修复,UX视觉布局变更
declare const Button: ButtonInterface,ArkTS,7.0.0(26) Beta1,26.0.0 - 26.0.0(26.0.0),"=HYPERLINK(""https://developer.huawei.com/consumer/cn/doc/harmonyos-releases/changelogs-ux-7001/#ch2026032801249"",""内置文本的组件文本样式优化"")",entry\src\main\ets\pages\ngf\NGFCapabilitiesDatabasePage.ets:239,未修复,UX视觉布局变更
declare const Button: ButtonInterface,ArkTS,7.0.0(26) Beta1,26.0.0 - 26.0.0(26.0.0),"=HYPERLINK(""https://developer.huawei.com/consumer/cn/doc/harmonyos-releases/changelogs-ux-7001/#ch2026032801249"",""内置文本的组件文本样式优化"")",entry\src\main\ets\pages\ngf\NGFCapabilitiesDatabasePage.ets:250,未修复,UX视觉布局变更
declare const Button: ButtonInterface,ArkTS,7.0.0(26) Beta1,26.0.0 - 26.0.0(26.0.0),"=HYPERLINK(""https://developer.huawei.com/consumer/cn/doc/harmonyos-releases/changelogs-ux-7001/#ch2026032801249"",""内置文本的组件文本样式优化"")",entry\src\main\ets\pages\ngf\NGFCapabilitiesDatabasePage.ets:330,未修复,UX视觉布局变更
declare const Button: ButtonInterface,ArkTS,7.0.0(26) Beta1,26.0.0 - 26.0.0(26.0.0),"=HYPERLINK(""https://developer.huawei.com/consumer/cn/doc/harmonyos-releases/changelogs-ux-7001/#ch2026032801249"",""内置文本的组件文本样式优化"")",entry\src\main\ets\pages\ngf\NGFCapabilitiesHardwarePage.ets:106,未修复,UX视觉布局变更
declare const Button: ButtonInterface,ArkTS,7.0.0(26) Beta1,26.0.0 - 26.0.0(26.0.0),"=HYPERLINK(""https://developer.huawei.com/consumer/cn/doc/harmonyos-releases/changelogs-ux-7001/#ch2026032801249"",""内置文本的组件文本样式优化"")",entry\src\main\ets\pages\ngf\NGFCapabilitiesHardwarePage.ets:116,未修复,UX视觉布局变更
declare const Button: ButtonInterface,ArkTS,7.0.0(26) Beta1,26.0.0 - 26.0.0(26.0.0),"=HYPERLINK(""https://developer.huawei.com/consumer/cn/doc/harmonyos-releases/changelogs-ux-7001/#ch2026032801249"",""内置文本的组件文本样式优化"")",entry\src\main\ets\pages\ngf\NGFCapabilitiesMediaPage.ets:103,未修复,UX视觉布局变更
declare const Button: ButtonInterface,ArkTS,7.0.0(26) Beta1,26.0.0 - 26.0.0(26.0.0),"=HYPERLINK(""https://developer.huawei.com/consumer/cn/doc/harmonyos-releases/changelogs-ux-7001/#ch2026032801249"",""内置文本的组件文本样式优化"")",entry\src\main\ets\pages\ngf\NGFCapabilitiesNetworkPage.ets:104,未修复,UX视觉布局变更
declare const Button: ButtonInterface,ArkTS,7.0.0(26) Beta1,26.0.0 - 26.0.0(26.0.0),"=HYPERLINK(""https://developer.huawei.com/consumer/cn/doc/harmonyos-releases/changelogs-ux-7001/#ch2026032801249"",""内置文本的组件文本样式优化"")",entry\src\main\ets\pages\ngf\NGFCapabilitiesSecurityPage.ets:104,未修复,UX视觉布局变更
declare const Button: ButtonInterface,ArkTS,7.0.0(26) Beta1,26.0.0 - 26.0.0(26.0.0),"=HYPERLINK(""https://developer.huawei.com/consumer/cn/doc/harmonyos-releases/changelogs-ux-7001/#ch2026032801249"",""内置文本的组件文本样式优化"")",entry\src\main\ets\pages\ngf\NGFDemoDataStoragePage.ets:153,未修复,UX视觉布局变更
declare const Button: ButtonInterface,ArkTS,7.0.0(26) Beta1,26.0.0 - 26.0.0(26.0.0),"=HYPERLINK(""https://developer.huawei.com/consumer/cn/doc/harmonyos-releases/changelogs-ux-7001/#ch2026032801249"",""内置文本的组件文本样式优化"")",entry\src\main\ets\pages\ngf\NGFDemoDataStoragePage.ets:166,未修复,UX视觉布局变更
declare const Button: ButtonInterface,ArkTS,7.0.0(26) Beta1,26.0.0 - 26.0.0(26.0.0),"=HYPERLINK(""https://developer.huawei.com/consumer/cn/doc/harmonyos-releases/changelogs-ux-7001/#ch2026032801249"",""内置文本的组件文本样式优化"")",entry\src\main\ets\pages\ngf\NGFDemoDataStoragePage.ets:207,未修复,UX视觉布局变更
declare const Button: ButtonInterface,ArkTS,7.0.0(26) Beta1,26.0.0 - 26.0.0(26.0.0),"=HYPERLINK(""https://developer.huawei.com/consumer/cn/doc/harmonyos-releases/changelogs-ux-7001/#ch2026032801249"",""内置文本的组件文本样式优化"")",entry\src\main\ets\pages\ngf\NGFDemoDataStoragePage.ets:216,未修复,UX视觉布局变更
declare const Button: ButtonInterface,ArkTS,7.0.0(26) Beta1,26.0.0 - 26.0.0(26.0.0),"=HYPERLINK(""https://developer.huawei.com/consumer/cn/doc/harmonyos-releases/changelogs-ux-7001/#ch2026032801249"",""内置文本的组件文本样式优化"")",entry\src\main\ets\pages\ngf\NGFDemoDataStoragePage.ets:268,未修复,UX视觉布局变更
declare const Button: ButtonInterface,ArkTS,7.0.0(26) Beta1,26.0.0 - 26.0.0(26.0.0),"=HYPERLINK(""https://developer.huawei.com/consumer/cn/doc/harmonyos-releases/changelogs-ux-7001/#ch2026032801249"",""内置文本的组件文本样式优化"")",entry\src\main\ets\pages\ngf\NGFDemoDataStoragePage.ets:342,未修复,UX视觉布局变更
declare const Button: ButtonInterface,ArkTS,7.0.0(26) Beta1,26.0.0 - 26.0.0(26.0.0),"=HYPERLINK(""https://developer.huawei.com/consumer/cn/doc/harmonyos-releases/changelogs-ux-7001/#ch2026032801249"",""内置文本的组件文本样式优化"")",entry\src\main\ets\pages\ngf\NGFDemoDataStoragePage.ets:353,未修复,UX视觉布局变更
declare const Button: ButtonInterface,ArkTS,7.0.0(26) Beta1,26.0.0 - 26.0.0(26.0.0),"=HYPERLINK(""https://developer.huawei.com/consumer/cn/doc/harmonyos-releases/changelogs-ux-7001/#ch2026032801249"",""内置文本的组件文本样式优化"")",entry\src\main\ets\pages\ngf\NGFDemoDataStoragePage.ets:363,未修复,UX视觉布局变更
declare const Button: ButtonInterface,ArkTS,7.0.0(26) Beta1,26.0.0 - 26.0.0(26.0.0),"=HYPERLINK(""https://developer.huawei.com/consumer/cn/doc/harmonyos-releases/changelogs-ux-7001/#ch2026032801249"",""内置文本的组件文本样式优化"")",entry\src\main\ets\pages\ngf\NGFDemoDataStoragePage.ets:373,未修复,UX视觉布局变更
declare const Button: ButtonInterface,ArkTS,7.0.0(26) Beta1,26.0.0 - 26.0.0(26.0.0),"=HYPERLINK(""https://developer.huawei.com/consumer/cn/doc/harmonyos-releases/changelogs-ux-7001/#ch2026032801249"",""内置文本的组件文本样式优化"")",entry\src\main\ets\pages\ngf\NGFDemoDeviceDisplayPage.ets:154,未修复,UX视觉布局变更
declare const Button: ButtonInterface,ArkTS,7.0.0(26) Beta1,26.0.0 - 26.0.0(26.0.0),"=HYPERLINK(""https://developer.huawei.com/consumer/cn/doc/harmonyos-releases/changelogs-ux-7001/#ch2026032801249"",""内置文本的组件文本样式优化"")",entry\src\main\ets\pages\ngf\NGFDemoDeviceDisplayPage.ets:168,未修复,UX视觉布局变更
declare const Button: ButtonInterface,ArkTS,7.0.0(26) Beta1,26.0.0 - 26.0.0(26.0.0),"=HYPERLINK(""https://developer.huawei.com/consumer/cn/doc/harmonyos-releases/changelogs-ux-7001/#ch2026032801249"",""内置文本的组件文本样式优化"")",entry\src\main\ets\pages\ngf\NGFDemoDeviceDisplayPage.ets:177,未修复,UX视觉布局变更
declare const Button: ButtonInterface,ArkTS,7.0.0(26) Beta1,26.0.0 - 26.0.0(26.0.0),"=HYPERLINK(""https://developer.huawei.com/consumer/cn/doc/harmonyos-releases/changelogs-ux-7001/#ch2026032801249"",""内置文本的组件文本样式优化"")",entry\src\main\ets\pages\ngf\NGFDemoDeviceDisplayPage.ets:186,未修复,UX视觉布局变更
declare const Button: ButtonInterface,ArkTS,7.0.0(26) Beta1,26.0.0 - 26.0.0(26.0.0),"=HYPERLINK(""https://developer.huawei.com/consumer/cn/doc/harmonyos-releases/changelogs-ux-7001/#ch2026032801249"",""内置文本的组件文本样式优化"")",entry\src\main\ets\pages\ngf\NGFDemoDeviceDisplayPage.ets:195,未修复,UX视觉布局变更
declare const Button: ButtonInterface,ArkTS,7.0.0(26) Beta1,26.0.0 - 26.0.0(26.0.0),"=HYPERLINK(""https://developer.huawei.com/consumer/cn/doc/harmonyos-releases/changelogs-ux-7001/#ch2026032801249"",""内置文本的组件文本样式优化"")",entry\src\main\ets\pages\ngf\NGFDemoDeviceDisplayPage.ets:244,未修复,UX视觉布局变更
declare const Button: ButtonInterface,ArkTS,7.0.0(26) Beta1,26.0.0 - 26.0.0(26.0.0),"=HYPERLINK(""https://developer.huawei.com/consumer/cn/doc/harmonyos-releases/changelogs-ux-7001/#ch2026032801249"",""内置文本的组件文本样式优化"")",entry\src\main\ets\pages\ngf\NGFDemoDeviceDisplayPage.ets:305,未修复,UX视觉布局变更
declare const Button: ButtonInterface,ArkTS,7.0.0(26) Beta1,26.0.0 - 26.0.0(26.0.0),"=HYPERLINK(""https://developer.huawei.com/consumer/cn/doc/harmonyos-releases/changelogs-ux-7001/#ch2026032801249"",""内置文本的组件文本样式优化"")",entry\src\main\ets\pages\ngf\NGFDemoDeviceDisplayPage.ets:316,未修复,UX视觉布局变更
declare const Button: ButtonInterface,ArkTS,7.0.0(26) Beta1,26.0.0 - 26.0.0(26.0.0),"=HYPERLINK(""https://developer.huawei.com/consumer/cn/doc/harmonyos-releases/changelogs-ux-7001/#ch2026032801249"",""内置文本的组件文本样式优化"")",entry\src\main\ets\pages\ngf\NGFDemoDeviceDisplayPage.ets:327,未修复,UX视觉布局变更
declare const Button: ButtonInterface,ArkTS,7.0.0(26) Beta1,26.0.0 - 26.0.0(26.0.0),"=HYPERLINK(""https://developer.huawei.com/consumer/cn/doc/harmonyos-releases/changelogs-ux-7001/#ch2026032801249"",""内置文本的组件文本样式优化"")",entry\src\main\ets\pages\ngf\NGFDemoDeviceDisplayPage.ets:338,未修复,UX视觉布局变更
declare const Button: ButtonInterface,ArkTS,7.0.0(26) Beta1,26.0.0 - 26.0.0(26.0.0),"=HYPERLINK(""https://developer.huawei.com/consumer/cn/doc/harmonyos-releases/changelogs-ux-7001/#ch2026032801249"",""内置文本的组件文本样式优化"")",entry\src\main\ets\pages\ngf\NGFDemoDeviceDisplayPage.ets:352,未修复,UX视觉布局变更
declare const Button: ButtonInterface,ArkTS,7.0.0(26) Beta1,26.0.0 - 26.0.0(26.0.0),"=HYPERLINK(""https://developer.huawei.com/consumer/cn/doc/harmonyos-releases/changelogs-ux-7001/#ch2026032801249"",""内置文本的组件文本样式优化"")",entry\src\main\ets\pages\ngf\NGFDemoErrorRecoveryPage.ets:187,未修复,UX视觉布局变更
declare const Button: ButtonInterface,ArkTS,7.0.0(26) Beta1,26.0.0 - 26.0.0(26.0.0),"=HYPERLINK(""https://developer.huawei.com/consumer/cn/doc/harmonyos-releases/changelogs-ux-7001/#ch2026032801249"",""内置文本的组件文本样式优化"")",entry\src\main\ets\pages\ngf\NGFDemoErrorRecoveryPage.ets:197,未修复,UX视觉布局变更
declare const Button: ButtonInterface,ArkTS,7.0.0(26) Beta1,26.0.0 - 26.0.0(26.0.0),"=HYPERLINK(""https://developer.huawei.com/consumer/cn/doc/harmonyos-releases/changelogs-ux-7001/#ch2026032801249"",""内置文本的组件文本样式优化"")",entry\src\main\ets\pages\ngf\NGFDemoErrorRecoveryPage.ets:207,未修复,UX视觉布局变更
declare const Button: ButtonInterface,ArkTS,7.0.0(26) Beta1,26.0.0 - 26.0.0(26.0.0),"=HYPERLINK(""https://developer.huawei.com/consumer/cn/doc/harmonyos-releases/changelogs-ux-7001/#ch2026032801249"",""内置文本的组件文本样式优化"")",entry\src\main\ets\pages\ngf\NGFDemoErrorRecoveryPage.ets:217,未修复,UX视觉布局变更
declare const Button: ButtonInterface,ArkTS,7.0.0(26) Beta1,26.0.0 - 26.0.0(26.0.0),"=HYPERLINK(""https://developer.huawei.com/consumer/cn/doc/harmonyos-releases/changelogs-ux-7001/#ch2026032801249"",""内置文本的组件文本样式优化"")",entry\src\main\ets\pages\ngf\NGFDemoSecurityPerfPage.ets:171,未修复,UX视觉布局变更
declare const Button: ButtonInterface,ArkTS,7.0.0(26) Beta1,26.0.0 - 26.0.0(26.0.0),"=HYPERLINK(""https://developer.huawei.com/consumer/cn/doc/harmonyos-releases/changelogs-ux-7001/#ch2026032801249"",""内置文本的组件文本样式优化"")",entry\src\main\ets\pages\ngf\NGFDemoSecurityPerfPage.ets:184,未修复,UX视觉布局变更
declare const Button: ButtonInterface,ArkTS,7.0.0(26) Beta1,26.0.0 - 26.0.0(26.0.0),"=HYPERLINK(""https://developer.huawei.com/consumer/cn/doc/harmonyos-releases/changelogs-ux-7001/#ch2026032801249"",""内置文本的组件文本样式优化"")",entry\src\main\ets\pages\ngf\NGFDemoSecurityPerfPage.ets:239,未修复,UX视觉布局变更
declare const Button: ButtonInterface,ArkTS,7.0.0(26) Beta1,26.0.0 - 26.0.0(26.0.0),"=HYPERLINK(""https://developer.huawei.com/consumer/cn/doc/harmonyos-releases/changelogs-ux-7001/#ch2026032801249"",""内置文本的组件文本样式优化"")",entry\src\main\ets\pages\ngf\NGFDemoSecurityPerfPage.ets:248,未修复,UX视觉布局变更
declare const Button: ButtonInterface,ArkTS,7.0.0(26) Beta1,26.0.0 - 26.0.0(26.0.0),"=HYPERLINK(""https://developer.huawei.com/consumer/cn/doc/harmonyos-releases/changelogs-ux-7001/#ch2026032801249"",""内置文本的组件文本样式优化"")",entry\src\main\ets\pages\ngf\NGFDemoSecurityPerfPage.ets:314,未修复,UX视觉布局变更
declare const Button: ButtonInterface,ArkTS,7.0.0(26) Beta1,26.0.0 - 26.0.0(26.0.0),"=HYPERLINK(""https://developer.huawei.com/consumer/cn/doc/harmonyos-releases/changelogs-ux-7001/#ch2026032801249"",""内置文本的组件文本样式优化"")",entry\src\main\ets\pages\ngf\NGFDemoSecurityPerfPage.ets:324,未修复,UX视觉布局变更
declare const Button: ButtonInterface,ArkTS,7.0.0(26) Beta1,26.0.0 - 26.0.0(26.0.0),"=HYPERLINK(""https://developer.huawei.com/consumer/cn/doc/harmonyos-releases/changelogs-ux-7001/#ch2026032801249"",""内置文本的组件文本样式优化"")",entry\src\main\ets\pages\ngf\NGFDemoSecurityPerfPage.ets:384,未修复,UX视觉布局变更
declare const Button: ButtonInterface,ArkTS,7.0.0(26) Beta1,26.0.0 - 26.0.0(26.0.0),"=HYPERLINK(""https://developer.huawei.com/consumer/cn/doc/harmonyos-releases/changelogs-ux-7001/#ch2026032801249"",""内置文本的组件文本样式优化"")",entry\src\main\ets\pages\ngf\NGFDemoSubWindowPage.ets:59,未修复,UX视觉布局变更
declare const Button: ButtonInterface,ArkTS,7.0.0(26) Beta1,26.0.0 - 26.0.0(26.0.0),"=HYPERLINK(""https://developer.huawei.com/consumer/cn/doc/harmonyos-releases/changelogs-ux-7001/#ch2026032801249"",""内置文本的组件文本样式优化"")",entry\src\main\ets\pages\ngf\NGFDemoSubWindowPage.ets:84,未修复,UX视觉布局变更
declare const Button: ButtonInterface,ArkTS,7.0.0(26) Beta1,26.0.0 - 26.0.0(26.0.0),"=HYPERLINK(""https://developer.huawei.com/consumer/cn/doc/harmonyos-releases/changelogs-ux-7001/#ch2026032801249"",""内置文本的组件文本样式优化"")",entry\src\main\ets\pages\ngf\NGFDemoSyncManagerPage.ets:275,未修复,UX视觉布局变更
declare const Button: ButtonInterface,ArkTS,7.0.0(26) Beta1,26.0.0 - 26.0.0(26.0.0),"=HYPERLINK(""https://developer.huawei.com/consumer/cn/doc/harmonyos-releases/changelogs-ux-7001/#ch2026032801249"",""内置文本的组件文本样式优化"")",entry\src\main\ets\pages\ngf\NGFDemoSyncManagerPage.ets:328,未修复,UX视觉布局变更
declare const Button: ButtonInterface,ArkTS,7.0.0(26) Beta1,26.0.0 - 26.0.0(26.0.0),"=HYPERLINK(""https://developer.huawei.com/consumer/cn/doc/harmonyos-releases/changelogs-ux-7001/#ch2026032801249"",""内置文本的组件文本样式优化"")",entry\src\main\ets\pages\ngf\NGFDemoSyncManagerPage.ets:348,未修复,UX视觉布局变更
declare const Button: ButtonInterface,ArkTS,7.0.0(26) Beta1,26.0.0 - 26.0.0(26.0.0),"=HYPERLINK(""https://developer.huawei.com/consumer/cn/doc/harmonyos-releases/changelogs-ux-7001/#ch2026032801249"",""内置文本的组件文本样式优化"")",entry\src\main\ets\pages\ngf\NGFDemoSyncManagerPage.ets:368,未修复,UX视觉布局变更
declare const Button: ButtonInterface,ArkTS,7.0.0(26) Beta1,26.0.0 - 26.0.0(26.0.0),"=HYPERLINK(""https://developer.huawei.com/consumer/cn/doc/harmonyos-releases/changelogs-ux-7001/#ch2026032801249"",""内置文本的组件文本样式优化"")",entry\src\main\ets\pages\ngf\NGFDemoSyncManagerPage.ets:391,未修复,UX视觉布局变更
declare const Button: ButtonInterface,ArkTS,7.0.0(26) Beta1,26.0.0 - 26.0.0(26.0.0),"=HYPERLINK(""https://developer.huawei.com/consumer/cn/doc/harmonyos-releases/changelogs-ux-7001/#ch2026032801249"",""内置文本的组件文本样式优化"")",entry\src\main\ets\pages\ngf\NGFDemoSyncManagerPage.ets:401,未修复,UX视觉布局变更
declare const Button: ButtonInterface,ArkTS,7.0.0(26) Beta1,26.0.0 - 26.0.0(26.0.0),"=HYPERLINK(""https://developer.huawei.com/consumer/cn/doc/harmonyos-releases/changelogs-ux-7001/#ch2026032801249"",""内置文本的组件文本样式优化"")",entry\src\main\ets\pages\ngf\NGFDemoSyncManagerPage.ets:474,未修复,UX视觉布局变更
declare const Button: ButtonInterface,ArkTS,7.0.0(26) Beta1,26.0.0 - 26.0.0(26.0.0),"=HYPERLINK(""https://developer.huawei.com/consumer/cn/doc/harmonyos-releases/changelogs-ux-7001/#ch2026032801249"",""内置文本的组件文本样式优化"")",entry\src\main\ets\pages\ngf\NGFDemoWorkflowPage.ets:169,未修复,UX视觉布局变更
declare const Button: ButtonInterface,ArkTS,7.0.0(26) Beta1,26.0.0 - 26.0.0(26.0.0),"=HYPERLINK(""https://developer.huawei.com/consumer/cn/doc/harmonyos-releases/changelogs-ux-7001/#ch2026032801249"",""内置文本的组件文本样式优化"")",entry\src\main\ets\pages\ngf\NGFDemoWorkflowPage.ets:178,未修复,UX视觉布局变更
declare const Button: ButtonInterface,ArkTS,7.0.0(26) Beta1,26.0.0 - 26.0.0(26.0.0),"=HYPERLINK(""https://developer.huawei.com/consumer/cn/doc/harmonyos-releases/changelogs-ux-7001/#ch2026032801249"",""内置文本的组件文本样式优化"")",entry\src\main\ets\pages\ngf\NGFDemoWorkflowPage.ets:271,未修复,UX视觉布局变更
declare const Button: ButtonInterface,ArkTS,7.0.0(26) Beta1,26.0.0 - 26.0.0(26.0.0),"=HYPERLINK(""https://developer.huawei.com/consumer/cn/doc/harmonyos-releases/changelogs-ux-7001/#ch2026032801249"",""内置文本的组件文本样式优化"")",entry\src\main\ets\pages\ngf\NGFDemoWorkflowPage.ets:280,未修复,UX视觉布局变更
declare const Button: ButtonInterface,ArkTS,7.0.0(26) Beta1,26.0.0 - 26.0.0(26.0.0),"=HYPERLINK(""https://developer.huawei.com/consumer/cn/doc/harmonyos-releases/changelogs-ux-7001/#ch2026032801249"",""内置文本的组件文本样式优化"")",entry\src\main\ets\pages\ngf\NGFDemoWorkflowPage.ets:289,未修复,UX视觉布局变更
declare const Button: ButtonInterface,ArkTS,7.0.0(26) Beta1,26.0.0 - 26.0.0(26.0.0),"=HYPERLINK(""https://developer.huawei.com/consumer/cn/doc/harmonyos-releases/changelogs-ux-7001/#ch2026032801249"",""内置文本的组件文本样式优化"")",entry\src\main\ets\pages\ngf\NGFDemoWorkflowPage.ets:298,未修复,UX视觉布局变更
declare const Button: ButtonInterface,ArkTS,7.0.0(26) Beta1,26.0.0 - 26.0.0(26.0.0),"=HYPERLINK(""https://developer.huawei.com/consumer/cn/doc/harmonyos-releases/changelogs-ux-7001/#ch2026032801249"",""内置文本的组件文本样式优化"")",entry\src\main\ets\pages\ngf\NGFSettingsPage.ets:119,未修复,UX视觉布局变更
declare const Button: ButtonInterface,ArkTS,7.0.0(26) Beta1,26.0.0 - 26.0.0(26.0.0),"=HYPERLINK(""https://developer.huawei.com/consumer/cn/doc/harmonyos-releases/changelogs-ux-7001/#ch2026032801249"",""内置文本的组件文本样式优化"")",entry\src\main\ets\pages\ngf\NGFSettingsPage.ets:129,未修复,UX视觉布局变更
declare const Button: ButtonInterface,ArkTS,7.0.0(26) Beta1,26.0.0 - 26.0.0(26.0.0),"=HYPERLINK(""https://developer.huawei.com/consumer/cn/doc/harmonyos-releases/changelogs-ux-7001/#ch2026032801249"",""内置文本的组件文本样式优化"")",entry\src\main\ets\pages\ngf\NGFSettingsPage.ets:139,未修复,UX视觉布局变更
declare const Button: ButtonInterface,ArkTS,7.0.0(26) Beta1,26.0.0 - 26.0.0(26.0.0),"=HYPERLINK(""https://developer.huawei.com/consumer/cn/doc/harmonyos-releases/changelogs-ux-7001/#ch2026032801249"",""内置文本的组件文本样式优化"")",entry\src\main\ets\pages\ngf\NGFSettingsPage.ets:189,未修复,UX视觉布局变更
declare const Button: ButtonInterface,ArkTS,7.0.0(26) Beta1,26.0.0 - 26.0.0(26.0.0),"=HYPERLINK(""https://developer.huawei.com/consumer/cn/doc/harmonyos-releases/changelogs-ux-7001/#ch2026032801249"",""内置文本的组件文本样式优化"")",entry\src\main\ets\pages\ngf\NGFSettingsPage.ets:199,未修复,UX视觉布局变更
declare const Button: ButtonInterface,ArkTS,7.0.0(26) Beta1,26.0.0 - 26.0.0(26.0.0),"=HYPERLINK(""https://developer.huawei.com/consumer/cn/doc/harmonyos-releases/changelogs-ux-7001/#ch2026032801249"",""内置文本的组件文本样式优化"")",entry\src\main\ets\pages\ngf\NGFSettingsPage.ets:209,未修复,UX视觉布局变更
declare const Button: ButtonInterface,ArkTS,7.0.0(26) Beta1,26.0.0 - 26.0.0(26.0.0),"=HYPERLINK(""https://developer.huawei.com/consumer/cn/doc/harmonyos-releases/changelogs-ux-7001/#ch2026032801249"",""内置文本的组件文本样式优化"")",entry\src\main\ets\pages\ngf\NGFSettingsPage.ets:219,未修复,UX视觉布局变更
declare const Button: ButtonInterface,ArkTS,7.0.0(26) Beta1,26.0.0 - 26.0.0(26.0.0),"=HYPERLINK(""https://developer.huawei.com/consumer/cn/doc/harmonyos-releases/changelogs-ux-7001/#ch2026032801249"",""内置文本的组件文本样式优化"")",entry\src\main\ets\pages\ngf\NGFSettingsPage.ets:69,未修复,UX视觉布局变更
declare const Button: ButtonInterface,ArkTS,7.0.0(26) Beta1,26.0.0 - 26.0.0(26.0.0),"=HYPERLINK(""https://developer.huawei.com/consumer/cn/doc/harmonyos-releases/changelogs-ux-7001/#ch2026032801249"",""内置文本的组件文本样式优化"")",entry\src\main\ets\pages\ngf\NGFSettingsPage.ets:79,未修复,UX视觉布局变更
declare const Button: ButtonInterface,ArkTS,7.0.0(26) Beta1,26.0.0 - 26.0.0(26.0.0),"=HYPERLINK(""https://developer.huawei.com/consumer/cn/doc/harmonyos-releases/changelogs-ux-7001/#ch2026032801249"",""内置文本的组件文本样式优化"")",entry\src\main\ets\pages\ngf\NGFSettingsPage.ets:89,未修复,UX视觉布局变更
declare const Button: ButtonInterface,ArkTS,7.0.0(26) Beta1,26.0.0 - 26.0.0(26.0.0),"=HYPERLINK(""https://developer.huawei.com/consumer/cn/doc/harmonyos-releases/changelogs-ux-7001/#ch2026032801249"",""内置文本的组件文本样式优化"")",entry\src\main\ets\pages\ngf\NGFTaskManagerPage.ets:107,未修复,UX视觉布局变更
declare const Button: ButtonInterface,ArkTS,7.0.0(26) Beta1,26.0.0 - 26.0.0(26.0.0),"=HYPERLINK(""https://developer.huawei.com/consumer/cn/doc/harmonyos-releases/changelogs-ux-7001/#ch2026032801249"",""内置文本的组件文本样式优化"")",entry\src\main\ets\pages\ngf\NGFTaskManagerPage.ets:117,未修复,UX视觉布局变更
declare const Button: ButtonInterface,ArkTS,7.0.0(26) Beta1,26.0.0 - 26.0.0(26.0.0),"=HYPERLINK(""https://developer.huawei.com/consumer/cn/doc/harmonyos-releases/changelogs-ux-7001/#ch2026032801249"",""内置文本的组件文本样式优化"")",entry\src\main\ets\pages\ngf\NGFTaskManagerPage.ets:71,未修复,UX视觉布局变更
declare const Button: ButtonInterface,ArkTS,7.0.0(26) Beta1,26.0.0 - 26.0.0(26.0.0),"=HYPERLINK(""https://developer.huawei.com/consumer/cn/doc/harmonyos-releases/changelogs-ux-7001/#ch2026032801249"",""内置文本的组件文本样式优化"")",entry\src\main\ets\pages\ngf\NGFTaskManagerPage.ets:87,未修复,UX视觉布局变更
declare const Button: ButtonInterface,ArkTS,7.0.0(26) Beta1,26.0.0 - 26.0.0(26.0.0),"=HYPERLINK(""https://developer.huawei.com/consumer/cn/doc/harmonyos-releases/changelogs-ux-7001/#ch2026032801249"",""内置文本的组件文本样式优化"")",entry\src\main\ets\pages\ngf\NGFTaskManagerPage.ets:97,未修复,UX视觉布局变更
declare const Button: ButtonInterface,ArkTS,7.0.0(26) Beta1,26.0.0 - 26.0.0(26.0.0),"=HYPERLINK(""https://developer.huawei.com/consumer/cn/doc/harmonyos-releases/changelogs-ux-7001/#ch2026032801249"",""内置文本的组件文本样式优化"")",entry\src\main\ets\pages\ngf\SystemResourcePreviewPage.ets:164,未修复,UX视觉布局变更
declare const Button: ButtonInterface,ArkTS,7.0.0(26) Beta1,26.0.0 - 26.0.0(26.0.0),"=HYPERLINK(""https://developer.huawei.com/consumer/cn/doc/harmonyos-releases/changelogs-ux-7001/#ch2026032801249"",""内置文本的组件文本样式优化"")",entry\src\main\ets\pages\ngf\SystemResourcePreviewPage.ets:273,未修复,UX视觉布局变更
declare const Button: ButtonInterface,ArkTS,7.0.0(26) Beta1,26.0.0 - 26.0.0(26.0.0),"=HYPERLINK(""https://developer.huawei.com/consumer/cn/doc/harmonyos-releases/changelogs-ux-7001/#ch2026032801249"",""内置文本的组件文本样式优化"")",entry\src\main\ets\pages\ngf\SystemResourcePreviewPage.ets:324,未修复,UX视觉布局变更
declare const Button: ButtonInterface,ArkTS,7.0.0(26) Beta1,26.0.0 - 26.0.0(26.0.0),"=HYPERLINK(""https://developer.huawei.com/consumer/cn/doc/harmonyos-releases/changelogs-ux-7001/#ch2026032801249"",""内置文本的组件文本样式优化"")",entry\src\main\ets\widget\pages\WidgetCard.ets:55,未修复,UX视觉布局变更
declare const Button: ButtonInterface,ArkTS,7.0.0(26) Beta1,26.0.0 - 26.0.0(26.0.0),"=HYPERLINK(""https://developer.huawei.com/consumer/cn/doc/harmonyos-releases/changelogs-ux-7001/#ch2026032801249"",""内置文本的组件文本样式优化"")",entry\src\main\ets\widget\pages\WidgetCard.ets:69,未修复,UX视觉布局变更
declare const Button: ButtonInterface,ArkTS,7.0.0(26) Beta1,26.0.0 - 26.0.0(26.0.0),"=HYPERLINK(""https://developer.huawei.com/consumer/cn/doc/harmonyos-releases/changelogs-ux-7001/#ch2026032801249"",""内置文本的组件文本样式优化"")",ngf_framework\src\main\ets\contentWorkflow\components\NGFWorkflowVisualizer.ets:32,未修复,UX视觉布局变更
declare const Button: ButtonInterface,ArkTS,7.0.0(26) Beta1,26.0.0 - 26.0.0(26.0.0),"=HYPERLINK(""https://developer.huawei.com/consumer/cn/doc/harmonyos-releases/changelogs-ux-7001/#ch2026032801249"",""内置文本的组件文本样式优化"")",ngf_framework\src\main\ets\uiShell\components\NGFPageTemplates.ets:269,未修复,UX视觉布局变更
declare const Toggle: ToggleInterface,ArkTS,7.0.0(26) Beta1,26.0.0 - 26.0.0(26.0.0),"=HYPERLINK(""https://developer.huawei.com/consumer/cn/doc/harmonyos-releases/changelogs-ux-7001/#ch2026031846233"",""表单类组件触摸热区最小高度变更"")",entry\src\main\ets\pages\ngf\NGFSettingsPage.ets:172,未修复,UX视觉布局变更
declare const Button: ButtonInterface,ArkTS,7.0.0(26) Beta1,26.0.0 - 26.0.0(26.0.0),"=HYPERLINK(""https://developer.huawei.com/consumer/cn/doc/harmonyos-releases/changelogs-ux-7001/#ch2026031846233"",""表单类组件触摸热区最小高度变更"")",entry\src\main\ets\pages\ngf\HdsIntegratedShowcasePage.ets:1046,未修复,UX视觉布局变更
declare const Button: ButtonInterface,ArkTS,7.0.0(26) Beta1,26.0.0 - 26.0.0(26.0.0),"=HYPERLINK(""https://developer.huawei.com/consumer/cn/doc/harmonyos-releases/changelogs-ux-7001/#ch2026031846233"",""表单类组件触摸热区最小高度变更"")",entry\src\main\ets\pages\ngf\HdsIntegratedShowcasePage.ets:1064,未修复,UX视觉布局变更
declare const Button: ButtonInterface,ArkTS,7.0.0(26) Beta1,26.0.0 - 26.0.0(26.0.0),"=HYPERLINK(""https://developer.huawei.com/consumer/cn/doc/harmonyos-releases/changelogs-ux-7001/#ch2026031846233"",""表单类组件触摸热区最小高度变更"")",entry\src\main\ets\pages\ngf\HdsIntegratedShowcasePage.ets:1074,未修复,UX视觉布局变更
declare const Button: ButtonInterface,ArkTS,7.0.0(26) Beta1,26.0.0 - 26.0.0(26.0.0),"=HYPERLINK(""https://developer.huawei.com/consumer/cn/doc/harmonyos-releases/changelogs-ux-7001/#ch2026031846233"",""表单类组件触摸热区最小高度变更"")",entry\src\main\ets\pages\ngf\HdsIntegratedShowcasePage.ets:1086,未修复,UX视觉布局变更
declare const Button: ButtonInterface,ArkTS,7.0.0(26) Beta1,26.0.0 - 26.0.0(26.0.0),"=HYPERLINK(""https://developer.huawei.com/consumer/cn/doc/harmonyos-releases/changelogs-ux-7001/#ch2026031846233"",""表单类组件触摸热区最小高度变更"")",entry\src\main\ets\pages\ngf\HdsIntegratedShowcasePage.ets:631,未修复,UX视觉布局变更
declare const Button: ButtonInterface,ArkTS,7.0.0(26) Beta1,26.0.0 - 26.0.0(26.0.0),"=HYPERLINK(""https://developer.huawei.com/consumer/cn/doc/harmonyos-releases/changelogs-ux-7001/#ch2026031846233"",""表单类组件触摸热区最小高度变更"")",entry\src\main\ets\pages\ngf\HdsNavigationOfficialShowcasePage.ets:367,未修复,UX视觉布局变更
declare const Button: ButtonInterface,ArkTS,7.0.0(26) Beta1,26.0.0 - 26.0.0(26.0.0),"=HYPERLINK(""https://developer.huawei.com/consumer/cn/doc/harmonyos-releases/changelogs-ux-7001/#ch2026031846233"",""表单类组件触摸热区最小高度变更"")",entry\src\main\ets\pages\ngf\MainMenuPage.ets:1327,未修复,UX视觉布局变更
declare const Button: ButtonInterface,ArkTS,7.0.0(26) Beta1,26.0.0 - 26.0.0(26.0.0),"=HYPERLINK(""https://developer.huawei.com/consumer/cn/doc/harmonyos-releases/changelogs-ux-7001/#ch2026031846233"",""表单类组件触摸热区最小高度变更"")",entry\src\main\ets\pages\ngf\MainMenuPage.ets:1403,未修复,UX视觉布局变更
declare const Button: ButtonInterface,ArkTS,7.0.0(26) Beta1,26.0.0 - 26.0.0(26.0.0),"=HYPERLINK(""https://developer.huawei.com/consumer/cn/doc/harmonyos-releases/changelogs-ux-7001/#ch2026031846233"",""表单类组件触摸热区最小高度变更"")",entry\src\main\ets\pages\ngf\MainMenuPage.ets:2180,未修复,UX视觉布局变更
declare const Button: ButtonInterface,ArkTS,7.0.0(26) Beta1,26.0.0 - 26.0.0(26.0.0),"=HYPERLINK(""https://developer.huawei.com/consumer/cn/doc/harmonyos-releases/changelogs-ux-7001/#ch2026031846233"",""表单类组件触摸热区最小高度变更"")",entry\src\main\ets\pages\ngf\MainMenuPage.ets:2218,未修复,UX视觉布局变更
declare const Button: ButtonInterface,ArkTS,7.0.0(26) Beta1,26.0.0 - 26.0.0(26.0.0),"=HYPERLINK(""https://developer.huawei.com/consumer/cn/doc/harmonyos-releases/changelogs-ux-7001/#ch2026031846233"",""表单类组件触摸热区最小高度变更"")",entry\src\main\ets\pages\ngf\NGFCapabilitiesDatabasePage.ets:239,未修复,UX视觉布局变更
declare const Button: ButtonInterface,ArkTS,7.0.0(26) Beta1,26.0.0 - 26.0.0(26.0.0),"=HYPERLINK(""https://developer.huawei.com/consumer/cn/doc/harmonyos-releases/changelogs-ux-7001/#ch2026031846233"",""表单类组件触摸热区最小高度变更"")",entry\src\main\ets\pages\ngf\NGFCapabilitiesDatabasePage.ets:250,未修复,UX视觉布局变更
declare const Button: ButtonInterface,ArkTS,7.0.0(26) Beta1,26.0.0 - 26.0.0(26.0.0),"=HYPERLINK(""https://developer.huawei.com/consumer/cn/doc/harmonyos-releases/changelogs-ux-7001/#ch2026031846233"",""表单类组件触摸热区最小高度变更"")",entry\src\main\ets\pages\ngf\NGFCapabilitiesDatabasePage.ets:330,未修复,UX视觉布局变更
declare const Button: ButtonInterface,ArkTS,7.0.0(26) Beta1,26.0.0 - 26.0.0(26.0.0),"=HYPERLINK(""https://developer.huawei.com/consumer/cn/doc/harmonyos-releases/changelogs-ux-7001/#ch2026031846233"",""表单类组件触摸热区最小高度变更"")",entry\src\main\ets\pages\ngf\NGFCapabilitiesHardwarePage.ets:106,未修复,UX视觉布局变更
declare const Button: ButtonInterface,ArkTS,7.0.0(26) Beta1,26.0.0 - 26.0.0(26.0.0),"=HYPERLINK(""https://developer.huawei.com/consumer/cn/doc/harmonyos-releases/changelogs-ux-7001/#ch2026031846233"",""表单类组件触摸热区最小高度变更"")",entry\src\main\ets\pages\ngf\NGFCapabilitiesHardwarePage.ets:116,未修复,UX视觉布局变更
declare const Button: ButtonInterface,ArkTS,7.0.0(26) Beta1,26.0.0 - 26.0.0(26.0.0),"=HYPERLINK(""https://developer.huawei.com/consumer/cn/doc/harmonyos-releases/changelogs-ux-7001/#ch2026031846233"",""表单类组件触摸热区最小高度变更"")",entry\src\main\ets\pages\ngf\NGFCapabilitiesMediaPage.ets:103,未修复,UX视觉布局变更
declare const Button: ButtonInterface,ArkTS,7.0.0(26) Beta1,26.0.0 - 26.0.0(26.0.0),"=HYPERLINK(""https://developer.huawei.com/consumer/cn/doc/harmonyos-releases/changelogs-ux-7001/#ch2026031846233"",""表单类组件触摸热区最小高度变更"")",entry\src\main\ets\pages\ngf\NGFCapabilitiesNetworkPage.ets:104,未修复,UX视觉布局变更
declare const Button: ButtonInterface,ArkTS,7.0.0(26) Beta1,26.0.0 - 26.0.0(26.0.0),"=HYPERLINK(""https://developer.huawei.com/consumer/cn/doc/harmonyos-releases/changelogs-ux-7001/#ch2026031846233"",""表单类组件触摸热区最小高度变更"")",entry\src\main\ets\pages\ngf\NGFCapabilitiesSecurityPage.ets:104,未修复,UX视觉布局变更
declare const Button: ButtonInterface,ArkTS,7.0.0(26) Beta1,26.0.0 - 26.0.0(26.0.0),"=HYPERLINK(""https://developer.huawei.com/consumer/cn/doc/harmonyos-releases/changelogs-ux-7001/#ch2026031846233"",""表单类组件触摸热区最小高度变更"")",entry\src\main\ets\pages\ngf\NGFDemoDataStoragePage.ets:153,未修复,UX视觉布局变更
declare const Button: ButtonInterface,ArkTS,7.0.0(26) Beta1,26.0.0 - 26.0.0(26.0.0),"=HYPERLINK(""https://developer.huawei.com/consumer/cn/doc/harmonyos-releases/changelogs-ux-7001/#ch2026031846233"",""表单类组件触摸热区最小高度变更"")",entry\src\main\ets\pages\ngf\NGFDemoDataStoragePage.ets:166,未修复,UX视觉布局变更
declare const Button: ButtonInterface,ArkTS,7.0.0(26) Beta1,26.0.0 - 26.0.0(26.0.0),"=HYPERLINK(""https://developer.huawei.com/consumer/cn/doc/harmonyos-releases/changelogs-ux-7001/#ch2026031846233"",""表单类组件触摸热区最小高度变更"")",entry\src\main\ets\pages\ngf\NGFDemoDataStoragePage.ets:207,未修复,UX视觉布局变更
declare const Button: ButtonInterface,ArkTS,7.0.0(26) Beta1,26.0.0 - 26.0.0(26.0.0),"=HYPERLINK(""https://developer.huawei.com/consumer/cn/doc/harmonyos-releases/changelogs-ux-7001/#ch2026031846233"",""表单类组件触摸热区最小高度变更"")",entry\src\main\ets\pages\ngf\NGFDemoDataStoragePage.ets:216,未修复,UX视觉布局变更
declare const Button: ButtonInterface,ArkTS,7.0.0(26) Beta1,26.0.0 - 26.0.0(26.0.0),"=HYPERLINK(""https://developer.huawei.com/consumer/cn/doc/harmonyos-releases/changelogs-ux-7001/#ch2026031846233"",""表单类组件触摸热区最小高度变更"")",entry\src\main\ets\pages\ngf\NGFDemoDataStoragePage.ets:268,未修复,UX视觉布局变更
declare const Button: ButtonInterface,ArkTS,7.0.0(26) Beta1,26.0.0 - 26.0.0(26.0.0),"=HYPERLINK(""https://developer.huawei.com/consumer/cn/doc/harmonyos-releases/changelogs-ux-7001/#ch2026031846233"",""表单类组件触摸热区最小高度变更"")",entry\src\main\ets\pages\ngf\NGFDemoDataStoragePage.ets:342,未修复,UX视觉布局变更
declare const Button: ButtonInterface,ArkTS,7.0.0(26) Beta1,26.0.0 - 26.0.0(26.0.0),"=HYPERLINK(""https://developer.huawei.com/consumer/cn/doc/harmonyos-releases/changelogs-ux-7001/#ch2026031846233"",""表单类组件触摸热区最小高度变更"")",entry\src\main\ets\pages\ngf\NGFDemoDataStoragePage.ets:353,未修复,UX视觉布局变更
declare const Button: ButtonInterface,ArkTS,7.0.0(26) Beta1,26.0.0 - 26.0.0(26.0.0),"=HYPERLINK(""https://developer.huawei.com/consumer/cn/doc/harmonyos-releases/changelogs-ux-7001/#ch2026031846233"",""表单类组件触摸热区最小高度变更"")",entry\src\main\ets\pages\ngf\NGFDemoDataStoragePage.ets:363,未修复,UX视觉布局变更
declare const Button: ButtonInterface,ArkTS,7.0.0(26) Beta1,26.0.0 - 26.0.0(26.0.0),"=HYPERLINK(""https://developer.huawei.com/consumer/cn/doc/harmonyos-releases/changelogs-ux-7001/#ch2026031846233"",""表单类组件触摸热区最小高度变更"")",entry\src\main\ets\pages\ngf\NGFDemoDataStoragePage.ets:373,未修复,UX视觉布局变更
declare const Button: ButtonInterface,ArkTS,7.0.0(26) Beta1,26.0.0 - 26.0.0(26.0.0),"=HYPERLINK(""https://developer.huawei.com/consumer/cn/doc/harmonyos-releases/changelogs-ux-7001/#ch2026031846233"",""表单类组件触摸热区最小高度变更"")",entry\src\main\ets\pages\ngf\NGFDemoDeviceDisplayPage.ets:154,未修复,UX视觉布局变更
declare const Button: ButtonInterface,ArkTS,7.0.0(26) Beta1,26.0.0 - 26.0.0(26.0.0),"=HYPERLINK(""https://developer.huawei.com/consumer/cn/doc/harmonyos-releases/changelogs-ux-7001/#ch2026031846233"",""表单类组件触摸热区最小高度变更"")",entry\src\main\ets\pages\ngf\NGFDemoDeviceDisplayPage.ets:168,未修复,UX视觉布局变更
declare const Button: ButtonInterface,ArkTS,7.0.0(26) Beta1,26.0.0 - 26.0.0(26.0.0),"=HYPERLINK(""https://developer.huawei.com/consumer/cn/doc/harmonyos-releases/changelogs-ux-7001/#ch2026031846233"",""表单类组件触摸热区最小高度变更"")",entry\src\main\ets\pages\ngf\NGFDemoDeviceDisplayPage.ets:177,未修复,UX视觉布局变更
declare const Button: ButtonInterface,ArkTS,7.0.0(26) Beta1,26.0.0 - 26.0.0(26.0.0),"=HYPERLINK(""https://developer.huawei.com/consumer/cn/doc/harmonyos-releases/changelogs-ux-7001/#ch2026031846233"",""表单类组件触摸热区最小高度变更"")",entry\src\main\ets\pages\ngf\NGFDemoDeviceDisplayPage.ets:186,未修复,UX视觉布局变更
declare const Button: ButtonInterface,ArkTS,7.0.0(26) Beta1,26.0.0 - 26.0.0(26.0.0),"=HYPERLINK(""https://developer.huawei.com/consumer/cn/doc/harmonyos-releases/changelogs-ux-7001/#ch2026031846233"",""表单类组件触摸热区最小高度变更"")",entry\src\main\ets\pages\ngf\NGFDemoDeviceDisplayPage.ets:195,未修复,UX视觉布局变更
declare const Button: ButtonInterface,ArkTS,7.0.0(26) Beta1,26.0.0 - 26.0.0(26.0.0),"=HYPERLINK(""https://developer.huawei.com/consumer/cn/doc/harmonyos-releases/changelogs-ux-7001/#ch2026031846233"",""表单类组件触摸热区最小高度变更"")",entry\src\main\ets\pages\ngf\NGFDemoDeviceDisplayPage.ets:244,未修复,UX视觉布局变更
declare const Button: ButtonInterface,ArkTS,7.0.0(26) Beta1,26.0.0 - 26.0.0(26.0.0),"=HYPERLINK(""https://developer.huawei.com/consumer/cn/doc/harmonyos-releases/changelogs-ux-7001/#ch2026031846233"",""表单类组件触摸热区最小高度变更"")",entry\src\main\ets\pages\ngf\NGFDemoDeviceDisplayPage.ets:305,未修复,UX视觉布局变更
declare const Button: ButtonInterface,ArkTS,7.0.0(26) Beta1,26.0.0 - 26.0.0(26.0.0),"=HYPERLINK(""https://developer.huawei.com/consumer/cn/doc/harmonyos-releases/changelogs-ux-7001/#ch2026031846233"",""表单类组件触摸热区最小高度变更"")",entry\src\main\ets\pages\ngf\NGFDemoDeviceDisplayPage.ets:316,未修复,UX视觉布局变更
declare const Button: ButtonInterface,ArkTS,7.0.0(26) Beta1,26.0.0 - 26.0.0(26.0.0),"=HYPERLINK(""https://developer.huawei.com/consumer/cn/doc/harmonyos-releases/changelogs-ux-7001/#ch2026031846233"",""表单类组件触摸热区最小高度变更"")",entry\src\main\ets\pages\ngf\NGFDemoDeviceDisplayPage.ets:327,未修复,UX视觉布局变更
declare const Button: ButtonInterface,ArkTS,7.0.0(26) Beta1,26.0.0 - 26.0.0(26.0.0),"=HYPERLINK(""https://developer.huawei.com/consumer/cn/doc/harmonyos-releases/changelogs-ux-7001/#ch2026031846233"",""表单类组件触摸热区最小高度变更"")",entry\src\main\ets\pages\ngf\NGFDemoDeviceDisplayPage.ets:338,未修复,UX视觉布局变更
declare const Button: ButtonInterface,ArkTS,7.0.0(26) Beta1,26.0.0 - 26.0.0(26.0.0),"=HYPERLINK(""https://developer.huawei.com/consumer/cn/doc/harmonyos-releases/changelogs-ux-7001/#ch2026031846233"",""表单类组件触摸热区最小高度变更"")",entry\src\main\ets\pages\ngf\NGFDemoDeviceDisplayPage.ets:352,未修复,UX视觉布局变更
declare const Button: ButtonInterface,ArkTS,7.0.0(26) Beta1,26.0.0 - 26.0.0(26.0.0),"=HYPERLINK(""https://developer.huawei.com/consumer/cn/doc/harmonyos-releases/changelogs-ux-7001/#ch2026031846233"",""表单类组件触摸热区最小高度变更"")",entry\src\main\ets\pages\ngf\NGFDemoErrorRecoveryPage.ets:187,未修复,UX视觉布局变更
declare const Button: ButtonInterface,ArkTS,7.0.0(26) Beta1,26.0.0 - 26.0.0(26.0.0),"=HYPERLINK(""https://developer.huawei.com/consumer/cn/doc/harmonyos-releases/changelogs-ux-7001/#ch2026031846233"",""表单类组件触摸热区最小高度变更"")",entry\src\main\ets\pages\ngf\NGFDemoErrorRecoveryPage.ets:197,未修复,UX视觉布局变更
declare const Button: ButtonInterface,ArkTS,7.0.0(26) Beta1,26.0.0 - 26.0.0(26.0.0),"=HYPERLINK(""https://developer.huawei.com/consumer/cn/doc/harmonyos-releases/changelogs-ux-7001/#ch2026031846233"",""表单类组件触摸热区最小高度变更"")",entry\src\main\ets\pages\ngf\NGFDemoErrorRecoveryPage.ets:207,未修复,UX视觉布局变更
declare const Button: ButtonInterface,ArkTS,7.0.0(26) Beta1,26.0.0 - 26.0.0(26.0.0),"=HYPERLINK(""https://developer.huawei.com/consumer/cn/doc/harmonyos-releases/changelogs-ux-7001/#ch2026031846233"",""表单类组件触摸热区最小高度变更"")",entry\src\main\ets\pages\ngf\NGFDemoErrorRecoveryPage.ets:217,未修复,UX视觉布局变更
declare const Button: ButtonInterface,ArkTS,7.0.0(26) Beta1,26.0.0 - 26.0.0(26.0.0),"=HYPERLINK(""https://developer.huawei.com/consumer/cn/doc/harmonyos-releases/changelogs-ux-7001/#ch2026031846233"",""表单类组件触摸热区最小高度变更"")",entry\src\main\ets\pages\ngf\NGFDemoSecurityPerfPage.ets:171,未修复,UX视觉布局变更
declare const Button: ButtonInterface,ArkTS,7.0.0(26) Beta1,26.0.0 - 26.0.0(26.0.0),"=HYPERLINK(""https://developer.huawei.com/consumer/cn/doc/harmonyos-releases/changelogs-ux-7001/#ch2026031846233"",""表单类组件触摸热区最小高度变更"")",entry\src\main\ets\pages\ngf\NGFDemoSecurityPerfPage.ets:184,未修复,UX视觉布局变更
declare const Button: ButtonInterface,ArkTS,7.0.0(26) Beta1,26.0.0 - 26.0.0(26.0.0),"=HYPERLINK(""https://developer.huawei.com/consumer/cn/doc/harmonyos-releases/changelogs-ux-7001/#ch2026031846233"",""表单类组件触摸热区最小高度变更"")",entry\src\main\ets\pages\ngf\NGFDemoSecurityPerfPage.ets:239,未修复,UX视觉布局变更
declare const Button: ButtonInterface,ArkTS,7.0.0(26) Beta1,26.0.0 - 26.0.0(26.0.0),"=HYPERLINK(""https://developer.huawei.com/consumer/cn/doc/harmonyos-releases/changelogs-ux-7001/#ch2026031846233"",""表单类组件触摸热区最小高度变更"")",entry\src\main\ets\pages\ngf\NGFDemoSecurityPerfPage.ets:248,未修复,UX视觉布局变更
declare const Button: ButtonInterface,ArkTS,7.0.0(26) Beta1,26.0.0 - 26.0.0(26.0.0),"=HYPERLINK(""https://developer.huawei.com/consumer/cn/doc/harmonyos-releases/changelogs-ux-7001/#ch2026031846233"",""表单类组件触摸热区最小高度变更"")",entry\src\main\ets\pages\ngf\NGFDemoSecurityPerfPage.ets:314,未修复,UX视觉布局变更
declare const Button: ButtonInterface,ArkTS,7.0.0(26) Beta1,26.0.0 - 26.0.0(26.0.0),"=HYPERLINK(""https://developer.huawei.com/consumer/cn/doc/harmonyos-releases/changelogs-ux-7001/#ch2026031846233"",""表单类组件触摸热区最小高度变更"")",entry\src\main\ets\pages\ngf\NGFDemoSecurityPerfPage.ets:324,未修复,UX视觉布局变更
declare const Button: ButtonInterface,ArkTS,7.0.0(26) Beta1,26.0.0 - 26.0.0(26.0.0),"=HYPERLINK(""https://developer.huawei.com/consumer/cn/doc/harmonyos-releases/changelogs-ux-7001/#ch2026031846233"",""表单类组件触摸热区最小高度变更"")",entry\src\main\ets\pages\ngf\NGFDemoSecurityPerfPage.ets:384,未修复,UX视觉布局变更
declare const Button: ButtonInterface,ArkTS,7.0.0(26) Beta1,26.0.0 - 26.0.0(26.0.0),"=HYPERLINK(""https://developer.huawei.com/consumer/cn/doc/harmonyos-releases/changelogs-ux-7001/#ch2026031846233"",""表单类组件触摸热区最小高度变更"")",entry\src\main\ets\pages\ngf\NGFDemoSubWindowPage.ets:59,未修复,UX视觉布局变更
declare const Button: ButtonInterface,ArkTS,7.0.0(26) Beta1,26.0.0 - 26.0.0(26.0.0),"=HYPERLINK(""https://developer.huawei.com/consumer/cn/doc/harmonyos-releases/changelogs-ux-7001/#ch2026031846233"",""表单类组件触摸热区最小高度变更"")",entry\src\main\ets\pages\ngf\NGFDemoSubWindowPage.ets:84,未修复,UX视觉布局变更
declare const Button: ButtonInterface,ArkTS,7.0.0(26) Beta1,26.0.0 - 26.0.0(26.0.0),"=HYPERLINK(""https://developer.huawei.com/consumer/cn/doc/harmonyos-releases/changelogs-ux-7001/#ch2026031846233"",""表单类组件触摸热区最小高度变更"")",entry\src\main\ets\pages\ngf\NGFDemoSyncManagerPage.ets:275,未修复,UX视觉布局变更
declare const Button: ButtonInterface,ArkTS,7.0.0(26) Beta1,26.0.0 - 26.0.0(26.0.0),"=HYPERLINK(""https://developer.huawei.com/consumer/cn/doc/harmonyos-releases/changelogs-ux-7001/#ch2026031846233"",""表单类组件触摸热区最小高度变更"")",entry\src\main\ets\pages\ngf\NGFDemoSyncManagerPage.ets:328,未修复,UX视觉布局变更
declare const Button: ButtonInterface,ArkTS,7.0.0(26) Beta1,26.0.0 - 26.0.0(26.0.0),"=HYPERLINK(""https://developer.huawei.com/consumer/cn/doc/harmonyos-releases/changelogs-ux-7001/#ch2026031846233"",""表单类组件触摸热区最小高度变更"")",entry\src\main\ets\pages\ngf\NGFDemoSyncManagerPage.ets:348,未修复,UX视觉布局变更
declare const Button: ButtonInterface,ArkTS,7.0.0(26) Beta1,26.0.0 - 26.0.0(26.0.0),"=HYPERLINK(""https://developer.huawei.com/consumer/cn/doc/harmonyos-releases/changelogs-ux-7001/#ch2026031846233"",""表单类组件触摸热区最小高度变更"")",entry\src\main\ets\pages\ngf\NGFDemoSyncManagerPage.ets:368,未修复,UX视觉布局变更
declare const Button: ButtonInterface,ArkTS,7.0.0(26) Beta1,26.0.0 - 26.0.0(26.0.0),"=HYPERLINK(""https://developer.huawei.com/consumer/cn/doc/harmonyos-releases/changelogs-ux-7001/#ch2026031846233"",""表单类组件触摸热区最小高度变更"")",entry\src\main\ets\pages\ngf\NGFDemoSyncManagerPage.ets:391,未修复,UX视觉布局变更
declare const Button: ButtonInterface,ArkTS,7.0.0(26) Beta1,26.0.0 - 26.0.0(26.0.0),"=HYPERLINK(""https://developer.huawei.com/consumer/cn/doc/harmonyos-releases/changelogs-ux-7001/#ch2026031846233"",""表单类组件触摸热区最小高度变更"")",entry\src\main\ets\pages\ngf\NGFDemoSyncManagerPage.ets:401,未修复,UX视觉布局变更
declare const Button: ButtonInterface,ArkTS,7.0.0(26) Beta1,26.0.0 - 26.0.0(26.0.0),"=HYPERLINK(""https://developer.huawei.com/consumer/cn/doc/harmonyos-releases/changelogs-ux-7001/#ch2026031846233"",""表单类组件触摸热区最小高度变更"")",entry\src\main\ets\pages\ngf\NGFDemoSyncManagerPage.ets:474,未修复,UX视觉布局变更
declare const Button: ButtonInterface,ArkTS,7.0.0(26) Beta1,26.0.0 - 26.0.0(26.0.0),"=HYPERLINK(""https://developer.huawei.com/consumer/cn/doc/harmonyos-releases/changelogs-ux-7001/#ch2026031846233"",""表单类组件触摸热区最小高度变更"")",entry\src\main\ets\pages\ngf\NGFDemoWorkflowPage.ets:169,未修复,UX视觉布局变更
declare const Button: ButtonInterface,ArkTS,7.0.0(26) Beta1,26.0.0 - 26.0.0(26.0.0),"=HYPERLINK(""https://developer.huawei.com/consumer/cn/doc/harmonyos-releases/changelogs-ux-7001/#ch2026031846233"",""表单类组件触摸热区最小高度变更"")",entry\src\main\ets\pages\ngf\NGFDemoWorkflowPage.ets:178,未修复,UX视觉布局变更
declare const Button: ButtonInterface,ArkTS,7.0.0(26) Beta1,26.0.0 - 26.0.0(26.0.0),"=HYPERLINK(""https://developer.huawei.com/consumer/cn/doc/harmonyos-releases/changelogs-ux-7001/#ch2026031846233"",""表单类组件触摸热区最小高度变更"")",entry\src\main\ets\pages\ngf\NGFDemoWorkflowPage.ets:271,未修复,UX视觉布局变更
declare const Button: ButtonInterface,ArkTS,7.0.0(26) Beta1,26.0.0 - 26.0.0(26.0.0),"=HYPERLINK(""https://developer.huawei.com/consumer/cn/doc/harmonyos-releases/changelogs-ux-7001/#ch2026031846233"",""表单类组件触摸热区最小高度变更"")",entry\src\main\ets\pages\ngf\NGFDemoWorkflowPage.ets:280,未修复,UX视觉布局变更
declare const Button: ButtonInterface,ArkTS,7.0.0(26) Beta1,26.0.0 - 26.0.0(26.0.0),"=HYPERLINK(""https://developer.huawei.com/consumer/cn/doc/harmonyos-releases/changelogs-ux-7001/#ch2026031846233"",""表单类组件触摸热区最小高度变更"")",entry\src\main\ets\pages\ngf\NGFDemoWorkflowPage.ets:289,未修复,UX视觉布局变更
declare const Button: ButtonInterface,ArkTS,7.0.0(26) Beta1,26.0.0 - 26.0.0(26.0.0),"=HYPERLINK(""https://developer.huawei.com/consumer/cn/doc/harmonyos-releases/changelogs-ux-7001/#ch2026031846233"",""表单类组件触摸热区最小高度变更"")",entry\src\main\ets\pages\ngf\NGFDemoWorkflowPage.ets:298,未修复,UX视觉布局变更
declare const Button: ButtonInterface,ArkTS,7.0.0(26) Beta1,26.0.0 - 26.0.0(26.0.0),"=HYPERLINK(""https://developer.huawei.com/consumer/cn/doc/harmonyos-releases/changelogs-ux-7001/#ch2026031846233"",""表单类组件触摸热区最小高度变更"")",entry\src\main\ets\pages\ngf\NGFSettingsPage.ets:119,未修复,UX视觉布局变更
declare const Button: ButtonInterface,ArkTS,7.0.0(26) Beta1,26.0.0 - 26.0.0(26.0.0),"=HYPERLINK(""https://developer.huawei.com/consumer/cn/doc/harmonyos-releases/changelogs-ux-7001/#ch2026031846233"",""表单类组件触摸热区最小高度变更"")",entry\src\main\ets\pages\ngf\NGFSettingsPage.ets:129,未修复,UX视觉布局变更
declare const Button: ButtonInterface,ArkTS,7.0.0(26) Beta1,26.0.0 - 26.0.0(26.0.0),"=HYPERLINK(""https://developer.huawei.com/consumer/cn/doc/harmonyos-releases/changelogs-ux-7001/#ch2026031846233"",""表单类组件触摸热区最小高度变更"")",entry\src\main\ets\pages\ngf\NGFSettingsPage.ets:139,未修复,UX视觉布局变更
declare const Button: ButtonInterface,ArkTS,7.0.0(26) Beta1,26.0.0 - 26.0.0(26.0.0),"=HYPERLINK(""https://developer.huawei.com/consumer/cn/doc/harmonyos-releases/changelogs-ux-7001/#ch2026031846233"",""表单类组件触摸热区最小高度变更"")",entry\src\main\ets\pages\ngf\NGFSettingsPage.ets:189,未修复,UX视觉布局变更
declare const Button: ButtonInterface,ArkTS,7.0.0(26) Beta1,26.0.0 - 26.0.0(26.0.0),"=HYPERLINK(""https://developer.huawei.com/consumer/cn/doc/harmonyos-releases/changelogs-ux-7001/#ch2026031846233"",""表单类组件触摸热区最小高度变更"")",entry\src\main\ets\pages\ngf\NGFSettingsPage.ets:199,未修复,UX视觉布局变更
declare const Button: ButtonInterface,ArkTS,7.0.0(26) Beta1,26.0.0 - 26.0.0(26.0.0),"=HYPERLINK(""https://developer.huawei.com/consumer/cn/doc/harmonyos-releases/changelogs-ux-7001/#ch2026031846233"",""表单类组件触摸热区最小高度变更"")",entry\src\main\ets\pages\ngf\NGFSettingsPage.ets:209,未修复,UX视觉布局变更
declare const Button: ButtonInterface,ArkTS,7.0.0(26) Beta1,26.0.0 - 26.0.0(26.0.0),"=HYPERLINK(""https://developer.huawei.com/consumer/cn/doc/harmonyos-releases/changelogs-ux-7001/#ch2026031846233"",""表单类组件触摸热区最小高度变更"")",entry\src\main\ets\pages\ngf\NGFSettingsPage.ets:219,未修复,UX视觉布局变更
declare const Button: ButtonInterface,ArkTS,7.0.0(26) Beta1,26.0.0 - 26.0.0(26.0.0),"=HYPERLINK(""https://developer.huawei.com/consumer/cn/doc/harmonyos-releases/changelogs-ux-7001/#ch2026031846233"",""表单类组件触摸热区最小高度变更"")",entry\src\main\ets\pages\ngf\NGFSettingsPage.ets:69,未修复,UX视觉布局变更
declare const Button: ButtonInterface,ArkTS,7.0.0(26) Beta1,26.0.0 - 26.0.0(26.0.0),"=HYPERLINK(""https://developer.huawei.com/consumer/cn/doc/harmonyos-releases/changelogs-ux-7001/#ch2026031846233"",""表单类组件触摸热区最小高度变更"")",entry\src\main\ets\pages\ngf\NGFSettingsPage.ets:79,未修复,UX视觉布局变更
declare const Button: ButtonInterface,ArkTS,7.0.0(26) Beta1,26.0.0 - 26.0.0(26.0.0),"=HYPERLINK(""https://developer.huawei.com/consumer/cn/doc/harmonyos-releases/changelogs-ux-7001/#ch2026031846233"",""表单类组件触摸热区最小高度变更"")",entry\src\main\ets\pages\ngf\NGFSettingsPage.ets:89,未修复,UX视觉布局变更
declare const Button: ButtonInterface,ArkTS,7.0.0(26) Beta1,26.0.0 - 26.0.0(26.0.0),"=HYPERLINK(""https://developer.huawei.com/consumer/cn/doc/harmonyos-releases/changelogs-ux-7001/#ch2026031846233"",""表单类组件触摸热区最小高度变更"")",entry\src\main\ets\pages\ngf\NGFTaskManagerPage.ets:107,未修复,UX视觉布局变更
declare const Button: ButtonInterface,ArkTS,7.0.0(26) Beta1,26.0.0 - 26.0.0(26.0.0),"=HYPERLINK(""https://developer.huawei.com/consumer/cn/doc/harmonyos-releases/changelogs-ux-7001/#ch2026031846233"",""表单类组件触摸热区最小高度变更"")",entry\src\main\ets\pages\ngf\NGFTaskManagerPage.ets:117,未修复,UX视觉布局变更
declare const Button: ButtonInterface,ArkTS,7.0.0(26) Beta1,26.0.0 - 26.0.0(26.0.0),"=HYPERLINK(""https://developer.huawei.com/consumer/cn/doc/harmonyos-releases/changelogs-ux-7001/#ch2026031846233"",""表单类组件触摸热区最小高度变更"")",entry\src\main\ets\pages\ngf\NGFTaskManagerPage.ets:71,未修复,UX视觉布局变更
declare const Button: ButtonInterface,ArkTS,7.0.0(26) Beta1,26.0.0 - 26.0.0(26.0.0),"=HYPERLINK(""https://developer.huawei.com/consumer/cn/doc/harmonyos-releases/changelogs-ux-7001/#ch2026031846233"",""表单类组件触摸热区最小高度变更"")",entry\src\main\ets\pages\ngf\NGFTaskManagerPage.ets:87,未修复,UX视觉布局变更
declare const Button: ButtonInterface,ArkTS,7.0.0(26) Beta1,26.0.0 - 26.0.0(26.0.0),"=HYPERLINK(""https://developer.huawei.com/consumer/cn/doc/harmonyos-releases/changelogs-ux-7001/#ch2026031846233"",""表单类组件触摸热区最小高度变更"")",entry\src\main\ets\pages\ngf\NGFTaskManagerPage.ets:97,未修复,UX视觉布局变更
declare const Button: ButtonInterface,ArkTS,7.0.0(26) Beta1,26.0.0 - 26.0.0(26.0.0),"=HYPERLINK(""https://developer.huawei.com/consumer/cn/doc/harmonyos-releases/changelogs-ux-7001/#ch2026031846233"",""表单类组件触摸热区最小高度变更"")",entry\src\main\ets\pages\ngf\SystemResourcePreviewPage.ets:164,未修复,UX视觉布局变更
declare const Button: ButtonInterface,ArkTS,7.0.0(26) Beta1,26.0.0 - 26.0.0(26.0.0),"=HYPERLINK(""https://developer.huawei.com/consumer/cn/doc/harmonyos-releases/changelogs-ux-7001/#ch2026031846233"",""表单类组件触摸热区最小高度变更"")",entry\src\main\ets\pages\ngf\SystemResourcePreviewPage.ets:273,未修复,UX视觉布局变更
declare const Button: ButtonInterface,ArkTS,7.0.0(26) Beta1,26.0.0 - 26.0.0(26.0.0),"=HYPERLINK(""https://developer.huawei.com/consumer/cn/doc/harmonyos-releases/changelogs-ux-7001/#ch2026031846233"",""表单类组件触摸热区最小高度变更"")",entry\src\main\ets\pages\ngf\SystemResourcePreviewPage.ets:324,未修复,UX视觉布局变更
declare const Button: ButtonInterface,ArkTS,7.0.0(26) Beta1,26.0.0 - 26.0.0(26.0.0),"=HYPERLINK(""https://developer.huawei.com/consumer/cn/doc/harmonyos-releases/changelogs-ux-7001/#ch2026031846233"",""表单类组件触摸热区最小高度变更"")",entry\src\main\ets\widget\pages\WidgetCard.ets:55,未修复,UX视觉布局变更
declare const Button: ButtonInterface,ArkTS,7.0.0(26) Beta1,26.0.0 - 26.0.0(26.0.0),"=HYPERLINK(""https://developer.huawei.com/consumer/cn/doc/harmonyos-releases/changelogs-ux-7001/#ch2026031846233"",""表单类组件触摸热区最小高度变更"")",entry\src\main\ets\widget\pages\WidgetCard.ets:69,未修复,UX视觉布局变更
declare const Button: ButtonInterface,ArkTS,7.0.0(26) Beta1,26.0.0 - 26.0.0(26.0.0),"=HYPERLINK(""https://developer.huawei.com/consumer/cn/doc/harmonyos-releases/changelogs-ux-7001/#ch2026031846233"",""表单类组件触摸热区最小高度变更"")",ngf_framework\src\main\ets\contentWorkflow\components\NGFWorkflowVisualizer.ets:32,未修复,UX视觉布局变更
declare const Button: ButtonInterface,ArkTS,7.0.0(26) Beta1,26.0.0 - 26.0.0(26.0.0),"=HYPERLINK(""https://developer.huawei.com/consumer/cn/doc/harmonyos-releases/changelogs-ux-7001/#ch2026031846233"",""表单类组件触摸热区最小高度变更"")",ngf_framework\src\main\ets\uiShell\components\NGFPageTemplates.ets:269,未修复,UX视觉布局变更
